id,valorPropiedad,direccionPropiedad,descripcion,fecha_inicio,fecha_fin,numeroHabitaciones,area,baños,estrato,barrio,estado,tipo_propiedad
49bca4cd-185f-4f55-a248-25f5813063d2,749647653.46,"Cl. 1ª # 78-4 Sur Etapa 4 apartamento 4 059600 Gómez Plata, Antioquia","Se vende Apartamento de 1 habitaciones, con un área de 230.22 m², ubicada en el barrio Sabaneta, estrato 2. Ideal para familias o inversión.",2026-01-16 10:31:09.340521,2026-04-27 10:31:09.340521,1,230.22,5,2,Sabaneta,Disponible,Apartamento
2dfe1158-1e66-49aa-b04d-418d5ba19243,530087523.7,"Cl. 55 # 8X-9 Casa 74 053511 Arboletes, Antioquia","Se vende Oficina de 4 habitaciones, con un área de 38.58 m², ubicada en el barrio Sabaneta, estrato 1. Ideal para familias o inversión.",2025-12-10 19:07:07.239863,2026-05-08 19:07:07.239863,4,38.58,1,1,Sabaneta,En construcción,Oficina
5b60c71b-54b1-4098-8688-63ae20b2b5ce,770866998.77,"Av. Chocontá # 8M-64 Apto. 999 521034 Tangua, Nariño","Se vende Casa de 5 habitaciones, con un área de 143.27 m², ubicada en el barrio Belen, estrato 4. Ideal para familias o inversión.",2026-09-17 04:35:38.522671,2026-10-20 04:35:38.522671,5,143.27,2,4,Belen,Reservado,Casa
c63b725e-cf22-492f-b28b-edf781be9735,410930935.61,"Diagonal 103Y # 6Z-7 Sur 236483 Ayapel, Córdoba","Se vende Finca de 3 habitaciones, con un área de 71.98 m², ubicada en el barrio Laureles, estrato 3. Ideal para familias o inversión.",2025-07-03 18:13:50.103064,2025-09-18 18:13:50.103064,3,71.98,3,3,Laureles,Alquilado,Finca
77990338-9231-4ed3-a83b-fbe6b1a04b3e,168584854.71,"Carrera 153 # 28E-17 Torre 8 apartamento 722 448849 Dibulla, La Guajira","Se vende Oficina de 3 habitaciones, con un área de 247.92 m², ubicada en el barrio La Estrella, estrato 6. Ideal para familias o inversión.",2024-11-23 16:46:56.681738,2025-09-23 16:46:56.681738,3,247.92,4,6,La Estrella,Disponible,Oficina
af3f8faa-5b85-44a6-97ae-2fd6f98a78ed,232674160.74,"Cr. 5K Sur # 17-5 Este 178018 Manzanares, Caldas","Se vende Oficina de 3 habitaciones, con un área de 253.94 m², ubicada en el barrio Itagui, estrato 5. Ideal para familias o inversión.",2025-01-25 23:56:10.329129,2025-12-16 23:56:10.329129,3,253.94,1,5,Itagui,Disponible,Oficina
965d615b-3921-4347-b34a-f137b0a5c0f3,314074922.95,"Carrera 6D # 4Z-14 762880 Trujillo, Valle del Cauca","Se vende Casa de 3 habitaciones, con un área de 296.01 m², ubicada en el barrio Laureles, estrato 2. Ideal para familias o inversión.",2026-04-15 22:45:03.914931,2026-11-25 22:45:03.914931,3,296.01,3,2,Laureles,Vendido,Casa
5d37d119-9356-4c4c-918f-238f8b661502,653229373.79,"Cr. 48 Este # 86-95 Sur Apto. 8 137824 El Carmen de Bolívar, Bolívar","Se vende Finca de 3 habitaciones, con un área de 86.57 m², ubicada en el barrio Laureles, estrato 3. Ideal para familias o inversión.",2026-07-09 17:14:18.255095,2027-06-15 17:14:18.255095,3,86.57,5,3,Laureles,Vendido,Finca
4ceaa818-c277-44fb-80c0-212b8b1d3a13,850709324.18,"Calle 6ª # 4-5 Este Apto. 6 250103 Anapoima, Cundinamarca","Se vende Casa de 4 habitaciones, con un área de 132.45 m², ubicada en el barrio Sabaneta, estrato 6. Ideal para familias o inversión.",2025-01-02 17:46:58.927814,2025-07-17 17:46:58.927814,4,132.45,1,6,Sabaneta,Vendido,Casa
a612fca8-d00e-4444-98b2-af149c591dfe,882549245.15,"Cl. 17N # 71-60 946311 Cacahual, Guainía","Se vende Apartamento de 3 habitaciones, con un área de 138.31 m², ubicada en el barrio Sabaneta, estrato 1. Ideal para familias o inversión.",2025-09-25 22:26:58.400528,2026-08-11 22:26:58.400528,3,138.31,3,1,Sabaneta,Vendido,Apartamento
33a003da-aaad-491c-9424-dc2c019615fe,301636158.17,"Tr. 1ª # 73Y-82 Sur Bodega 327 191781 Puracé, Cauca","Se vende Local Comercial de 4 habitaciones, con un área de 268.86 m², ubicada en el barrio La Estrella, estrato 6. Ideal para familias o inversión.",2025-04-05 23:43:08.568501,2025-07-17 23:43:08.568501,4,268.86,2,6,La Estrella,En construcción,Local Comercial
f62762e8-011f-46ed-8e2f-38e68a72703f,258354721.2,"Cl. 90 # 6-1 634687 Calarcá, Quindío","Se vende Oficina de 3 habitaciones, con un área de 231.69 m², ubicada en el barrio Caldas, estrato 4. Ideal para familias o inversión.",2025-03-11 11:42:38.183083,2025-10-12 11:42:38.183083,3,231.69,2,4,Caldas,En construcción,Oficina
6c919f32-c801-41aa-9800-797449e00578,201982901.64,"Transversal 193 # 20-7 Este Casa 1 761913 La Victoria, Valle del Cauca","Se vende Local Comercial de 1 habitaciones, con un área de 234.06 m², ubicada en el barrio Envigado, estrato 1. Ideal para familias o inversión.",2025-12-07 01:55:00.250914,2026-11-23 01:55:00.250914,1,234.06,4,1,Envigado,En construcción,Local Comercial
339a9fce-f991-4e2d-bef0-0d70fbcfd0ec,867740717.12,"Cr. 11 # 29-2 Este 856247 Tauramena, Casanare","Se vende Apartamento de 4 habitaciones, con un área de 133.04 m², ubicada en el barrio Belen, estrato 4. Ideal para familias o inversión.",2025-12-06 17:03:28.687358,2026-10-15 17:03:28.687358,4,133.04,1,4,Belen,Disponible,Apartamento
337d10dd-f701-4a14-9ef1-e3428a77f614,463026988.14,"Avenida calle 149 # 98Z-50 Este Casa 6 255427 Simijaca, Cundinamarca","Se vende Oficina de 3 habitaciones, con un área de 237.52 m², ubicada en el barrio Laureles, estrato 3. Ideal para familias o inversión.",2025-03-11 01:18:52.718945,2025-09-07 01:18:52.718945,3,237.52,4,3,Laureles,Disponible,Oficina
497be2f2-cade-41c3-bbf5-4eaecbe6b3c7,333522551.88,"Transversal 101 # 14-60 Etapa 2 apartamento 24 155348 Samacá, Boyacá","Se vende Finca de 5 habitaciones, con un área de 235.73 m², ubicada en el barrio Laureles, estrato 5. Ideal para familias o inversión.",2024-12-21 00:25:27.788393,2025-12-06 00:25:27.788393,5,235.73,5,5,Laureles,En construcción,Finca
7629fb8f-4f72-4f86-9cc6-5e01ba2b234e,357948254.15,"Cl. 9ª # 3-1 Sur Casa 88 251128 San Cayetano, Cundinamarca","Se vende Casa de 2 habitaciones, con un área de 130.96 m², ubicada en el barrio Poblado, estrato 2. Ideal para familias o inversión.",2026-01-14 17:57:41.299136,2026-12-16 17:57:41.299136,2,130.96,1,2,Poblado,Disponible,Casa
f9ee09cf-ea25-4cce-9161-de5522f64520,745312215.1,"Av. calle 33 # 12Z-36 Este 058692 Puerto Triunfo, Antioquia","Se vende Finca de 3 habitaciones, con un área de 94.65 m², ubicada en el barrio Laureles, estrato 2. Ideal para familias o inversión.",2025-06-29 17:17:27.202364,2025-09-10 17:17:27.202364,3,94.65,1,2,Laureles,En construcción,Finca
9cf133e7-485a-4d40-bd21-30bb7b8ca611,551290098.05,"Cr. 43 # 4-7 Sur 663375 Santa Rosa de Cabal, Risaralda","Se vende Casa de 2 habitaciones, con un área de 208.13 m², ubicada en el barrio Envigado, estrato 5. Ideal para familias o inversión.",2026-08-12 16:03:47.022583,2027-01-24 16:03:47.022583,2,208.13,5,5,Envigado,Reservado,Casa
632e6d49-3807-4e03-bda9-15b8b35c9823,429042685.0,"Carrera 6ª # 95-26 Sur Etapa 6 apartamento 980 084294 Santa Lucía, Atlántico","Se vende Casa de 5 habitaciones, con un área de 233.92 m², ubicada en el barrio Sabaneta, estrato 6. Ideal para familias o inversión.",2025-04-27 20:43:50.490990,2025-11-02 20:43:50.490990,5,233.92,3,6,Sabaneta,Reservado,Casa
b7c2ae3b-cb3d-4bc0-9ff6-17c2a6db3c6d,69982547.01,"Diagonal 94 # 6-76 Este 196159 Puracé, Cauca","Se vende Oficina de 4 habitaciones, con un área de 62.67 m², ubicada en el barrio Laureles, estrato 2. Ideal para familias o inversión.",2026-07-25 10:04:50.774458,2027-02-13 10:04:50.774458,4,62.67,5,2,Laureles,Vendido,Oficina
a0145bdd-6eff-4d83-a24f-62ae7f9cf187,114030311.7,"Cr. 173K Bis O # 22-5 Este Torre 7 apartamento 76 154436 Paipa, Boyacá","Se vende Oficina de 2 habitaciones, con un área de 31.94 m², ubicada en el barrio Poblado, estrato 6. Ideal para familias o inversión.",2025-05-10 07:40:50.346276,2025-10-04 07:40:50.346276,2,31.94,1,6,Poblado,Alquilado,Oficina
f4a81074-08de-4760-80a3-0ef5f0096643,562272234.83,Cr. 7O # 7S-83 Sur Apto. 43 500037 Villavicencio,"Se vende Apartamento de 5 habitaciones, con un área de 94.26 m², ubicada en el barrio La Estrella, estrato 6. Ideal para familias o inversión.",2026-02-03 06:45:44.509728,2026-06-22 06:45:44.509728,5,94.26,5,6,La Estrella,En construcción,Apartamento
e459b367-bdf9-4086-8b9e-5872c43770ad,142084273.52,"Diagonal 188 # 97-7 Este 050831 Anzá, Antioquia","Se vende Local Comercial de 2 habitaciones, con un área de 241.85 m², ubicada en el barrio Sabaneta, estrato 4. Ideal para familias o inversión.",2025-04-02 13:48:49.095769,2025-06-19 13:48:49.095769,2,241.85,4,4,Sabaneta,Alquilado,Local Comercial
28163ff2-a35f-4af0-ae30-105465a8100a,984956950.8,"Cl. 158K # 3-4 Sur 173471 La Dorada, Caldas","Se vende Local Comercial de 4 habitaciones, con un área de 156.1 m², ubicada en el barrio Poblado, estrato 6. Ideal para familias o inversión.",2025-08-28 01:56:20.270222,2026-08-27 01:56:20.270222,4,156.1,1,6,Poblado,Disponible,Local Comercial
541b63e2-74da-46a9-b455-d26c4630f63f,230698463.02,"Av. carrera 1ª # 7Y-89 Apto. 756 233669 Lorica, Córdoba","Se vende Local Comercial de 3 habitaciones, con un área de 246.16 m², ubicada en el barrio Sabaneta, estrato 1. Ideal para familias o inversión.",2026-02-25 06:23:26.047941,2026-07-03 06:23:26.047941,3,246.16,4,1,Sabaneta,Vendido,Local Comercial
0d5f16b8-5ce6-4ac5-a6da-c966b44e03e4,817621132.5,"Cr. 36 # 9E-1 Sur 416706 Campoalegre, Huila","Se vende Local Comercial de 2 habitaciones, con un área de 105.21 m², ubicada en el barrio Laureles, estrato 2. Ideal para familias o inversión.",2026-08-26 00:05:23.199700,2027-05-09 00:05:23.199700,2,105.21,5,2,Laureles,Disponible,Local Comercial
bb07a726-6d4c-476b-8365-bf361944edc4,436093355.05,"Cl. 164 # 26-84 Apto. 72 054653 Guatapé, Antioquia","Se vende Apartamento de 5 habitaciones, con un área de 255.73 m², ubicada en el barrio Sabaneta, estrato 1. Ideal para familias o inversión.",2025-12-12 17:10:32.121594,2026-04-06 17:10:32.121594,5,255.73,4,1,Sabaneta,Vendido,Apartamento
eccd6de7-34b0-40a4-8104-eed5392ec20b,930192169.88,"Calle 41 # 64-3 Este Local 4 053309 Sopetrán, Antioquia","Se vende Local Comercial de 1 habitaciones, con un área de 74.45 m², ubicada en el barrio Caldas, estrato 1. Ideal para familias o inversión.",2026-04-06 11:55:45.729173,2026-09-18 11:55:45.729173,1,74.45,4,1,Caldas,Alquilado,Local Comercial
5fe134f9-4e77-491d-981f-0c3011a06191,331872434.22,"Av. carrera 4ª # 4-2 Este Casa 5 154966 Guacamayas, Boyacá","Se vende Local Comercial de 5 habitaciones, con un área de 208.71 m², ubicada en el barrio Envigado, estrato 4. Ideal para familias o inversión.",2025-12-23 22:22:01.702755,2026-04-29 22:22:01.702755,5,208.71,1,4,Envigado,En construcción,Local Comercial
db61ec38-57ca-4fd2-802e-4b7e8754df55,502949091.25,"Cl. 172 # 58-9 Sur 150671 Maripí, Boyacá","Se vende Oficina de 1 habitaciones, con un área de 231.95 m², ubicada en el barrio Poblado, estrato 1. Ideal para familias o inversión.",2026-04-23 15:09:34.702904,2027-03-18 15:09:34.702904,1,231.95,5,1,Poblado,Vendido,Oficina
289d2b96-59eb-4f7b-aafc-365d047a3ded,114562820.21,"Carrera 35 # 55-6 Sur Local 47 257996 Susa, Cundinamarca","Se vende Apartamento de 5 habitaciones, con un área de 51.63 m², ubicada en el barrio Laureles, estrato 2. Ideal para familias o inversión.",2025-09-10 22:20:21.769589,2026-08-10 22:20:21.769589,5,51.63,2,2,Laureles,Reservado,Apartamento
8266ab42-1943-4331-8a86-0d4cc9f139a3,127884235.22,"Cr. 170P # 4-7 Este Apartamento 9 256783 Vergara, Cundinamarca","Se vende Apartamento de 5 habitaciones, con un área de 96.48 m², ubicada en el barrio Poblado, estrato 5. Ideal para familias o inversión.",2026-07-11 09:44:34.393511,2027-06-23 09:44:34.393511,5,96.48,5,5,Poblado,En construcción,Apartamento
b60dc24e-e714-4d39-9590-4d4a15b470f4,302333786.9,"Calle 91 # 42W-83 Sur 524443 Olaya Herrera, Nariño","Se vende Oficina de 3 habitaciones, con un área de 282.37 m², ubicada en el barrio Itagui, estrato 2. Ideal para familias o inversión.",2025-04-02 01:54:17.647791,2025-09-01 01:54:17.647791,3,282.37,2,2,Itagui,Alquilado,Oficina
b4dc5f8c-ee4f-4c6a-8c4b-880f845c2a68,640101292.72,"Calle 5ª # 22-17 Este 860824 Colón, Putumayo","Se vende Local Comercial de 3 habitaciones, con un área de 280.83 m², ubicada en el barrio Poblado, estrato 1. Ideal para familias o inversión.",2026-03-19 15:28:19.178106,2026-12-08 15:28:19.178106,3,280.83,5,1,Poblado,Disponible,Local Comercial
489c576f-4107-4f0a-91eb-4673b2cc76e5,886820965.0,"Carrera 102 # 5-2 737116 Icononzo, Tolima","Se vende Apartamento de 5 habitaciones, con un área de 87.55 m², ubicada en el barrio Envigado, estrato 3. Ideal para familias o inversión.",2025-05-02 01:17:46.161769,2025-11-26 01:17:46.161769,5,87.55,2,3,Envigado,Alquilado,Apartamento
2b0fde71-69f7-4d3a-a588-15e409d1c1b7,984660644.74,"Cr. 4Y # 34-41 684990 Betulia, Santander","Se vende Finca de 2 habitaciones, con un área de 148.31 m², ubicada en el barrio Belen, estrato 5. Ideal para familias o inversión.",2024-12-31 21:01:53.354989,2025-12-09 21:01:53.354989,2,148.31,5,5,Belen,Disponible,Finca
6bbad6fb-9e02-4f4b-957e-3730e4d9000e,159657236.9,"Cl. 5ª # 79-23 Este Apartamento 794 173447 Anserma, Caldas","Se vende Oficina de 3 habitaciones, con un área de 281.57 m², ubicada en el barrio Envigado, estrato 1. Ideal para familias o inversión.",2025-11-13 13:39:31.135489,2026-04-27 13:39:31.135489,3,281.57,1,1,Envigado,En construcción,Oficina
14aab6ce-9cc2-4b22-a520-74663208925a,703122272.36,"Cr. 56 # 87-2 Este 159947 Tipacoque, Boyacá","Se vende Casa de 3 habitaciones, con un área de 106.07 m², ubicada en el barrio Itagui, estrato 2. Ideal para familias o inversión.",2025-03-19 13:38:48.944700,2025-07-31 13:38:48.944700,3,106.07,3,2,Itagui,En construcción,Casa
40175d74-f4fa-4385-b44b-187e3982a4e3,452396983.94,"Cr. 8F # 57-3 Este Local 5 689904 Guavatá, Santander","Se vende Local Comercial de 3 habitaciones, con un área de 274.44 m², ubicada en el barrio Laureles, estrato 1. Ideal para familias o inversión.",2024-11-04 11:12:56.486470,2025-10-24 11:12:56.486470,3,274.44,3,1,Laureles,Disponible,Local Comercial
49c42366-212c-43e9-83ae-2b4ffaec8891,754169362.93,"Transversal 18 # 55-6 Apto. 865 762567 Andalucía, Valle del Cauca","Se vende Apartamento de 3 habitaciones, con un área de 238.2 m², ubicada en el barrio Belen, estrato 6. Ideal para familias o inversión.",2025-08-20 18:07:18.927105,2025-12-10 18:07:18.927105,3,238.2,5,6,Belen,Reservado,Apartamento
8e18fdd3-8d7d-420d-8fc3-2d40ed8f4f50,84226731.16,"Cr. 94G # 5-8 Este Apartamento 96 638597 Montenegro, Quindío","Se vende Oficina de 1 habitaciones, con un área de 60.21 m², ubicada en el barrio Envigado, estrato 6. Ideal para familias o inversión.",2026-09-15 01:12:30.590261,2027-07-21 01:12:30.590261,1,60.21,3,6,Envigado,En construcción,Oficina
1cffca2d-9852-476c-a1ab-475846abf3b8,904032414.31,"Cr. 184 # 87-4 Sur Torre 3 apartamento 51 051712 Ituango, Antioquia","Se vende Oficina de 2 habitaciones, con un área de 146.04 m², ubicada en el barrio Belen, estrato 1. Ideal para familias o inversión.",2025-09-25 10:07:48.424873,2026-04-29 10:07:48.424873,2,146.04,1,1,Belen,Alquilado,Oficina
fb8ae1c3-8165-46da-be2e-c7ca348c103e,762003730.59,"Diagonal 172S # 67-6 Este 548404 Cáchira, Norte de Santander","Se vende Casa de 2 habitaciones, con un área de 210.07 m², ubicada en el barrio Caldas, estrato 3. Ideal para familias o inversión.",2025-11-13 00:54:36.994273,2026-10-26 00:54:36.994273,2,210.07,2,3,Caldas,Vendido,Casa
6a5e9357-617f-4f6c-930c-e4a71da0c701,812123381.99,"Cr. 3Z Bis M # 30-9 Este 523605 Santacruz, Nariño","Se vende Casa de 4 habitaciones, con un área de 36.69 m², ubicada en el barrio Itagui, estrato 6. Ideal para familias o inversión.",2026-04-16 14:42:47.378534,2026-12-12 14:42:47.378534,4,36.69,2,6,Itagui,Alquilado,Casa
484867ab-8f0f-48f7-a4d2-b1d359057bb6,239594188.52,"Cr. 61 # 6R-86 Este 152174 Buenavista, Boyacá","Se vende Casa de 1 habitaciones, con un área de 133.29 m², ubicada en el barrio La Estrella, estrato 1. Ideal para familias o inversión.",2025-06-05 20:46:02.450720,2025-10-26 20:46:02.450720,1,133.29,4,1,La Estrella,Alquilado,Casa
a41e841d-eb66-454d-9a79-788606f244b2,361848853.64,"Cr. 5ª # 3-46 Este Torre 5 apartamento 41 087240 Sabanagrande, Atlántico","Se vende Finca de 2 habitaciones, con un área de 90.19 m², ubicada en el barrio Sabaneta, estrato 6. Ideal para familias o inversión.",2024-11-01 13:45:40.832431,2025-06-23 13:45:40.832431,2,90.19,1,6,Sabaneta,Alquilado,Finca
6d7f9910-e0d2-4519-a310-7aeae624dc14,159574664.26,"Carrera 84 # 8-50 Este 199379 Caldono, Cauca","Se vende Finca de 5 habitaciones, con un área de 137.91 m², ubicada en el barrio Itagui, estrato 5. Ideal para familias o inversión.",2025-08-03 08:17:20.521521,2025-09-16 08:17:20.521521,5,137.91,3,5,Itagui,Vendido,Finca
a540d978-ca9f-4846-9fde-0ce23ee3292e,742117807.62,"Carrera 59 # 50J-16 Este 133671 Altos del Rosario, Bolívar","Se vende Oficina de 3 habitaciones, con un área de 40.33 m², ubicada en el barrio Caldas, estrato 5. Ideal para familias o inversión.",2025-11-09 15:05:30.252798,2026-06-03 15:05:30.252798,3,40.33,3,5,Caldas,Reservado,Oficina
53928794-5f01-4687-92c0-d6c743a28e24,92167207.03,"Av. Jaimes # 1-67 Este Bodega 53 059421 Santa Bárbara, Antioquia","Se vende Oficina de 5 habitaciones, con un área de 61.22 m², ubicada en el barrio Sabaneta, estrato 5. Ideal para familias o inversión.",2026-06-30 06:20:30.982679,2026-12-07 06:20:30.982679,5,61.22,4,5,Sabaneta,Disponible,Oficina
548b2337-be17-43cd-8bdd-96a3c5658cff,459732529.64,Av. calle 3ª # 5-67 Local 7 418588 Neiva,"Se vende Oficina de 5 habitaciones, con un área de 215.45 m², ubicada en el barrio Sabaneta, estrato 6. Ideal para familias o inversión.",2025-01-10 08:14:39.364989,2025-08-14 08:14:39.364989,5,215.45,3,6,Sabaneta,En construcción,Oficina
0f1317e9-13e0-4f7e-b241-e43a916d4700,359873759.61,"Carrera 79 Bis # 2L-4 Sur 131604 Arroyohondo, Bolívar","Se vende Finca de 1 habitaciones, con un área de 224.33 m², ubicada en el barrio Belen, estrato 3. Ideal para familias o inversión.",2025-09-13 10:57:23.997076,2026-05-10 10:57:23.997076,1,224.33,3,3,Belen,En construcción,Finca
3c761baa-3783-4c1f-b7ed-01069c4732d4,590649992.12,"Cl. 38 # 9-75 Este Torre 2 apartamento 86 470047 Pijiño del Carmen, Magdalena","Se vende Casa de 2 habitaciones, con un área de 143.52 m², ubicada en el barrio Envigado, estrato 4. Ideal para familias o inversión.",2024-10-24 15:06:56.524773,2025-10-04 15:06:56.524773,2,143.52,4,4,Envigado,En construcción,Casa
9d8bf8ef-5d71-406b-a2e8-1e5ae9c177c1,469696716.0,"Av. carrera 25 # 18L-75 Sur Oficina 294 155377 Viracachá, Boyacá","Se vende Apartamento de 3 habitaciones, con un área de 107.47 m², ubicada en el barrio Itagui, estrato 4. Ideal para familias o inversión.",2026-04-01 13:29:58.679858,2026-12-25 13:29:58.679858,3,107.47,2,4,Itagui,En construcción,Apartamento
f94a19ef-a06a-4314-81ae-e38be4b747cc,827502291.31,"Diagonal 48 # 63-3 Este Bodega 2 155329 Monguí, Boyacá","Se vende Local Comercial de 2 habitaciones, con un área de 207.89 m², ubicada en el barrio Itagui, estrato 3. Ideal para familias o inversión.",2025-02-22 00:01:41.373314,2025-05-10 00:01:41.373314,2,207.89,2,3,Itagui,Alquilado,Local Comercial
1238e448-172b-4bcb-a464-17d429517fe0,630710274.41,"Cl. 124K Sur # 7-9 Casa 92 150205 Soracá, Boyacá","Se vende Casa de 2 habitaciones, con un área de 69.79 m², ubicada en el barrio Sabaneta, estrato 1. Ideal para familias o inversión.",2024-10-08 10:06:25.498939,2025-07-08 10:06:25.498939,2,69.79,1,1,Sabaneta,Reservado,Casa
81719671-17ed-4e3a-b714-25207d0ebd5b,429670219.73,"Tr. 107 # 2N-8 Este Bodega 68 739084 Flandes, Tolima","Se vende Local Comercial de 5 habitaciones, con un área de 82.5 m², ubicada en el barrio Caldas, estrato 6. Ideal para familias o inversión.",2026-04-04 01:02:28.457230,2027-01-12 01:02:28.457230,5,82.5,2,6,Caldas,Disponible,Local Comercial
78e51a82-02e2-4610-9b45-d4829b2e1baf,579535504.33,"Cl. 184T # 79-2 Este Apto. 6 134998 Achí, Bolívar","Se vende Apartamento de 4 habitaciones, con un área de 89.09 m², ubicada en el barrio La Estrella, estrato 6. Ideal para familias o inversión.",2026-08-01 20:50:01.806741,2026-09-25 20:50:01.806741,4,89.09,1,6,La Estrella,Reservado,Apartamento
a6e901cf-6c09-4e42-a751-52e37c1b0c57,632019706.62,"Cr. 152 # 27-21 236615 Momil, Córdoba","Se vende Casa de 4 habitaciones, con un área de 210.25 m², ubicada en el barrio Itagui, estrato 5. Ideal para familias o inversión.",2024-12-28 22:14:53.356722,2025-09-10 22:14:53.356722,4,210.25,5,5,Itagui,Reservado,Casa
6cb6fe68-fd4a-4d3f-aa0f-e80e02d7ea1d,296231971.04,"Avenida carrera 104 # 95-41 521656 Ricaurte, Nariño","Se vende Oficina de 4 habitaciones, con un área de 272.25 m², ubicada en el barrio La Estrella, estrato 6. Ideal para familias o inversión.",2025-08-17 19:50:50.561073,2026-05-04 19:50:50.561073,4,272.25,2,6,La Estrella,Alquilado,Oficina
5b20db15-77e3-45bd-9cfb-b9c39c0e0b9d,727867619.48,"Carrera 14T # 5-6 Sur Apto. 619 256899 Albán, Cundinamarca","Se vende Oficina de 4 habitaciones, con un área de 199.22 m², ubicada en el barrio La Estrella, estrato 3. Ideal para familias o inversión.",2026-01-29 01:58:52.270026,2026-04-08 01:58:52.270026,4,199.22,2,3,La Estrella,Alquilado,Oficina
4cb3c51d-084f-4c42-84ad-11fb934612ed,269698405.74,"Calle 145 # 29-19 Oficina 2 158366 Somondoco, Boyacá","Se vende Finca de 3 habitaciones, con un área de 271.12 m², ubicada en el barrio Envigado, estrato 1. Ideal para familias o inversión.",2024-10-10 19:26:21.568566,2025-01-25 19:26:21.568566,3,271.12,2,1,Envigado,Vendido,Finca
ba72fd3c-c931-460f-a6c8-84e81930a953,109152425.05,"Carrera 84 # 14-4 Sur 056438 Santa Rosa de Osos, Antioquia","Se vende Apartamento de 4 habitaciones, con un área de 140.05 m², ubicada en el barrio La Estrella, estrato 5. Ideal para familias o inversión.",2025-01-29 08:01:49.133595,2025-09-28 08:01:49.133595,4,140.05,4,5,La Estrella,Reservado,Apartamento
318d3c3a-fad8-4c41-ac6b-b09f6822b264,55601279.4,"Carrera 126 # 93-9 Este 054510 Turbo, Antioquia","Se vende Oficina de 1 habitaciones, con un área de 261.32 m², ubicada en el barrio Caldas, estrato 5. Ideal para familias o inversión.",2026-09-25 11:13:27.491971,2027-06-26 11:13:27.491971,1,261.32,3,5,Caldas,Alquilado,Oficina
9eb8ed5c-1866-423f-bfcb-0be825065374,258450552.89,"Carrera 160D # 69F-27 Sur 089696 Usiacurí, Atlántico","Se vende Local Comercial de 4 habitaciones, con un área de 175.32 m², ubicada en el barrio Sabaneta, estrato 6. Ideal para familias o inversión.",2026-05-18 06:18:36.901276,2027-02-21 06:18:36.901276,4,175.32,4,6,Sabaneta,Reservado,Local Comercial
620f7a21-3459-4245-863b-49e98472a7a0,848480379.91,"Calle 6 Este # 4-22 253521 Guataquí, Cundinamarca","Se vende Apartamento de 4 habitaciones, con un área de 120.75 m², ubicada en el barrio Caldas, estrato 6. Ideal para familias o inversión.",2026-06-15 05:29:23.997603,2026-10-07 05:29:23.997603,4,120.75,2,6,Caldas,En construcción,Apartamento
964da8aa-40c6-44ea-869c-0e1ee66740bf,660612165.61,"Dg. 195U # 3U-85 187997 Puerto Rico, Caquetá","Se vende Oficina de 1 habitaciones, con un área de 274.87 m², ubicada en el barrio Poblado, estrato 5. Ideal para familias o inversión.",2025-04-11 07:54:27.212196,2025-06-22 07:54:27.212196,1,274.87,2,5,Poblado,Reservado,Oficina
410c0961-4550-44a2-89cf-9167bc606189,360503514.64,"Dg. 2ª # 88-96 Este 410054 La Argentina, Huila","Se vende Casa de 1 habitaciones, con un área de 100.24 m², ubicada en el barrio Sabaneta, estrato 3. Ideal para familias o inversión.",2025-09-13 21:17:41.675351,2026-06-02 21:17:41.675351,1,100.24,4,3,Sabaneta,Alquilado,Casa
2ee0e72f-90a5-4d3b-b846-b9c685e6525d,99481327.83,"Calle 87W # 39-6 Sur 681518 Simacota, Santander","Se vende Local Comercial de 3 habitaciones, con un área de 255.43 m², ubicada en el barrio Poblado, estrato 4. Ideal para familias o inversión.",2026-07-22 18:28:37.158420,2027-05-24 18:28:37.158420,3,255.43,3,4,Poblado,Vendido,Local Comercial
86ff4c24-071e-4b63-9225-ad07d0c0268e,640268873.76,"Dg. 39 # 3-69 Sur 541864 El Zulia, Norte de Santander","Se vende Apartamento de 1 habitaciones, con un área de 233.64 m², ubicada en el barrio Sabaneta, estrato 2. Ideal para familias o inversión.",2026-08-07 21:13:21.837703,2026-09-16 21:13:21.837703,1,233.64,2,2,Sabaneta,Vendido,Apartamento
fa8d58e6-4cf2-490a-bb14-f2fc67083596,778553193.44,"Carrera 60L # 6-83 545281 Mutiscua, Norte de Santander","Se vende Local Comercial de 1 habitaciones, con un área de 182.27 m², ubicada en el barrio La Estrella, estrato 2. Ideal para familias o inversión.",2026-09-13 05:35:10.442764,2027-02-21 05:35:10.442764,1,182.27,2,2,La Estrella,En construcción,Local Comercial
c80b3900-30b7-435e-a5a2-ee1d66ea11ca,599750495.88,"Calle 39 # 60-46 Sur Casa 21 155929 San Pablo de Borbur, Boyacá","Se vende Oficina de 1 habitaciones, con un área de 240.0 m², ubicada en el barrio Belen, estrato 2. Ideal para familias o inversión.",2025-03-20 20:02:22.224211,2025-06-13 20:02:22.224211,1,240.0,3,2,Belen,En construcción,Oficina
ea32cf3b-89e5-45b7-ad3f-aaf776f8ae36,706083695.14,"Carrera 33N Este # 6B-97 689774 Santa Bárbara, Santander","Se vende Local Comercial de 4 habitaciones, con un área de 284.2 m², ubicada en el barrio Laureles, estrato 2. Ideal para familias o inversión.",2025-12-26 09:03:41.077666,2026-11-24 09:03:41.077666,4,284.2,2,2,Laureles,Disponible,Local Comercial
241aea15-1d21-425f-83ad-210835adb78e,556107983.04,"Transversal 8ª # 1A-76 Este 857826 Chámeza, Casanare","Se vende Finca de 5 habitaciones, con un área de 247.49 m², ubicada en el barrio Poblado, estrato 5. Ideal para familias o inversión.",2026-03-10 00:20:09.650173,2026-10-03 00:20:09.650173,5,247.49,3,5,Poblado,Disponible,Finca
01cd88c8-b643-409a-9979-d12f3b6b7f7e,461847231.26,"Transversal 8ª # 82-17 541522 Durania, Norte de Santander","Se vende Oficina de 3 habitaciones, con un área de 33.42 m², ubicada en el barrio La Estrella, estrato 4. Ideal para familias o inversión.",2025-07-06 12:30:31.881708,2025-09-28 12:30:31.881708,3,33.42,3,4,La Estrella,Reservado,Oficina
d4fa6993-0e69-4430-affe-b45f9f76cb4b,817789257.87,"Cr. 89 # 8-9 233410 Montelíbano, Córdoba","Se vende Casa de 4 habitaciones, con un área de 77.56 m², ubicada en el barrio Belen, estrato 5. Ideal para familias o inversión.",2024-10-20 05:33:45.158220,2025-09-30 05:33:45.158220,4,77.56,5,5,Belen,Reservado,Casa
d483156e-a8ef-4349-8f6c-73db269a8b3f,859127502.02,"Calle 91L # 98-1 Sur 253962 Guachetá, Cundinamarca","Se vende Local Comercial de 4 habitaciones, con un área de 252.95 m², ubicada en el barrio Belen, estrato 5. Ideal para familias o inversión.",2026-01-10 23:31:34.538008,2026-07-24 23:31:34.538008,4,252.95,1,5,Belen,Alquilado,Local Comercial
1b232c9c-fb1d-45c4-9464-2de0fc5ada9f,77264997.88,"Cl. 35 # 8V-8 Este 053195 San Carlos, Antioquia","Se vende Local Comercial de 2 habitaciones, con un área de 232.63 m², ubicada en el barrio Caldas, estrato 5. Ideal para familias o inversión.",2026-07-06 07:13:23.292226,2027-01-24 07:13:23.292226,2,232.63,3,5,Caldas,Vendido,Local Comercial
90c351d2-5754-47ae-8309-8ae74b976d68,886303980.77,"Tr. 1 Bis I # 63-14 Este Apto. 83 153054 San Eduardo, Boyacá","Se vende Local Comercial de 2 habitaciones, con un área de 125.8 m², ubicada en el barrio Itagui, estrato 3. Ideal para familias o inversión.",2025-02-16 12:00:21.349110,2025-08-08 12:00:21.349110,2,125.8,3,3,Itagui,En construcción,Local Comercial
3eb52f07-cace-44f6-9963-124bd7937bbf,514148954.51,"Calle 26 # 92-5 Sur Local 775 157758 Nobsa, Boyacá","Se vende Apartamento de 5 habitaciones, con un área de 285.98 m², ubicada en el barrio Sabaneta, estrato 1. Ideal para familias o inversión.",2025-06-05 19:32:23.400038,2026-01-29 19:32:23.400038,5,285.98,2,1,Sabaneta,Reservado,Apartamento
a0f3e629-6c42-40c0-8985-dc346993d4fd,434181072.24,"Tr. 20 # 96-35 470596 Pijiño del Carmen, Magdalena","Se vende Local Comercial de 4 habitaciones, con un área de 244.09 m², ubicada en el barrio Belen, estrato 1. Ideal para familias o inversión.",2024-12-20 07:05:34.180065,2025-05-12 07:05:34.180065,4,244.09,2,1,Belen,Alquilado,Local Comercial
5197ef60-5def-4ed1-9c2f-2d007e2622f3,996799890.76,"Cr. 6L # 31-9 Sur 685690 Mogotes, Santander","Se vende Oficina de 3 habitaciones, con un área de 157.78 m², ubicada en el barrio Itagui, estrato 5. Ideal para familias o inversión.",2025-01-18 15:32:11.978675,2025-09-22 15:32:11.978675,3,157.78,5,5,Itagui,Alquilado,Oficina
9fc1b5d7-aaa9-4487-8274-ab21a2a40069,735220114.76,"Cl. 147T # 2-82 258144 Viotá, Cundinamarca","Se vende Finca de 4 habitaciones, con un área de 103.15 m², ubicada en el barrio Sabaneta, estrato 3. Ideal para familias o inversión.",2025-07-24 02:32:14.614267,2025-10-23 02:32:14.614267,4,103.15,3,3,Sabaneta,Disponible,Finca
cab177fe-3cd1-4b17-b5b0-56b95aec80e8,738355751.04,"Cl. 42 # 90-65 Sur Apto. 614 682583 Sabana de Torres, Santander","Se vende Oficina de 2 habitaciones, con un área de 81.72 m², ubicada en el barrio La Estrella, estrato 6. Ideal para familias o inversión.",2026-07-24 19:36:17.846514,2027-01-11 19:36:17.846514,2,81.72,5,6,La Estrella,En construcción,Oficina
bdd0f4af-27e8-4c7a-a019-7c98361fc194,220469466.5,"Av. Lorena Ruth Herrera # 3Y-38 Sur 156912 Paz de Río, Boyacá","Se vende Finca de 1 habitaciones, con un área de 254.81 m², ubicada en el barrio Sabaneta, estrato 3. Ideal para familias o inversión.",2026-05-16 09:48:25.859586,2026-12-16 09:48:25.859586,1,254.81,1,3,Sabaneta,En construcción,Finca
d4695bb6-f497-4cdc-954f-09d256178db8,655976172.35,"Avenida Caldas # 5-38 Este Apto. 92 055358 Uramita, Antioquia","Se vende Casa de 3 habitaciones, con un área de 42.29 m², ubicada en el barrio Belen, estrato 1. Ideal para familias o inversión.",2025-10-08 16:21:43.505887,2026-01-10 16:21:43.505887,3,42.29,4,1,Belen,Disponible,Casa
684b7bd5-1d28-4238-ad85-79fab0fd6042,225145486.87,"Dg. 2ª # 5-4 Este Apto. 9 919959 La Victoria, Amazonas","Se vende Apartamento de 5 habitaciones, con un área de 106.77 m², ubicada en el barrio La Estrella, estrato 4. Ideal para familias o inversión.",2025-05-15 13:22:16.298563,2025-12-05 13:22:16.298563,5,106.77,1,4,La Estrella,Alquilado,Apartamento
3b26141b-a81f-4c6a-b789-f2b9856507f6,598170098.65,"Carrera 47 # 6-62 Este 054710 La Ceja, Antioquia","Se vende Local Comercial de 1 habitaciones, con un área de 251.97 m², ubicada en el barrio La Estrella, estrato 4. Ideal para familias o inversión.",2025-08-06 15:47:42.306300,2025-10-12 15:47:42.306300,1,251.97,1,4,La Estrella,Vendido,Local Comercial
c2c147bb-8a87-48c8-a43f-9f16d9c75c89,580169382.89,"Calle 104 # 46T-3 Sur 503714 Puerto Lleras, Meta","Se vende Casa de 5 habitaciones, con un área de 286.26 m², ubicada en el barrio Sabaneta, estrato 1. Ideal para familias o inversión.",2026-09-28 01:56:49.264207,2026-12-27 01:56:49.264207,5,286.26,4,1,Sabaneta,En construcción,Casa
262af711-a219-4e2c-aea4-55cfd10f080a,913079158.74,"Av. carrera 139 # 5-80 Este Torre 3 apartamento 877 411687 Yaguará, Huila","Se vende Oficina de 5 habitaciones, con un área de 90.94 m², ubicada en el barrio Caldas, estrato 5. Ideal para familias o inversión.",2026-08-19 10:28:45.374920,2027-05-06 10:28:45.374920,5,90.94,3,5,Caldas,En construcción,Oficina
4543fd37-2bd7-4003-a9dd-fdc5a5a25ee5,644239278.89,"Carrera 135 # 71-9 Sur 735650 Armero, Tolima","Se vende Local Comercial de 3 habitaciones, con un área de 183.53 m², ubicada en el barrio Laureles, estrato 1. Ideal para familias o inversión.",2026-07-12 21:08:51.836259,2026-11-25 21:08:51.836259,3,183.53,3,1,Laureles,Disponible,Local Comercial
9799092a-e764-42b6-b898-f87fb24fac19,438091694.03,"Carrera 1B # 6-8 Este 258523 Zipacón, Cundinamarca","Se vende Casa de 2 habitaciones, con un área de 76.93 m², ubicada en el barrio Envigado, estrato 1. Ideal para familias o inversión.",2026-04-17 17:33:41.690260,2026-05-18 17:33:41.690260,2,76.93,5,1,Envigado,Reservado,Casa
044fffa6-c9b4-48af-b7f5-92d68561290f,117620772.15,"Carrera 5 Bis W # 60-6 Este 859495 Aguazul, Casanare","Se vende Finca de 1 habitaciones, con un área de 92.5 m², ubicada en el barrio Belen, estrato 6. Ideal para familias o inversión.",2025-09-05 04:05:58.640620,2026-05-25 04:05:58.640620,1,92.5,2,6,Belen,Alquilado,Finca
f5765afd-f593-4583-9caf-2ef0e8545f50,191539931.02,"Cr. 42M # 2-4 Etapa 1 apartamento 89 689728 Bolívar, Santander","Se vende Oficina de 2 habitaciones, con un área de 144.79 m², ubicada en el barrio Sabaneta, estrato 5. Ideal para familias o inversión.",2024-12-25 09:55:50.189932,2025-12-21 09:55:50.189932,2,144.79,3,5,Sabaneta,Vendido,Oficina
3a44dcdb-6d4a-42be-8601-05f2b53b7da8,168135975.27,"Carrera 157R # 35-8 Este 688970 Carcasí, Santander","Se vende Apartamento de 1 habitaciones, con un área de 74.8 m², ubicada en el barrio Belen, estrato 3. Ideal para familias o inversión.",2025-08-24 12:28:19.197820,2026-05-05 12:28:19.197820,1,74.8,3,3,Belen,Reservado,Apartamento
89f2bdb3-1762-44e0-8de9-659ba87b5b0e,87867744.97,"Carrera 158P # 54Z-2 Este 523443 Contadero, Nariño","Se vende Finca de 5 habitaciones, con un área de 175.8 m², ubicada en el barrio Laureles, estrato 4. Ideal para familias o inversión.",2025-06-13 09:54:30.645307,2026-05-15 09:54:30.645307,5,175.8,4,4,Laureles,Alquilado,Finca
08b6d938-6c95-4ba7-bac9-375373bfd4ca,597434635.37,"Cl. 9R Bis # 42-41 521574 Túquerres, Nariño","Se vende Oficina de 3 habitaciones, con un área de 36.98 m², ubicada en el barrio Poblado, estrato 2. Ideal para familias o inversión.",2026-02-12 14:36:43.163774,2026-07-29 14:36:43.163774,3,36.98,2,2,Poblado,Reservado,Oficina
ed6aabf9-90f4-46dc-9c50-fe332f1502c0,823532697.31,"Av. Adriana Betancur Monsalve # 53-6 Sur 881208 Providencia, Archipiélago de San Andrés, Providencia y Santa Catalina","Se vende Oficina de 4 habitaciones, con un área de 277.34 m², ubicada en el barrio Caldas, estrato 2. Ideal para familias o inversión.",2026-02-07 15:36:11.187930,2027-01-28 15:36:11.187930,4,277.34,1,2,Caldas,Reservado,Oficina
f29dfdec-2fa6-428e-9e56-83199fdceeb7,363313480.4,"Avenida Milena Agudelo # 84K-9 Este Torre 9 apartamento 12 136724 San Pablo, Bolívar","Se vende Finca de 4 habitaciones, con un área de 119.99 m², ubicada en el barrio Laureles, estrato 6. Ideal para familias o inversión.",2026-01-21 03:58:04.155626,2026-05-13 03:58:04.155626,4,119.99,4,6,Laureles,Alquilado,Finca
111956d2-b9d2-428c-b403-ce0d7063d9f8,357110096.96,"Cl. 5ª # 33-7 Sur 152742 Sáchica, Boyacá","Se vende Local Comercial de 5 habitaciones, con un área de 39.91 m², ubicada en el barrio Itagui, estrato 1. Ideal para familias o inversión.",2025-10-02 03:25:51.711696,2026-03-10 03:25:51.711696,5,39.91,4,1,Itagui,En construcción,Local Comercial
afb45f1c-ab07-4425-a102-b48572deccce,393690391.19,"Carrera 64 # 1-59 Este 135304 San Estanislao, Bolívar","Se vende Apartamento de 5 habitaciones, con un área de 154.73 m², ubicada en el barrio Sabaneta, estrato 1. Ideal para familias o inversión.",2025-10-17 18:02:55.441401,2026-08-08 18:02:55.441401,5,154.73,4,1,Sabaneta,Reservado,Apartamento
809e0fec-7c7b-48ac-88b5-3e4f822fb284,886804286.49,"Cl. 82 # 6-7 Este 258414 Facatativá, Cundinamarca","Se vende Apartamento de 2 habitaciones, con un área de 102.11 m², ubicada en el barrio Belen, estrato 2. Ideal para familias o inversión.",2025-06-25 23:53:24.800173,2026-03-06 23:53:24.800173,2,102.11,4,2,Belen,Disponible,Apartamento
39165b0b-8a21-4fdd-899a-67660116eaf9,573297056.65,"Calle 9K # 83-2 Este Torre 4 apartamento 281 730883 Ataco, Tolima","Se vende Apartamento de 5 habitaciones, con un área de 245.81 m², ubicada en el barrio Envigado, estrato 6. Ideal para familias o inversión.",2025-11-11 13:18:40.793742,2026-05-19 13:18:40.793742,5,245.81,5,6,Envigado,Reservado,Apartamento
ec983128-849c-446b-be00-bfbd8bc91d67,665324204.34,"Avenida calle 4ª # 70-6 Este 054064 Uramita, Antioquia","Se vende Apartamento de 2 habitaciones, con un área de 297.91 m², ubicada en el barrio La Estrella, estrato 1. Ideal para familias o inversión.",2025-08-27 18:23:03.419843,2025-11-25 18:23:03.419843,2,297.91,2,1,La Estrella,Reservado,Apartamento
435ac5e6-cf3e-4556-bbc3-a6d7033195ec,281544360.77,"Transversal 166 # 9-3 Este Apto. 86 052656 Yondó, Antioquia","Se vende Finca de 5 habitaciones, con un área de 220.46 m², ubicada en el barrio La Estrella, estrato 4. Ideal para familias o inversión.",2024-11-21 22:12:13.427809,2025-08-19 22:12:13.427809,5,220.46,5,4,La Estrella,Vendido,Finca
05dd57f2-5e84-4f60-8d76-db71caa0c221,312435032.68,"Cr. 168 # 4-83 Sur Casa 98 153004 La Capilla, Boyacá","Se vende Local Comercial de 2 habitaciones, con un área de 278.9 m², ubicada en el barrio Envigado, estrato 5. Ideal para familias o inversión.",2026-06-26 18:31:37.049942,2026-08-30 18:31:37.049942,2,278.9,4,5,Envigado,Alquilado,Local Comercial
6b5660ad-992a-429b-9c58-4125f8df50ac,600927214.69,"Carrera 1ª # 7-80 Apto. 19 193119 Piamonte, Cauca","Se vende Oficina de 3 habitaciones, con un área de 251.55 m², ubicada en el barrio Belen, estrato 3. Ideal para familias o inversión.",2025-01-27 15:54:32.444298,2025-12-23 15:54:32.444298,3,251.55,4,3,Belen,Vendido,Oficina
7aa7985a-0384-4c80-8490-4d2dc62e33ac,936209642.93,"Calle 48 # 14-9 Este 059953 Valdivia, Antioquia","Se vende Local Comercial de 5 habitaciones, con un área de 160.77 m², ubicada en el barrio Caldas, estrato 3. Ideal para familias o inversión.",2025-11-04 15:12:19.586204,2026-07-25 15:12:19.586204,5,160.77,2,3,Caldas,Vendido,Local Comercial
225f83a2-9120-4196-abe3-4cc45bb237c1,757469893.99,"Cr. 47 # 3J-8 186624 Solano, Caquetá","Se vende Oficina de 4 habitaciones, con un área de 93.06 m², ubicada en el barrio Poblado, estrato 4. Ideal para familias o inversión.",2026-07-10 23:07:02.025360,2027-01-18 23:07:02.025360,4,93.06,4,4,Poblado,Reservado,Oficina
612d1286-53f0-4d72-be75-496356ea814f,880480855.35,"Avenida carrera 2ª # 13-5 Sur 683517 Bolívar, Santander","Se vende Casa de 4 habitaciones, con un área de 290.5 m², ubicada en el barrio Itagui, estrato 2. Ideal para familias o inversión.",2025-11-21 03:52:33.882447,2026-02-10 03:52:33.882447,4,290.5,4,2,Itagui,Disponible,Casa
0458ad92-a6aa-4f8c-b23e-da9d0c9967f8,971458954.34,"Av. carrera 117 # 49W-7 054033 Puerto Nare, Antioquia","Se vende Oficina de 4 habitaciones, con un área de 34.14 m², ubicada en el barrio Caldas, estrato 2. Ideal para familias o inversión.",2026-02-10 10:53:17.900157,2027-02-10 10:53:17.900157,4,34.14,1,2,Caldas,Reservado,Oficina
865a45ff-e799-4dc3-9bee-97475876da22,859724269.74,"Av. calle 6ª # 4-30 277175 Bahía Solano, Chocó","Se vende Finca de 3 habitaciones, con un área de 198.28 m², ubicada en el barrio Laureles, estrato 4. Ideal para familias o inversión.",2025-11-13 15:11:04.971996,2026-05-30 15:11:04.971996,3,198.28,5,4,Laureles,Reservado,Finca
f7bbc4be-d7d9-4cb5-8666-766ce1fc7000,649602966.01,"Carrera 62X Bis O # 9-8 Etapa 3 apartamento 439 687854 California, Santander","Se vende Finca de 4 habitaciones, con un área de 265.54 m², ubicada en el barrio Laureles, estrato 1. Ideal para familias o inversión.",2025-04-14 20:09:43.484115,2025-09-11 20:09:43.484115,4,265.54,3,1,Laureles,Vendido,Finca
80b06c00-717a-4335-a5f0-b40b34aa00b2,208046547.39,"Calle 4ª # 15-8 Este Apartamento 9 950623 Miraflores, Guaviare","Se vende Apartamento de 4 habitaciones, con un área de 294.15 m², ubicada en el barrio Laureles, estrato 6. Ideal para familias o inversión.",2026-08-07 03:02:07.958292,2027-04-21 03:02:07.958292,4,294.15,3,6,Laureles,Disponible,Apartamento
32279b95-d824-43fa-9733-d935c8472766,459152448.46,"Calle 42 # 9-5 Sur 050862 Arboletes, Antioquia","Se vende Apartamento de 3 habitaciones, con un área de 244.96 m², ubicada en el barrio Itagui, estrato 3. Ideal para familias o inversión.",2025-09-27 17:13:28.004855,2026-05-06 17:13:28.004855,3,244.96,2,3,Itagui,En construcción,Apartamento
2bdf633e-5ff5-4e0c-aec3-6baa6f58d7df,125019933.13,"Cl. 170 # 82-71 Este Apto. 67 544101 Sardinata, Norte de Santander","Se vende Local Comercial de 5 habitaciones, con un área de 214.09 m², ubicada en el barrio Envigado, estrato 2. Ideal para familias o inversión.",2025-04-19 15:00:16.283148,2025-08-16 15:00:16.283148,5,214.09,4,2,Envigado,En construcción,Local Comercial
a4bc63fb-4da3-4c0a-aa27-c8eed784bbbc,656009399.45,Calle 40K # 26-5 Apartamento 44 151489 Tunja,"Se vende Casa de 4 habitaciones, con un área de 276.46 m², ubicada en el barrio Sabaneta, estrato 2. Ideal para familias o inversión.",2026-05-02 07:42:16.328515,2027-01-23 07:42:16.328515,4,276.46,4,2,Sabaneta,Alquilado,Casa
f7d3a54b-1b59-4c2a-83f8-703b123456ab,469643294.42,"Avenida calle 159 # 69-16 Este 540163 Herrán, Norte de Santander","Se vende Apartamento de 4 habitaciones, con un área de 273.33 m², ubicada en el barrio Envigado, estrato 6. Ideal para familias o inversión.",2025-11-22 07:26:24.041125,2026-01-28 07:26:24.041125,4,273.33,3,6,Envigado,En construcción,Apartamento
0972bb48-1cc8-46df-8ad6-34d1584f8a4e,999404887.23,"Cl. 21 # 3-76 Sur Bodega 486 689619 Socorro, Santander","Se vende Finca de 4 habitaciones, con un área de 216.38 m², ubicada en el barrio Belen, estrato 4. Ideal para familias o inversión.",2025-04-24 00:14:01.768207,2025-09-02 00:14:01.768207,4,216.38,4,4,Belen,Disponible,Finca
ceee6d0a-1539-4174-82c5-d68c9de0bcf4,70842617.97,"Carrera 101 Sur # 6-71 Apartamento 551 131267 Simití, Bolívar","Se vende Casa de 4 habitaciones, con un área de 184.42 m², ubicada en el barrio Belen, estrato 5. Ideal para familias o inversión.",2025-06-26 20:01:07.747470,2025-12-24 20:01:07.747470,4,184.42,4,5,Belen,Alquilado,Casa
cade2468-3072-4f88-b7de-cbd2f719c3df,757913546.43,"Calle 72 # 8-24 Sur 542244 Gramalote, Norte de Santander","Se vende Apartamento de 5 habitaciones, con un área de 263.57 m², ubicada en el barrio Poblado, estrato 6. Ideal para familias o inversión.",2025-05-07 12:55:23.634315,2026-04-12 12:55:23.634315,5,263.57,3,6,Poblado,Vendido,Apartamento
21ccd490-0256-450b-89e8-d1bac9be8beb,646835698.5,"Dg. 67 # 39-5 Sur 250659 La Calera, Cundinamarca","Se vende Oficina de 3 habitaciones, con un área de 89.13 m², ubicada en el barrio Belen, estrato 2. Ideal para familias o inversión.",2025-04-08 05:04:28.353347,2025-07-17 05:04:28.353347,3,89.13,1,2,Belen,Alquilado,Oficina
475d5cc1-aa14-4d52-9060-c8546766fcfa,914146421.7,"Diagonal 66 # 4-9 207935 Curumaní, Cesar","Se vende Local Comercial de 1 habitaciones, con un área de 186.48 m², ubicada en el barrio Envigado, estrato 6. Ideal para familias o inversión.",2025-12-20 23:36:21.497605,2026-03-06 23:36:21.497605,1,186.48,3,6,Envigado,Reservado,Local Comercial
9c3d2661-f74c-4b43-a734-41e4935089f6,526705024.15,"Calle 76 # 8-7 Este 057243 Guatapé, Antioquia","Se vende Casa de 2 habitaciones, con un área de 65.68 m², ubicada en el barrio Itagui, estrato 5. Ideal para familias o inversión.",2026-02-16 07:51:15.183102,2026-12-14 07:51:15.183102,2,65.68,3,5,Itagui,Vendido,Casa
7621aacf-c577-4548-a0df-419361398f57,494914819.41,"Cr. 7U # 16K-21 Sur Apartamento 6 685290 Capitanejo, Santander","Se vende Finca de 4 habitaciones, con un área de 291.19 m², ubicada en el barrio Itagui, estrato 3. Ideal para familias o inversión.",2025-10-11 10:05:06.860689,2026-01-07 10:05:06.860689,4,291.19,1,3,Itagui,Vendido,Finca
a0d559a1-1495-4271-804e-9e82d1334bbc,801147870.16,"Tr. 112 # 8-45 Este 850714 Orocué, Casanare","Se vende Casa de 4 habitaciones, con un área de 291.16 m², ubicada en el barrio Itagui, estrato 5. Ideal para familias o inversión.",2025-03-17 12:24:42.918115,2025-06-01 12:24:42.918115,4,291.16,1,5,Itagui,Alquilado,Casa
74e0d0e0-b259-4429-861f-91863a1c53bb,411974224.31,"Cr. 93F # 3-6 Este 730105 Flandes, Tolima","Se vende Oficina de 1 habitaciones, con un área de 152.79 m², ubicada en el barrio Belen, estrato 6. Ideal para familias o inversión.",2025-09-24 02:49:20.502035,2026-08-19 02:49:20.502035,1,152.79,3,6,Belen,Disponible,Oficina
5b3975d5-757a-4b4d-b46f-b9ed6861348c,260298840.07,"Calle 133 # 2-91 Torre 7 apartamento 36 709379 Ovejas, Sucre","Se vende Casa de 4 habitaciones, con un área de 36.76 m², ubicada en el barrio Itagui, estrato 5. Ideal para familias o inversión.",2025-08-13 19:17:56.154864,2026-07-21 19:17:56.154864,4,36.76,1,5,Itagui,Reservado,Casa
a3b318f6-7eb1-4b5c-857f-da48112ab06c,996131006.02,Diagonal 39 # 5W-2 Este 209691 Valledupar,"Se vende Finca de 4 habitaciones, con un área de 61.5 m², ubicada en el barrio Poblado, estrato 1. Ideal para familias o inversión.",2025-06-30 13:18:12.119622,2026-01-01 13:18:12.119622,4,61.5,1,1,Poblado,Disponible,Finca
1448148c-1b61-472f-9e29-ccf787e7f034,448170415.74,"Calle 38 # 57-3 156929 Labranzagrande, Boyacá","Se vende Casa de 5 habitaciones, con un área de 66.63 m², ubicada en el barrio Itagui, estrato 4. Ideal para familias o inversión.",2025-01-12 04:42:12.809313,2025-11-14 04:42:12.809313,5,66.63,2,4,Itagui,Reservado,Casa
22b707d2-7921-4370-9724-055b55710df8,256406200.46,"Carrera 177 # 1-4 Sur Apartamento 62 686887 Suaita, Santander","Se vende Apartamento de 4 habitaciones, con un área de 196.23 m², ubicada en el barrio Poblado, estrato 3. Ideal para familias o inversión.",2025-05-24 03:27:40.947057,2025-12-29 03:27:40.947057,4,196.23,4,3,Poblado,Vendido,Apartamento
8c0c491f-0d20-42b1-9a7a-a7808dd59c3a,428232660.61,"Avenida calle 80 # 26-4 Sur Etapa 3 apartamento 88 254858 Anapoima, Cundinamarca","Se vende Finca de 1 habitaciones, con un área de 294.85 m², ubicada en el barrio Itagui, estrato 3. Ideal para familias o inversión.",2024-10-30 05:35:24.448954,2024-12-30 05:35:24.448954,1,294.85,2,3,Itagui,Disponible,Finca
6d6637d8-879e-4a10-a3f8-00deae55da97,797454860.93,"Calle 43E # 6S-9 Sur Bodega 511 053959 Liborina, Antioquia","Se vende Local Comercial de 1 habitaciones, con un área de 208.95 m², ubicada en el barrio Poblado, estrato 6. Ideal para familias o inversión.",2026-07-07 09:08:30.738320,2026-08-31 09:08:30.738320,1,208.95,2,6,Poblado,Vendido,Local Comercial
7207f565-1ec3-4b9b-a404-fc6e97fe42a8,255153784.32,"Avenida carrera 122 # 4-75 Sur Local 598 172604 Viterbo, Caldas","Se vende Oficina de 2 habitaciones, con un área de 48.52 m², ubicada en el barrio Sabaneta, estrato 5. Ideal para familias o inversión.",2025-12-16 08:13:04.846062,2026-11-11 08:13:04.846062,2,48.52,2,5,Sabaneta,Alquilado,Oficina
f1a3fe7b-6185-4f78-ba6d-1ada8945695c,288121486.89,"Av. carrera 15 # 8X-61 258457 Sutatausa, Cundinamarca","Se vende Casa de 5 habitaciones, con un área de 30.77 m², ubicada en el barrio Envigado, estrato 2. Ideal para familias o inversión.",2025-01-18 04:52:49.383296,2025-11-20 04:52:49.383296,5,30.77,2,2,Envigado,Disponible,Casa
5389bc9f-fbae-4382-a495-ee64bd340d13,215533891.34,"Avenida carrera 15 # 8-1 548929 Teorama, Norte de Santander","Se vende Apartamento de 2 habitaciones, con un área de 34.01 m², ubicada en el barrio Itagui, estrato 2. Ideal para familias o inversión.",2026-05-10 13:50:20.544507,2026-06-17 13:50:20.544507,2,34.01,1,2,Itagui,Vendido,Apartamento
2e6fec98-8d39-46f6-b609-7391506143f4,789116187.35,"Cl. 12L # 4-74 Este Bodega 83 174241 Chinchiná, Caldas","Se vende Local Comercial de 5 habitaciones, con un área de 60.69 m², ubicada en el barrio La Estrella, estrato 1. Ideal para familias o inversión.",2026-08-16 06:45:59.754125,2027-05-02 06:45:59.754125,5,60.69,5,1,La Estrella,En construcción,Local Comercial
f7afa48d-4290-4a40-9b12-81847ff19438,336548812.58,"Diagonal 127N # 7-2 Este Apartamento 41 138700 Zambrano, Bolívar","Se vende Apartamento de 4 habitaciones, con un área de 166.04 m², ubicada en el barrio Poblado, estrato 5. Ideal para familias o inversión.",2024-12-11 23:15:21.348836,2025-10-03 23:15:21.348836,4,166.04,1,5,Poblado,Disponible,Apartamento
a2cbfe1c-e5ff-4b9a-8c28-c6eecd416d9c,119816179.98,"Calle 4L # 82-46 Local 622 151890 Chiquinquirá, Boyacá","Se vende Local Comercial de 4 habitaciones, con un área de 145.09 m², ubicada en el barrio La Estrella, estrato 1. Ideal para familias o inversión.",2026-05-18 02:02:38.064993,2027-01-30 02:02:38.064993,4,145.09,1,1,La Estrella,Alquilado,Local Comercial
86d5ab4a-ee72-420a-8231-856e308bf7f7,994896368.07,"Cr. 1J # 5V-4 Este Apto. 762 154138 Sativanorte, Boyacá","Se vende Oficina de 2 habitaciones, con un área de 47.73 m², ubicada en el barrio Itagui, estrato 3. Ideal para familias o inversión.",2026-07-23 07:01:57.768090,2027-03-05 07:01:57.768090,2,47.73,5,3,Itagui,Alquilado,Oficina
04adf63c-d067-4e0d-b19d-cd7bda09d35c,668370831.64,"Calle 65A # 7-6 Este 196137 Piamonte, Cauca","Se vende Local Comercial de 5 habitaciones, con un área de 193.47 m², ubicada en el barrio Laureles, estrato 1. Ideal para familias o inversión.",2025-12-23 16:44:45.995089,2026-12-23 16:44:45.995089,5,193.47,5,1,Laureles,Vendido,Local Comercial
dfd0d9e4-c185-4cde-b061-0fa68bfcf03a,428793675.04,"Cr. 7 Bis N # 9-9 Este 733006 Ataco, Tolima","Se vende Local Comercial de 4 habitaciones, con un área de 269.78 m², ubicada en el barrio Itagui, estrato 4. Ideal para familias o inversión.",2026-02-17 05:24:27.887337,2026-11-06 05:24:27.887337,4,269.78,1,4,Itagui,Alquilado,Local Comercial
e3760842-5b0a-4dfc-a82c-65b1f4992902,113776642.73,"Cr. 103H # 7-2 Sur 136914 Morales, Bolívar","Se vende Local Comercial de 3 habitaciones, con un área de 209.58 m², ubicada en el barrio Envigado, estrato 3. Ideal para familias o inversión.",2025-01-25 21:06:56.915001,2025-10-24 21:06:56.915001,3,209.58,1,3,Envigado,Disponible,Local Comercial
9ccf8270-7c17-4bdf-8d69-bf6d764d43f9,106981929.07,"Diagonal 3 Bis # 2-14 Sur Etapa 3 apartamento 2 052758 Turbo, Antioquia","Se vende Local Comercial de 1 habitaciones, con un área de 231.04 m², ubicada en el barrio Envigado, estrato 3. Ideal para familias o inversión.",2025-12-27 14:53:20.590362,2026-11-06 14:53:20.590362,1,231.04,5,3,Envigado,En construcción,Local Comercial
3045d0a3-545a-45b6-9724-182cc0148c51,969978694.05,"Cl. 21 # 1-18 250792 Tocaima, Cundinamarca","Se vende Finca de 1 habitaciones, con un área de 140.92 m², ubicada en el barrio Caldas, estrato 6. Ideal para familias o inversión.",2026-05-18 22:13:22.480990,2026-07-13 22:13:22.480990,1,140.92,5,6,Caldas,Alquilado,Finca
069b9bce-dd5e-4ba8-bdf0-46d611957f50,263032625.65,"Transversal 55 # 6S-2 Este Local 7 738635 Carmen de Apicalá, Tolima","Se vende Finca de 1 habitaciones, con un área de 186.04 m², ubicada en el barrio Envigado, estrato 2. Ideal para familias o inversión.",2025-04-02 23:45:15.114647,2026-01-03 23:45:15.114647,1,186.04,1,2,Envigado,Alquilado,Finca
3b4e861a-6d03-4b64-96cb-a05547422935,852897403.26,"Carrera 60 # 5-49 Sur 051744 Támesis, Antioquia","Se vende Oficina de 3 habitaciones, con un área de 61.02 m², ubicada en el barrio Sabaneta, estrato 3. Ideal para familias o inversión.",2026-02-10 04:49:07.768999,2026-10-17 04:49:07.768999,3,61.02,5,3,Sabaneta,En construcción,Oficina
c3215309-711b-4009-a101-1337decebdec,221395268.36,"Cr. 15A # 26-44 Este 760385 Bolívar, Valle del Cauca","Se vende Oficina de 1 habitaciones, con un área de 194.43 m², ubicada en el barrio Belen, estrato 6. Ideal para familias o inversión.",2025-07-02 08:47:31.289937,2025-08-15 08:47:31.289937,1,194.43,3,6,Belen,Alquilado,Oficina
2fcbfcc6-0df4-425f-94f0-22ba8aec6c0f,184780921.44,"Cr. 191 # 26-1 Sur Bodega 11 683865 Cerrito, Santander","Se vende Finca de 1 habitaciones, con un área de 78.98 m², ubicada en el barrio Caldas, estrato 2. Ideal para familias o inversión.",2026-09-24 11:54:31.848843,2026-11-28 11:54:31.848843,1,78.98,1,2,Caldas,Disponible,Finca
2053456f-cd41-4fa7-a962-9a570cb9f8e9,401550437.85,"Cr. 31 # 8-8 Sur 154313 Pisba, Boyacá","Se vende Oficina de 2 habitaciones, con un área de 131.57 m², ubicada en el barrio Itagui, estrato 4. Ideal para familias o inversión.",2026-02-02 06:02:40.311114,2026-05-23 06:02:40.311114,2,131.57,3,4,Itagui,En construcción,Oficina
73bca1d6-fdc9-4377-a4be-c9c88adcc839,97274367.81,"Diagonal 6ª # 4-6 Sur Local 444 911249 Puerto Santander, Amazonas","Se vende Oficina de 1 habitaciones, con un área de 268.5 m², ubicada en el barrio Envigado, estrato 2. Ideal para familias o inversión.",2025-07-30 07:10:42.562571,2026-07-11 07:10:42.562571,1,268.5,1,2,Envigado,Alquilado,Oficina
de4e2fd9-2289-4baf-9c3c-b1de4713b324,254790517.07,"Diagonal 4ª # 7-6 Este Etapa 3 apartamento 17 417121 Colombia, Huila","Se vende Local Comercial de 4 habitaciones, con un área de 161.13 m², ubicada en el barrio Caldas, estrato 4. Ideal para familias o inversión.",2025-10-16 10:07:26.845145,2026-04-03 10:07:26.845145,4,161.13,5,4,Caldas,Disponible,Local Comercial
52b09388-2d3d-42ca-8a0e-5a6b669ab5c7,683775930.8,"Carrera 3ª # 86N-1 Sur 132151 Norosí, Bolívar","Se vende Finca de 4 habitaciones, con un área de 59.94 m², ubicada en el barrio La Estrella, estrato 6. Ideal para familias o inversión.",2026-01-09 18:28:10.685476,2026-11-04 18:28:10.685476,4,59.94,1,6,La Estrella,Vendido,Finca
8cc7db97-a2fa-40ef-8ccc-54344dbd077b,778982050.94,"Cr. 7P # 2P-50 Sur 182099 Milán, Caquetá","Se vende Local Comercial de 5 habitaciones, con un área de 44.79 m², ubicada en el barrio Belen, estrato 2. Ideal para familias o inversión.",2026-02-17 10:09:23.291446,2026-07-05 10:09:23.291446,5,44.79,3,2,Belen,Alquilado,Local Comercial
24af5b89-9127-4d23-a7dd-6f38764241d6,172726416.67,"Calle 45 # 5-1 Sur 205985 Bosconia, Cesar","Se vende Finca de 1 habitaciones, con un área de 32.09 m², ubicada en el barrio Caldas, estrato 6. Ideal para familias o inversión.",2025-01-14 14:21:05.524656,2025-05-13 14:21:05.524656,1,32.09,5,6,Caldas,Vendido,Finca
39e32581-fd28-4b3f-acde-e49ebb4d3fe0,868676143.92,"Tr. 6M # 42F-6 Este Casa 2 254803 Chocontá, Cundinamarca","Se vende Oficina de 5 habitaciones, con un área de 255.01 m², ubicada en el barrio Laureles, estrato 3. Ideal para familias o inversión.",2025-10-28 02:08:54.134856,2026-06-18 02:08:54.134856,5,255.01,1,3,Laureles,Reservado,Oficina
03a6a05c-4c31-4e30-a20d-ef380143b71f,434201740.28,"Cr. 1ª # 60-4 052701 Hispania, Antioquia","Se vende Apartamento de 4 habitaciones, con un área de 278.71 m², ubicada en el barrio Caldas, estrato 3. Ideal para familias o inversión.",2026-02-27 22:50:58.588198,2027-01-16 22:50:58.588198,4,278.71,4,3,Caldas,Alquilado,Apartamento
5f0abf19-71e7-4cef-80a9-8a861445c6b5,487092056.8,"Transversal 26 # 3-35 Este Local 1 191851 Argelia, Cauca","Se vende Apartamento de 4 habitaciones, con un área de 35.63 m², ubicada en el barrio Envigado, estrato 3. Ideal para familias o inversión.",2025-06-12 06:25:10.399078,2026-05-24 06:25:10.399078,4,35.63,3,3,Envigado,Disponible,Apartamento
a6b1cdc7-44b0-4fc5-9a80-cab7864ec449,124714733.11,"Transversal 169S # 6-4 Este 734422 San Antonio, Tolima","Se vende Local Comercial de 1 habitaciones, con un área de 95.7 m², ubicada en el barrio Caldas, estrato 5. Ideal para familias o inversión.",2026-08-30 08:26:06.670125,2027-06-24 08:26:06.670125,1,95.7,3,5,Caldas,Alquilado,Local Comercial
a4bb4aa1-f220-4a68-8107-7a0d80a1774e,534454459.21,"Avenida calle 85 # 4-4 Este Casa 6 765521 Candelaria, Valle del Cauca","Se vende Casa de 3 habitaciones, con un área de 240.36 m², ubicada en el barrio Laureles, estrato 1. Ideal para familias o inversión.",2025-11-23 11:21:03.623108,2026-09-20 11:21:03.623108,3,240.36,3,1,Laureles,Alquilado,Casa
c5aedb22-f6cb-4dc8-85d6-14e0a4e3915f,622279036.01,"Cl. 47 # 2-1 Sur 252676 Paratebueno, Cundinamarca","Se vende Casa de 2 habitaciones, con un área de 57.76 m², ubicada en el barrio Sabaneta, estrato 3. Ideal para familias o inversión.",2024-11-24 20:56:27.953330,2025-03-22 20:56:27.953330,2,57.76,1,3,Sabaneta,Vendido,Casa
9ac9854a-7243-44ea-87eb-f17bfffd3815,660842239.14,"Av. Palocabildo # 76-32 Apto. 222 258159 San Antonio del Tequendama, Cundinamarca","Se vende Local Comercial de 4 habitaciones, con un área de 233.7 m², ubicada en el barrio La Estrella, estrato 5. Ideal para familias o inversión.",2024-10-21 00:23:36.185452,2025-09-05 00:23:36.185452,4,233.7,5,5,La Estrella,Alquilado,Local Comercial
b8050a00-fadd-46d9-9a19-8b41700646fd,337679413.38,"Avenida calle 120 # 2-56 Este Torre 7 apartamento 943 200698 Pelaya, Cesar","Se vende Finca de 2 habitaciones, con un área de 148.74 m², ubicada en el barrio La Estrella, estrato 4. Ideal para familias o inversión.",2024-12-19 07:35:56.017647,2025-12-07 07:35:56.017647,2,148.74,3,4,La Estrella,En construcción,Finca
1de870bd-4088-440c-b610-5ccab923be23,85726883.29,"Carrera 118V Bis # 7-65 731714 San Sebastián de Mariquita, Tolima","Se vende Apartamento de 3 habitaciones, con un área de 166.98 m², ubicada en el barrio La Estrella, estrato 3. Ideal para familias o inversión.",2026-01-05 23:11:24.404385,2026-09-23 23:11:24.404385,3,166.98,3,3,La Estrella,Alquilado,Apartamento
c59f3f32-0daa-4d09-a0d7-652781053f94,601312937.04,"Avenida Peña # 13-78 Este Bodega 839 252115 Sasaima, Cundinamarca","Se vende Apartamento de 1 habitaciones, con un área de 196.05 m², ubicada en el barrio Caldas, estrato 5. Ideal para familias o inversión.",2025-08-27 23:30:49.071579,2026-05-20 23:30:49.071579,1,196.05,1,5,Caldas,Reservado,Apartamento
5fc7b8f6-c997-41c0-89ae-8306249a4e6f,477996953.56,"Avenida Buitrago # 31-37 910898 Puerto Nariño, Amazonas","Se vende Oficina de 2 habitaciones, con un área de 116.81 m², ubicada en el barrio Envigado, estrato 4. Ideal para familias o inversión.",2025-08-08 03:39:07.739677,2025-10-08 03:39:07.739677,2,116.81,3,4,Envigado,Disponible,Oficina
86218918-af92-46bb-845e-757ab05f1380,547865125.51,"Carrera 9ª # 9-84 Apartamento 73 159451 Pachavita, Boyacá","Se vende Oficina de 2 habitaciones, con un área de 40.57 m², ubicada en el barrio La Estrella, estrato 6. Ideal para familias o inversión.",2026-05-19 21:56:27.098089,2027-01-28 21:56:27.098089,2,40.57,5,6,La Estrella,Vendido,Oficina
abe5d4eb-e84a-45ae-a918-437d6be2446f,694952834.53,"Avenida carrera 156 # 8-17 Oficina 22 851914 Tauramena, Casanare","Se vende Finca de 3 habitaciones, con un área de 277.84 m², ubicada en el barrio Caldas, estrato 4. Ideal para familias o inversión.",2026-05-03 21:49:25.720239,2026-11-22 21:49:25.720239,3,277.84,1,4,Caldas,Alquilado,Finca
5e7498fe-bd3b-4528-a88f-c86f77fa23ba,289395995.72,"Cr. 54 # 2W-4 Oficina 15 157450 Sora, Boyacá","Se vende Apartamento de 3 habitaciones, con un área de 55.52 m², ubicada en el barrio Caldas, estrato 6. Ideal para familias o inversión.",2025-04-25 12:49:26.741714,2025-10-17 12:49:26.741714,3,55.52,5,6,Caldas,Vendido,Apartamento
237282df-011c-4cbb-b104-32d9838a6311,969311682.31,"Dg. 2B Este # 7-38 Este Local 59 687367 Puente Nacional, Santander","Se vende Finca de 1 habitaciones, con un área de 187.34 m², ubicada en el barrio Itagui, estrato 2. Ideal para familias o inversión.",2025-05-13 20:16:28.310942,2025-11-17 20:16:28.310942,1,187.34,4,2,Itagui,Vendido,Finca
bdaec8b8-851c-4064-880b-a5df73217582,686610579.99,"Av. calle 4ª # 9-77 Este Casa 4 053070 Ituango, Antioquia","Se vende Oficina de 1 habitaciones, con un área de 113.59 m², ubicada en el barrio Itagui, estrato 4. Ideal para familias o inversión.",2026-07-10 16:25:56.883478,2026-10-13 16:25:56.883478,1,113.59,5,4,Itagui,Disponible,Oficina
45cc770a-5f06-4335-b51d-04781c9fe91d,953610847.92,"Cl. 42 # 4U-53 Este 055241 La Ceja, Antioquia","Se vende Local Comercial de 5 habitaciones, con un área de 127.69 m², ubicada en el barrio Belen, estrato 3. Ideal para familias o inversión.",2026-08-11 15:16:41.811448,2026-12-11 15:16:41.811448,5,127.69,3,3,Belen,Reservado,Local Comercial
b74c7a46-a270-4537-90eb-15cb1533c167,852206969.25,"Cr. 166I # 4O-84 Sur Apartamento 8 053494 Dabeiba, Antioquia","Se vende Casa de 2 habitaciones, con un área de 299.99 m², ubicada en el barrio Laureles, estrato 2. Ideal para familias o inversión.",2025-08-01 11:40:44.979820,2026-01-29 11:40:44.979820,2,299.99,1,2,Laureles,En construcción,Casa
f58fbe25-11ec-429b-8ae7-9bb4e09ecb56,407883877.28,"Dg. 44I # 4-1 Este Apto. 184 547154 Silos, Norte de Santander","Se vende Oficina de 5 habitaciones, con un área de 40.19 m², ubicada en el barrio Envigado, estrato 3. Ideal para familias o inversión.",2026-02-13 00:40:24.654658,2027-01-14 00:40:24.654658,5,40.19,2,3,Envigado,Vendido,Oficina
7b67ab96-3790-479a-ac46-f3faa98f33a2,692544776.08,"Tr. 6G # 83-68 Este 446660 Urumita, La Guajira","Se vende Oficina de 2 habitaciones, con un área de 224.72 m², ubicada en el barrio Caldas, estrato 1. Ideal para familias o inversión.",2025-07-28 12:51:18.710787,2026-03-01 12:51:18.710787,2,224.72,2,1,Caldas,Reservado,Oficina
3dcca57b-a01f-4de2-97f7-e1326bda7aeb,277210072.38,"Av. carrera 6ª # 43-55 Sur 182482 Cartagena del Chairá, Caquetá","Se vende Oficina de 3 habitaciones, con un área de 233.15 m², ubicada en el barrio Sabaneta, estrato 4. Ideal para familias o inversión.",2025-05-13 15:16:01.906277,2026-03-12 15:16:01.906277,3,233.15,4,4,Sabaneta,Vendido,Oficina
efa1de0f-26e0-4c61-9645-556b1ccb89ba,527761356.91,"Dg. 9ª # 7-9 Sur 470999 San Sebastián de Buenavista, Magdalena","Se vende Finca de 5 habitaciones, con un área de 295.8 m², ubicada en el barrio Belen, estrato 4. Ideal para familias o inversión.",2026-05-05 00:49:07.716924,2026-12-16 00:49:07.716924,5,295.8,4,4,Belen,Vendido,Finca
7ae9ff33-fcac-4039-96ba-a269d67efbd8,506561122.69,"Cr. 125 # 50-47 152521 Tópaga, Boyacá","Se vende Casa de 5 habitaciones, con un área de 67.37 m², ubicada en el barrio Poblado, estrato 3. Ideal para familias o inversión.",2025-08-04 02:47:37.109202,2026-07-28 02:47:37.109202,5,67.37,3,3,Poblado,En construcción,Casa
a8a4ee3c-87c7-4f64-ab75-8a9d24f17003,309151734.61,"Calle 6ª # 18K-13 Este 176760 Filadelfia, Caldas","Se vende Apartamento de 5 habitaciones, con un área de 259.81 m², ubicada en el barrio Laureles, estrato 3. Ideal para familias o inversión.",2025-12-01 07:26:27.212539,2026-03-23 07:26:27.212539,5,259.81,5,3,Laureles,Vendido,Apartamento
4f183825-3a9d-4bea-8490-040475eaffa6,933948330.77,"Calle 5ª # 98-6 Sur 258942 Beltrán, Cundinamarca","Se vende Local Comercial de 1 habitaciones, con un área de 285.53 m², ubicada en el barrio La Estrella, estrato 2. Ideal para familias o inversión.",2026-03-26 05:34:31.604492,2026-10-20 05:34:31.604492,1,285.53,4,2,La Estrella,Disponible,Local Comercial
b0243387-44cb-4e81-bfac-0f5be41ef191,263311820.68,"Calle 38 # 1-7 Este 150332 Sáchica, Boyacá","Se vende Local Comercial de 5 habitaciones, con un área de 130.97 m², ubicada en el barrio Laureles, estrato 4. Ideal para familias o inversión.",2026-07-16 23:55:48.952436,2027-02-22 23:55:48.952436,5,130.97,3,4,Laureles,Disponible,Local Comercial
247c20e5-a417-47eb-a0d5-7dbb2e654f8d,770899097.03,"Cl. 42 # 70-24 Este Apartamento 1 911676 Puerto Arica, Amazonas","Se vende Finca de 2 habitaciones, con un área de 67.15 m², ubicada en el barrio La Estrella, estrato 3. Ideal para familias o inversión.",2025-04-11 04:46:06.866437,2025-07-21 04:46:06.866437,2,67.15,4,3,La Estrella,Reservado,Finca
4bceb898-7c05-4040-a934-a6c8c75fcc29,843214944.32,"Diagonal 56G Bis # 9-8 Oficina 21 157393 San Miguel de Sema, Boyacá","Se vende Oficina de 1 habitaciones, con un área de 274.58 m², ubicada en el barrio Belen, estrato 1. Ideal para familias o inversión.",2025-10-21 10:12:26.283192,2026-03-10 10:12:26.283192,1,274.58,5,1,Belen,En construcción,Oficina
9e8f3b60-2787-450f-9893-99d13ad44360,165755927.9,"Av. carrera 9ª # 2-5 Este Local 4 731972 Melgar, Tolima","Se vende Oficina de 4 habitaciones, con un área de 60.02 m², ubicada en el barrio Sabaneta, estrato 3. Ideal para familias o inversión.",2026-02-21 01:39:22.548383,2026-08-24 01:39:22.548383,4,60.02,2,3,Sabaneta,Reservado,Oficina
2545fd81-ef74-401f-9042-9adfed1e8b9e,539606943.7,"Calle 100Y # 6V-62 Sur Etapa 8 apartamento 1 414556 Agrado, Huila","Se vende Oficina de 4 habitaciones, con un área de 46.96 m², ubicada en el barrio Poblado, estrato 4. Ideal para familias o inversión.",2025-03-24 04:59:12.269009,2026-03-12 04:59:12.269009,4,46.96,2,4,Poblado,Vendido,Oficina
fad2c80f-05f5-4b80-b571-7c53ccc8d1af,445739215.45,"Carrera 121N # 1-3 256746 Susa, Cundinamarca","Se vende Finca de 4 habitaciones, con un área de 30.42 m², ubicada en el barrio Sabaneta, estrato 3. Ideal para familias o inversión.",2026-09-04 00:33:36.735768,2027-07-23 00:33:36.735768,4,30.42,1,3,Sabaneta,En construcción,Finca
f6e34a0b-b21b-41aa-9b4c-13afa2bb4bfb,879664866.6,"Calle 150 # 48-69 Este Bodega 35 737716 Palocabildo, Tolima","Se vende Finca de 1 habitaciones, con un área de 287.42 m², ubicada en el barrio Poblado, estrato 5. Ideal para familias o inversión.",2025-08-06 05:59:37.644808,2026-03-23 05:59:37.644808,1,287.42,1,5,Poblado,Reservado,Finca
61e02c9c-e577-46b6-bd9e-ffaa4b82eff5,279069628.17,Avenida carrera 22 # 65-53 Oficina 452 150287 Tunja,"Se vende Finca de 3 habitaciones, con un área de 231.78 m², ubicada en el barrio Laureles, estrato 3. Ideal para familias o inversión.",2025-10-23 11:11:21.602654,2026-05-17 11:11:21.602654,3,231.78,1,3,Laureles,En construcción,Finca
f839bc8b-e231-4be6-9637-4fc32765e9f6,216334670.7,"Carrera 20 # 90-9 521775 Tangua, Nariño","Se vende Finca de 2 habitaciones, con un área de 41.97 m², ubicada en el barrio Itagui, estrato 5. Ideal para familias o inversión.",2025-10-11 15:38:14.212968,2026-10-05 15:38:14.212968,2,41.97,4,5,Itagui,Reservado,Finca
d1d83dff-a1e8-4987-805a-268e8c8f7cfd,241511443.19,"Cr. 171 # 4-1 Sur 415899 Oporapa, Huila","Se vende Casa de 2 habitaciones, con un área de 47.04 m², ubicada en el barrio Poblado, estrato 4. Ideal para familias o inversión.",2026-06-01 15:49:53.299313,2026-11-28 15:49:53.299313,2,47.04,2,4,Poblado,Disponible,Casa
0e8aaeb9-1bda-41cb-83ed-99697ea26e2b,84789732.96,"Calle 4M # 63-2 Sur 272614 Río Quito, Chocó","Se vende Finca de 3 habitaciones, con un área de 169.15 m², ubicada en el barrio La Estrella, estrato 5. Ideal para familias o inversión.",2025-06-22 18:31:17.981016,2025-11-28 18:31:17.981016,3,169.15,2,5,La Estrella,Alquilado,Finca
be4f45e2-75c5-4353-9322-3e90d554a03e,809375290.94,"Av. calle 32 # 72-61 Este Bodega 80 158697 Motavita, Boyacá","Se vende Finca de 1 habitaciones, con un área de 263.77 m², ubicada en el barrio Belen, estrato 3. Ideal para familias o inversión.",2024-11-09 07:37:03.289344,2025-02-10 07:37:03.289344,1,263.77,4,3,Belen,Reservado,Finca
ca15478b-5422-4c21-bc07-4057bfd23ec5,398979580.61,"Avenida carrera 9ª # 4W-48 Torre 5 apartamento 742 686984 Carcasí, Santander","Se vende Local Comercial de 4 habitaciones, con un área de 121.54 m², ubicada en el barrio La Estrella, estrato 2. Ideal para familias o inversión.",2026-07-12 04:30:42.872026,2027-04-22 04:30:42.872026,4,121.54,5,2,La Estrella,Alquilado,Local Comercial
b516662e-7b87-4047-b1c0-616e474d1ed3,329078098.05,"Av. carrera 7ª # 78-14 Este 278799 Nuquí, Chocó","Se vende Apartamento de 4 habitaciones, con un área de 51.31 m², ubicada en el barrio Envigado, estrato 5. Ideal para familias o inversión.",2026-01-05 07:00:07.664622,2026-11-10 07:00:07.664622,4,51.31,1,5,Envigado,Disponible,Apartamento
63ff5666-3a48-40d9-81c6-bd99e41d3037,705276568.02,"Calle 44 # 80-25 Este Casa 1 544244 Ábrego, Norte de Santander","Se vende Finca de 3 habitaciones, con un área de 112.75 m², ubicada en el barrio Caldas, estrato 5. Ideal para familias o inversión.",2024-12-23 02:59:04.765149,2025-04-17 02:59:04.765149,3,112.75,3,5,Caldas,Reservado,Finca
8caf26da-2b62-4ee0-bee7-2a8c58c88314,981025915.23,"Cl. 6Y Bis H # 48-49 Sur 255800 Albán, Cundinamarca","Se vende Apartamento de 3 habitaciones, con un área de 196.01 m², ubicada en el barrio Belen, estrato 4. Ideal para familias o inversión.",2026-07-02 10:22:30.250147,2027-06-24 10:22:30.250147,3,196.01,1,4,Belen,Disponible,Apartamento
dffd0d67-7797-47b0-8760-c4ea54fe1e46,185640494.94,"Calle 14 # 1-32 Sur 130648 Arenal, Bolívar","Se vende Local Comercial de 3 habitaciones, con un área de 168.53 m², ubicada en el barrio Envigado, estrato 6. Ideal para familias o inversión.",2025-08-30 04:48:12.038263,2025-10-14 04:48:12.038263,3,168.53,5,6,Envigado,Reservado,Local Comercial
9eec943e-6a80-409f-8949-3f6cffc4a779,413711681.6,"Carrera 26 # 6-63 Sur Bodega 918 412818 Guadalupe, Huila","Se vende Apartamento de 2 habitaciones, con un área de 48.15 m², ubicada en el barrio Itagui, estrato 6. Ideal para familias o inversión.",2025-12-16 08:36:54.121940,2026-07-19 08:36:54.121940,2,48.15,5,6,Itagui,Disponible,Apartamento
e2b9e81d-3447-4796-bccb-efebe9472b5d,774930248.21,Calle 75 # 56D-9 Este 887399 San Andrés,"Se vende Oficina de 2 habitaciones, con un área de 213.35 m², ubicada en el barrio Itagui, estrato 3. Ideal para familias o inversión.",2025-05-08 19:12:00.971180,2026-01-20 19:12:00.971180,2,213.35,5,3,Itagui,Vendido,Oficina
8e7c7bb2-7220-4177-9448-c82cd9c30534,962494049.65,"Av. carrera 3ª # 18Y-28 853581 La Salina, Casanare","Se vende Oficina de 3 habitaciones, con un área de 137.47 m², ubicada en el barrio Belen, estrato 6. Ideal para familias o inversión.",2025-04-30 22:49:03.811241,2025-10-04 22:49:03.811241,3,137.47,1,6,Belen,Vendido,Oficina
3b5f53c6-7b12-474a-a3a9-192dbc1414c5,786216259.35,"Calle 5ª # 49-5 Sur Oficina 21 230750 Cotorra, Córdoba","Se vende Local Comercial de 5 habitaciones, con un área de 134.49 m², ubicada en el barrio Laureles, estrato 5. Ideal para familias o inversión.",2026-02-08 00:23:21.214446,2026-07-22 00:23:21.214446,5,134.49,4,5,Laureles,Vendido,Local Comercial
c261795c-9f32-49f6-985c-2491f873143c,178941996.84,"Calle 114Q # 24-59 Sur Oficina 61 639190 Pijao, Quindío","Se vende Oficina de 3 habitaciones, con un área de 217.37 m², ubicada en el barrio Sabaneta, estrato 4. Ideal para familias o inversión.",2025-07-16 19:11:48.865221,2025-10-16 19:11:48.865221,3,217.37,1,4,Sabaneta,Reservado,Oficina
78da0eea-0570-4f8e-8267-12554bf0fa60,724063462.48,"Transversal 15Z # 38-2 058424 La Estrella, Antioquia","Se vende Casa de 4 habitaciones, con un área de 299.26 m², ubicada en el barrio Itagui, estrato 6. Ideal para familias o inversión.",2025-07-11 23:09:18.953386,2026-02-03 23:09:18.953386,4,299.26,5,6,Itagui,En construcción,Casa
e7ddffcb-671a-461c-9087-f1d4f70ed173,533317957.92,"Diagonal 23 # 1-9 Sur 548222 Ragonvalia, Norte de Santander","Se vende Finca de 3 habitaciones, con un área de 259.87 m², ubicada en el barrio Envigado, estrato 6. Ideal para familias o inversión.",2024-10-10 00:34:34.607562,2025-05-13 00:34:34.607562,3,259.87,1,6,Envigado,Vendido,Finca
3666b25c-8986-47ea-b453-8eb6ff782897,593663536.76,Cr. 63 # 55-3 Este 135523 Cartagena de Indias,"Se vende Casa de 2 habitaciones, con un área de 243.4 m², ubicada en el barrio Itagui, estrato 1. Ideal para familias o inversión.",2026-01-20 06:31:10.879556,2026-11-29 06:31:10.879556,2,243.4,4,1,Itagui,En construcción,Casa
18d88829-3ebd-46da-97db-e2f74f6c5f85,999615291.74,"Cl. 87P # 8-94 Oficina 33 446452 Fonseca, La Guajira","Se vende Casa de 5 habitaciones, con un área de 268.75 m², ubicada en el barrio Belen, estrato 1. Ideal para familias o inversión.",2025-11-24 10:20:46.209961,2026-07-15 10:20:46.209961,5,268.75,4,1,Belen,En construcción,Casa
3ad2822a-7d30-4bc1-872e-d54fd5c43202,660221659.92,"Cr. 1G # 98-8 Este Etapa 3 apartamento 91 130809 Margarita, Bolívar","Se vende Local Comercial de 4 habitaciones, con un área de 252.3 m², ubicada en el barrio Envigado, estrato 1. Ideal para familias o inversión.",2025-02-11 17:54:49.128096,2025-08-22 17:54:49.128096,4,252.3,4,1,Envigado,Reservado,Local Comercial
7f5d6efd-0b3e-4349-aa2c-a886f9652b96,460987372.16,"Diagonal 39Z # 32-37 Este Oficina 428 526580 Linares, Nariño","Se vende Oficina de 3 habitaciones, con un área de 64.65 m², ubicada en el barrio Envigado, estrato 5. Ideal para familias o inversión.",2026-04-25 14:46:53.227843,2026-07-30 14:46:53.227843,3,64.65,1,5,Envigado,Disponible,Oficina
daf6398f-d09e-4bae-8446-13d6b4dd559f,378721928.22,"Cr. 68 # 1-17 Este 153145 Sutatenza, Boyacá","Se vende Oficina de 2 habitaciones, con un área de 112.11 m², ubicada en el barrio Itagui, estrato 2. Ideal para familias o inversión.",2026-08-30 08:45:21.620574,2027-01-22 08:45:21.620574,2,112.11,5,2,Itagui,Alquilado,Oficina
c50e8552-247b-4ddc-8892-e65cc1bc13e7,643771243.38,"Transversal 78 # 8-85 Este 859184 Sácama, Casanare","Se vende Apartamento de 3 habitaciones, con un área de 83.0 m², ubicada en el barrio Belen, estrato 5. Ideal para familias o inversión.",2025-05-31 01:51:16.931032,2025-09-02 01:51:16.931032,3,83.0,5,5,Belen,En construcción,Apartamento
17234d8b-456c-41cf-a0f2-b55ebd96e0e5,675796229.71,"Cr. 41 # 25-8 Este 153222 Santa Rosa de Viterbo, Boyacá","Se vende Apartamento de 5 habitaciones, con un área de 203.07 m², ubicada en el barrio Envigado, estrato 5. Ideal para familias o inversión.",2024-10-11 04:03:46.906768,2025-02-05 04:03:46.906768,5,203.07,5,5,Envigado,Alquilado,Apartamento
c16dc8f9-c9b8-4869-965a-32629dafd464,951119511.27,"Cr. 30 # 5-3 Este Casa 7 230299 Canalete, Córdoba","Se vende Oficina de 1 habitaciones, con un área de 252.81 m², ubicada en el barrio Laureles, estrato 1. Ideal para familias o inversión.",2025-09-21 02:44:38.546504,2025-11-13 02:44:38.546504,1,252.81,5,1,Laureles,Alquilado,Oficina
f23c85dc-76f8-4c8e-a057-2dccb8bc74fd,894547037.38,"Diagonal 125F Bis # 29T-4 Sur Etapa 2 apartamento 497 053692 Concepción, Antioquia","Se vende Casa de 5 habitaciones, con un área de 142.48 m², ubicada en el barrio Poblado, estrato 6. Ideal para familias o inversión.",2026-09-06 07:46:12.419044,2027-06-17 07:46:12.419044,5,142.48,5,6,Poblado,Alquilado,Casa
6c0b1286-590d-444b-a65e-8988d0711d64,480866926.31,"Avenida Luz Sofía Pabón # 70-9 Sur Apartamento 42 157990 Cucaita, Boyacá","Se vende Finca de 4 habitaciones, con un área de 96.12 m², ubicada en el barrio Caldas, estrato 6. Ideal para familias o inversión.",2025-07-14 22:07:41.743495,2026-01-12 22:07:41.743495,4,96.12,1,6,Caldas,Vendido,Finca
2c0fa780-9107-4597-bb3a-281570f5fa2e,186485256.6,"Transversal 99C Bis # 13-1 Este Oficina 469 056247 San Andrés de Cuerquía, Antioquia","Se vende Local Comercial de 4 habitaciones, con un área de 160.75 m², ubicada en el barrio Itagui, estrato 2. Ideal para familias o inversión.",2025-07-03 21:40:30.835708,2026-06-08 21:40:30.835708,4,160.75,3,2,Itagui,Alquilado,Local Comercial
7ca28db0-5848-4089-9c57-e37220cbe077,279650967.89,"Dg. 66 # 76-93 Este 851269 Pore, Casanare","Se vende Local Comercial de 2 habitaciones, con un área de 235.38 m², ubicada en el barrio Laureles, estrato 5. Ideal para familias o inversión.",2025-10-23 01:19:37.406985,2026-05-04 01:19:37.406985,2,235.38,1,5,Laureles,Alquilado,Local Comercial
87473144-abe4-4835-ac0e-ef22b71a06b7,870955657.84,"Carrera 95 # 70-12 Bodega 596 521372 Policarpa, Nariño","Se vende Local Comercial de 2 habitaciones, con un área de 68.04 m², ubicada en el barrio Belen, estrato 1. Ideal para familias o inversión.",2025-09-23 18:47:19.272757,2026-05-07 18:47:19.272757,2,68.04,4,1,Belen,Vendido,Local Comercial
d4f8eb20-ffff-42b6-9c42-47187935a3a2,774965306.38,"Av. calle 169 # 14-39 Este 731906 Cajamarca, Tolima","Se vende Casa de 3 habitaciones, con un área de 282.11 m², ubicada en el barrio Itagui, estrato 6. Ideal para familias o inversión.",2026-05-30 17:18:54.771780,2026-10-04 17:18:54.771780,3,282.11,4,6,Itagui,En construcción,Casa
fe3af4b4-2a11-48dd-ba57-881a96394016,947971163.87,"Calle 22 # 76Y-75 Este Torre 9 apartamento 5 059205 Ciudad Bolívar, Antioquia","Se vende Local Comercial de 4 habitaciones, con un área de 267.35 m², ubicada en el barrio Poblado, estrato 4. Ideal para familias o inversión.",2025-10-02 11:25:28.758497,2025-12-17 11:25:28.758497,4,267.35,5,4,Poblado,Reservado,Local Comercial
83b5fc6c-2aa4-4907-b869-4831da422ed9,520149493.35,"Av. calle 19 # 9-26 Este 053937 Carepa, Antioquia","Se vende Casa de 2 habitaciones, con un área de 187.5 m², ubicada en el barrio Poblado, estrato 1. Ideal para familias o inversión.",2025-03-01 16:08:27.756620,2025-08-22 16:08:27.756620,2,187.5,4,1,Poblado,Alquilado,Casa
770b6313-d3de-461a-9c08-57eee62c4075,741132660.19,"Av. carrera 177 # 2A-57 279735 Unguía, Chocó","Se vende Oficina de 1 habitaciones, con un área de 258.74 m², ubicada en el barrio Envigado, estrato 4. Ideal para familias o inversión.",2024-11-28 05:25:53.924030,2025-05-12 05:25:53.924030,1,258.74,4,4,Envigado,Alquilado,Oficina
3e5537a9-6c18-4555-9228-e2d050249008,575561780.29,"Diagonal 38C # 45-5 233416 San Bernardo del Viento, Córdoba","Se vende Apartamento de 4 habitaciones, con un área de 43.81 m², ubicada en el barrio Sabaneta, estrato 5. Ideal para familias o inversión.",2025-07-12 21:14:21.191471,2026-02-12 21:14:21.191471,4,43.81,1,5,Sabaneta,Reservado,Apartamento
34df8552-22b6-4072-a731-246e9353d49b,976328674.64,"Avenida calle 152 # 81-11 Este 193333 Puracé, Cauca","Se vende Oficina de 4 habitaciones, con un área de 236.39 m², ubicada en el barrio Laureles, estrato 3. Ideal para familias o inversión.",2026-08-29 04:48:56.257071,2026-12-02 04:48:56.257071,4,236.39,4,3,Laureles,Alquilado,Oficina
1988a8bb-b90a-4cd5-ac16-12d8558dcd50,533666390.41,"Calle 9Q Bis P # 6-7 Este Local 697 738463 Ortega, Tolima","Se vende Finca de 5 habitaciones, con un área de 283.52 m², ubicada en el barrio Sabaneta, estrato 2. Ideal para familias o inversión.",2026-09-06 03:28:14.091422,2027-08-10 03:28:14.091422,5,283.52,5,2,Sabaneta,Disponible,Finca
bf67a2fe-a403-418c-a424-bdc29e11d5b1,484139131.32,"Cr. 34 # 53-8 Este Apto. 95 703691 Corozal, Sucre","Se vende Apartamento de 1 habitaciones, con un área de 67.0 m², ubicada en el barrio La Estrella, estrato 3. Ideal para familias o inversión.",2026-04-26 03:10:17.097446,2027-02-15 03:10:17.097446,1,67.0,5,3,La Estrella,En construcción,Apartamento
3b33eed4-cc0b-436f-991a-159b05d2fb32,991084950.68,"Tr. 4V # 5X-4 Este 196472 Jambaló, Cauca","Se vende Casa de 3 habitaciones, con un área de 281.47 m², ubicada en el barrio Envigado, estrato 3. Ideal para familias o inversión.",2025-06-13 23:23:52.830858,2026-01-30 23:23:52.830858,3,281.47,3,3,Envigado,En construcción,Casa
ee45f4bf-5001-44a1-a92a-9a5981c10d53,334801036.5,"Cr. 148J # 2B-36 547288 Ábrego, Norte de Santander","Se vende Finca de 5 habitaciones, con un área de 253.64 m², ubicada en el barrio La Estrella, estrato 5. Ideal para familias o inversión.",2025-08-18 01:50:50.085239,2026-07-02 01:50:50.085239,5,253.64,1,5,La Estrella,Alquilado,Finca
19259233-e8e0-453e-ac93-93b1fe3ac2e1,75314797.22,"Calle 4ª # 38-5 Sur 258845 Nocaima, Cundinamarca","Se vende Finca de 1 habitaciones, con un área de 294.57 m², ubicada en el barrio Belen, estrato 5. Ideal para familias o inversión.",2025-03-12 17:51:54.980519,2026-02-27 17:51:54.980519,1,294.57,4,5,Belen,Alquilado,Finca
4dfb3d88-c4f3-4d76-b761-fe7f8ee6b033,548020715.99,"Cr. 161 # 6-4 Sur 767225 Yumbo, Valle del Cauca","Se vende Oficina de 5 habitaciones, con un área de 91.44 m², ubicada en el barrio La Estrella, estrato 1. Ideal para familias o inversión.",2025-05-31 19:43:20.705914,2025-09-25 19:43:20.705914,5,91.44,5,1,La Estrella,Reservado,Oficina
02ca0a02-cdfe-4e47-9791-f7f2d34a70b0,67990499.13,"Transversal 41W # 2-2 Etapa 7 apartamento 556 272023 Río Iró, Chocó","Se vende Casa de 2 habitaciones, con un área de 38.52 m², ubicada en el barrio Laureles, estrato 6. Ideal para familias o inversión.",2025-05-25 19:45:10.034662,2025-09-29 19:45:10.034662,2,38.52,3,6,Laureles,Reservado,Casa
cb3b0eb7-b266-4cf3-bd1a-9e1c68273caa,720486470.54,"Dg. 43J # 37-92 Apartamento 18 734921 Coello, Tolima","Se vende Casa de 4 habitaciones, con un área de 216.44 m², ubicada en el barrio La Estrella, estrato 4. Ideal para familias o inversión.",2026-08-21 15:48:44.537723,2026-10-21 15:48:44.537723,4,216.44,5,4,La Estrella,Vendido,Casa
f85fe566-e794-4f27-9fc5-134f82110a50,958851217.59,"Cr. 7U # 58-6 Sur 522829 Chachagüí, Nariño","Se vende Oficina de 3 habitaciones, con un área de 299.49 m², ubicada en el barrio Caldas, estrato 4. Ideal para familias o inversión.",2024-10-27 05:17:37.502016,2025-05-05 05:17:37.502016,3,299.49,4,4,Caldas,En construcción,Oficina
c6887f80-6cc7-4403-9e01-d38d7995a35b,509971096.61,"Carrera 80 # 14P-7 Sur 130082 San Pablo, Bolívar","Se vende Finca de 5 habitaciones, con un área de 125.66 m², ubicada en el barrio Belen, estrato 6. Ideal para familias o inversión.",2025-11-04 13:35:52.915727,2026-10-12 13:35:52.915727,5,125.66,2,6,Belen,Alquilado,Finca
f90e001b-5c75-48e5-aefb-eeb0d166a8d7,705727915.99,"Carrera 93 # 59-94 Sur Local 486 052663 Argelia, Antioquia","Se vende Oficina de 3 habitaciones, con un área de 90.71 m², ubicada en el barrio Belen, estrato 3. Ideal para familias o inversión.",2025-12-16 10:46:43.599995,2026-05-01 10:46:43.599995,3,90.71,4,3,Belen,Alquilado,Oficina
67e9857c-362e-4982-84eb-c110e8253f2b,165780400.45,"Cl. 120 # 52A-51 089749 Sabanagrande, Atlántico","Se vende Local Comercial de 3 habitaciones, con un área de 181.33 m², ubicada en el barrio Belen, estrato 6. Ideal para familias o inversión.",2025-08-03 23:13:41.249010,2026-01-27 23:13:41.249010,3,181.33,5,6,Belen,Reservado,Local Comercial
465a0c93-cf63-44f0-b8a1-140cf4a1493a,323248824.53,"Cr. 151 # 1E-5 Sur 056475 Barbosa, Antioquia","Se vende Local Comercial de 3 habitaciones, con un área de 287.74 m², ubicada en el barrio Belen, estrato 2. Ideal para familias o inversión.",2026-03-12 18:52:03.073265,2026-05-02 18:52:03.073265,3,287.74,1,2,Belen,Alquilado,Local Comercial
376e7f0c-70a0-41af-bcff-a472ddb8fed4,307576085.9,"Tr. 83 # 41-88 Sur Casa 46 731367 Anzoátegui, Tolima","Se vende Local Comercial de 3 habitaciones, con un área de 231.78 m², ubicada en el barrio Sabaneta, estrato 2. Ideal para familias o inversión.",2024-11-27 11:52:39.933273,2025-09-28 11:52:39.933273,3,231.78,5,2,Sabaneta,Alquilado,Local Comercial
610e0768-9b55-432b-95d7-dab150380465,98227158.46,"Avenida Puerto Libertador # 16H-35 Sur 417435 Villavieja, Huila","Se vende Casa de 1 habitaciones, con un área de 196.23 m², ubicada en el barrio Sabaneta, estrato 5. Ideal para familias o inversión.",2026-02-16 03:06:54.786586,2026-07-20 03:06:54.786586,1,196.23,5,5,Sabaneta,Vendido,Casa
8496b245-fdcb-48cc-958b-d33f9df5bb80,697132387.25,"Cr. 1ª # 3-9 541327 San Cayetano, Norte de Santander","Se vende Casa de 1 habitaciones, con un área de 57.05 m², ubicada en el barrio La Estrella, estrato 3. Ideal para familias o inversión.",2025-12-07 11:01:12.902905,2026-02-26 11:01:12.902905,1,57.05,2,3,La Estrella,Disponible,Casa
3d7d8cfa-8dc5-45a3-b8f7-133dd95021c5,239483175.93,"Avenida Vaupés # 98-84 Local 97 256524 Chocontá, Cundinamarca","Se vende Oficina de 2 habitaciones, con un área de 139.87 m², ubicada en el barrio La Estrella, estrato 4. Ideal para familias o inversión.",2025-01-06 06:20:31.726186,2026-01-04 06:20:31.726186,2,139.87,3,4,La Estrella,Alquilado,Oficina
62fdb1a8-7065-4932-9fbf-6541b65d4188,751752196.16,"Avenida calle 9ª # 9-70 Este Local 64 978274 Pacoa, Vaupés","Se vende Finca de 1 habitaciones, con un área de 275.14 m², ubicada en el barrio Sabaneta, estrato 1. Ideal para familias o inversión.",2025-11-24 07:32:18.019038,2026-09-23 07:32:18.019038,1,275.14,1,1,Sabaneta,Vendido,Finca
1cca343c-e364-49e9-a73b-744ceebf7158,226996050.33,"Cr. 21 # 11-3 058294 Concepción, Antioquia","Se vende Local Comercial de 2 habitaciones, con un área de 282.16 m², ubicada en el barrio Caldas, estrato 1. Ideal para familias o inversión.",2025-02-18 21:05:37.223086,2025-11-28 21:05:37.223086,2,282.16,3,1,Caldas,Disponible,Local Comercial
16ec30f9-9ef0-44f9-bbc7-f88f5aae3dee,481631624.25,"Carrera 45B # 41-80 Apto. 8 209678 El Paso, Cesar","Se vende Apartamento de 3 habitaciones, con un área de 183.35 m², ubicada en el barrio Itagui, estrato 1. Ideal para familias o inversión.",2026-07-06 10:03:05.960034,2026-12-28 10:03:05.960034,3,183.35,5,1,Itagui,En construcción,Apartamento
10c750ba-2a45-4102-80df-c68818137a5d,818373184.33,"Cl. 9ª # 4-9 Sur 058014 Zaragoza, Antioquia","Se vende Local Comercial de 2 habitaciones, con un área de 259.79 m², ubicada en el barrio Belen, estrato 4. Ideal para familias o inversión.",2025-09-13 06:11:01.643316,2026-01-19 06:11:01.643316,2,259.79,3,4,Belen,Vendido,Local Comercial
fdf70fa2-f9dc-43a2-8157-80b16819431c,589392161.3,"Cl. 128 # 95O-65 Sur 861228 Puerto Caicedo, Putumayo","Se vende Local Comercial de 3 habitaciones, con un área de 224.02 m², ubicada en el barrio Itagui, estrato 1. Ideal para familias o inversión.",2025-02-21 17:55:28.477717,2025-08-21 17:55:28.477717,3,224.02,2,1,Itagui,Vendido,Local Comercial
aee28b00-b8ac-4708-b4b8-f61cbba19688,430791584.3,"Calle 5ª # 38-5 685776 Guaca, Santander","Se vende Oficina de 4 habitaciones, con un área de 253.29 m², ubicada en el barrio Itagui, estrato 5. Ideal para familias o inversión.",2025-08-03 13:24:00.793294,2025-10-16 13:24:00.793294,4,253.29,1,5,Itagui,Vendido,Oficina
0a19cc2a-e58a-4367-ba3f-2144260b5cdb,414395671.14,"Cl. 49 # 2-74 Este Torre 6 apartamento 18 230752 San Pelayo, Córdoba","Se vende Casa de 4 habitaciones, con un área de 117.37 m², ubicada en el barrio Poblado, estrato 2. Ideal para familias o inversión.",2025-05-13 17:42:23.084180,2025-10-23 17:42:23.084180,4,117.37,4,2,Poblado,Alquilado,Casa
f0e1793a-f68f-4b36-a2f9-7469a6c3ce99,670999198.72,"Cr. 65 # 2N-46 Este Local 89 139409 Cicuco, Bolívar","Se vende Finca de 3 habitaciones, con un área de 187.26 m², ubicada en el barrio Poblado, estrato 5. Ideal para familias o inversión.",2026-08-07 20:15:31.494691,2027-01-17 20:15:31.494691,3,187.26,2,5,Poblado,Disponible,Finca
1bcd0caa-6e4b-44e5-91fe-317762aff2c7,656775758.94,"Cl. 7 Sur # 99Y-29 058925 Buriticá, Antioquia","Se vende Apartamento de 4 habitaciones, con un área de 112.84 m², ubicada en el barrio Belen, estrato 4. Ideal para familias o inversión.",2026-01-26 04:36:24.698574,2026-04-26 04:36:24.698574,4,112.84,3,4,Belen,Alquilado,Apartamento
12049125-7aa7-4552-81a3-739b68590f50,482229739.13,"Cl. 36 # 47-88 Sur 549086 Ragonvalia, Norte de Santander","Se vende Oficina de 2 habitaciones, con un área de 89.16 m², ubicada en el barrio La Estrella, estrato 2. Ideal para familias o inversión.",2025-08-17 20:53:03.823857,2025-12-03 20:53:03.823857,2,89.16,5,2,La Estrella,Alquilado,Oficina
b3c6d0e2-0b2e-4786-a94a-b94631677e07,696324823.92,"Cl. 19 # 82-35 Sur Torre 4 apartamento 269 191665 Totoró, Cauca","Se vende Local Comercial de 5 habitaciones, con un área de 276.46 m², ubicada en el barrio Sabaneta, estrato 5. Ideal para familias o inversión.",2026-01-25 19:18:07.590555,2026-06-30 19:18:07.590555,5,276.46,5,5,Sabaneta,Disponible,Local Comercial
0aaa2739-8531-40e4-b2f0-ea9dde8d1a9a,156598351.96,"Cr. 2ª # 1-67 Torre 6 apartamento 3 253924 Cota, Cundinamarca","Se vende Oficina de 4 habitaciones, con un área de 172.61 m², ubicada en el barrio Laureles, estrato 3. Ideal para familias o inversión.",2024-11-08 03:10:02.054136,2025-09-22 03:10:02.054136,4,172.61,5,3,Laureles,En construcción,Oficina
8810965d-ae26-4515-bc74-4c82f212b579,469748525.03,"Calle 5ª # 5-19 Sur Torre 9 apartamento 989 230698 Chimá, Córdoba","Se vende Casa de 5 habitaciones, con un área de 174.9 m², ubicada en el barrio Itagui, estrato 2. Ideal para familias o inversión.",2026-03-30 21:56:52.808814,2027-01-20 21:56:52.808814,5,174.9,2,2,Itagui,En construcción,Casa
b53db81f-412f-4e08-a06b-3807c8754cb4,175347122.83,"Cr. 8 Bis # 3R-41 Este Apto. 75 054636 Belmira, Antioquia","Se vende Local Comercial de 1 habitaciones, con un área de 272.7 m², ubicada en el barrio Poblado, estrato 4. Ideal para familias o inversión.",2026-01-27 15:17:46.609600,2026-10-16 15:17:46.609600,1,272.7,4,4,Poblado,Reservado,Local Comercial
f0a1c8d8-6bee-44da-9cb2-faded79b5cd5,426151274.46,"Cl. 14Q # 96-50 Apartamento 456 050555 El Bagre, Antioquia","Se vende Oficina de 1 habitaciones, con un área de 180.88 m², ubicada en el barrio Belen, estrato 6. Ideal para familias o inversión.",2026-09-12 13:43:04.213904,2026-10-23 13:43:04.213904,1,180.88,1,6,Belen,Vendido,Oficina
f25c2a8b-deec-4e74-8f64-8d9a3d731184,994417477.45,"Cl. 195 # 42-3 Este Casa 28 546392 Pamplona, Norte de Santander","Se vende Oficina de 1 habitaciones, con un área de 42.23 m², ubicada en el barrio Laureles, estrato 3. Ideal para familias o inversión.",2025-01-25 04:04:14.019115,2025-11-28 04:04:14.019115,1,42.23,1,3,Laureles,Reservado,Oficina
07460263-aaa8-46fd-935d-0c9700b25cc3,993213768.65,"Carrera 2ª # 3-1 Sur 202925 Gamarra, Cesar","Se vende Apartamento de 3 habitaciones, con un área de 140.39 m², ubicada en el barrio Caldas, estrato 2. Ideal para familias o inversión.",2025-11-05 19:09:03.593054,2026-06-14 19:09:03.593054,3,140.39,4,2,Caldas,Reservado,Apartamento
8b5e8c3d-873a-4dff-b8c5-22a771d87637,867272252.07,"Cr. 49I Este # 6-20 Este Oficina 54 681220 Albania, Santander","Se vende Local Comercial de 4 habitaciones, con un área de 51.67 m², ubicada en el barrio Envigado, estrato 6. Ideal para familias o inversión.",2026-07-11 06:26:44.033809,2027-07-10 06:26:44.033809,4,51.67,1,6,Envigado,Vendido,Local Comercial
c425308e-b7bd-4cb6-8797-52c5b521119f,768370444.12,"Cr. 1ª # 43N-4 152233 Sáchica, Boyacá","Se vende Oficina de 4 habitaciones, con un área de 172.79 m², ubicada en el barrio Sabaneta, estrato 6. Ideal para familias o inversión.",2026-04-28 23:56:06.178648,2026-05-29 23:56:06.178648,4,172.79,3,6,Sabaneta,Reservado,Oficina
4f3c88a6-e594-4b77-9bb5-ea9ad4f39973,378851748.24,"Cr. 9T # 90-2 Sur Bodega 636 689656 Ocamonte, Santander","Se vende Oficina de 4 habitaciones, con un área de 173.62 m², ubicada en el barrio Sabaneta, estrato 2. Ideal para familias o inversión.",2025-02-12 16:50:44.132611,2025-11-04 16:50:44.132611,4,173.62,3,2,Sabaneta,Vendido,Oficina
ffe3df49-3516-4926-984c-8163d702fe29,245777540.76,"Avenida Condoto # 56-1 Este Torre 9 apartamento 908 053476 Sabaneta, Antioquia","Se vende Apartamento de 1 habitaciones, con un área de 248.56 m², ubicada en el barrio Poblado, estrato 4. Ideal para familias o inversión.",2025-09-05 02:33:16.114793,2026-02-05 02:33:16.114793,1,248.56,1,4,Poblado,En construcción,Apartamento
cd5a4a6d-98cc-48c6-a1f3-9ec5f5030761,753514024.56,"Carrera 127 # 83-2 Sur Bodega 8 159826 Socha, Boyacá","Se vende Apartamento de 4 habitaciones, con un área de 191.4 m², ubicada en el barrio Poblado, estrato 6. Ideal para familias o inversión.",2025-10-18 23:39:33.546922,2026-03-22 23:39:33.546922,4,191.4,4,6,Poblado,Reservado,Apartamento
68035759-5081-4732-b2c6-09f1f1226bcc,993809269.18,"Av. carrera 7ª # 30-6 Este Apto. 25 178689 Pensilvania, Caldas","Se vende Casa de 5 habitaciones, con un área de 88.66 m², ubicada en el barrio Envigado, estrato 1. Ideal para familias o inversión.",2025-05-31 01:55:08.561909,2026-03-14 01:55:08.561909,5,88.66,2,1,Envigado,En construcción,Casa
709ed0cd-8c89-4377-bea3-a0e68bd4f45e,336676213.39,"Calle 42 # 5-1 Sur Casa 3 156447 Togüí, Boyacá","Se vende Finca de 5 habitaciones, con un área de 191.44 m², ubicada en el barrio Itagui, estrato 6. Ideal para familias o inversión.",2026-07-04 19:42:13.190837,2026-12-02 19:42:13.190837,5,191.44,2,6,Itagui,En construcción,Finca
7e8b86ae-c46f-42f5-91bd-0d3a5f091cb1,694812617.12,"Calle 5R # 18-33 767671 El Cerrito, Valle del Cauca","Se vende Casa de 4 habitaciones, con un área de 111.14 m², ubicada en el barrio Envigado, estrato 1. Ideal para familias o inversión.",2025-10-04 20:33:50.066117,2026-09-19 20:33:50.066117,4,111.14,5,1,Envigado,Reservado,Casa
4a4a9d45-cb68-40b3-a095-7f37d9c85d0c,352797734.45,"Cl. 99 # 8-6 Apartamento 35 500162 Vistahermosa, Meta","Se vende Apartamento de 3 habitaciones, con un área de 284.23 m², ubicada en el barrio Caldas, estrato 6. Ideal para familias o inversión.",2024-11-15 13:45:00.309259,2025-09-09 13:45:00.309259,3,284.23,4,6,Caldas,Reservado,Apartamento
d96f3eda-54fa-4449-883f-837176485b4c,856873885.65,"Cl. 168Q # 1-23 Este Local 618 414721 Colombia, Huila","Se vende Casa de 3 habitaciones, con un área de 131.64 m², ubicada en el barrio La Estrella, estrato 5. Ideal para familias o inversión.",2024-12-13 09:02:27.358903,2025-05-15 09:02:27.358903,3,131.64,3,5,La Estrella,Vendido,Casa
d9fb268c-71b5-42ef-b821-7d6c112341a0,280715590.29,"Cr. 3 Bis Z # 4H-14 862997 Santiago, Putumayo","Se vende Local Comercial de 1 habitaciones, con un área de 181.84 m², ubicada en el barrio Envigado, estrato 4. Ideal para familias o inversión.",2026-03-23 09:38:44.499643,2026-11-06 09:38:44.499643,1,181.84,2,4,Envigado,Alquilado,Local Comercial
5f5e8752-bfca-4c69-bd45-f3923382d667,305038508.46,"Cl. 101Q Bis # 15-36 Torre 7 apartamento 75 150344 Labranzagrande, Boyacá","Se vende Apartamento de 4 habitaciones, con un área de 258.73 m², ubicada en el barrio Sabaneta, estrato 1. Ideal para familias o inversión.",2024-10-23 20:55:14.073533,2024-12-18 20:55:14.073533,4,258.73,5,1,Sabaneta,En construcción,Apartamento
5ed6bbb0-1a3b-4f97-b122-954ca9f0601c,248444634.12,"Diagonal 108 # 9-95 502785 Cumaral, Meta","Se vende Apartamento de 1 habitaciones, con un área de 80.8 m², ubicada en el barrio Sabaneta, estrato 5. Ideal para familias o inversión.",2025-06-04 18:49:22.600887,2026-03-06 18:49:22.600887,1,80.8,3,5,Sabaneta,Alquilado,Apartamento
5566d70a-32b6-4ee9-b9f7-5bb1ba5bda4a,918719231.94,"Calle 5D # 55-70 476829 San Zenón, Magdalena","Se vende Apartamento de 2 habitaciones, con un área de 283.03 m², ubicada en el barrio Laureles, estrato 6. Ideal para familias o inversión.",2025-03-07 11:33:11.581377,2025-12-07 11:33:11.581377,2,283.03,5,6,Laureles,Vendido,Apartamento
a1e200a7-31a5-47ea-bab1-d683547a8d92,556967621.05,"Calle 178 # 6-8 Este Local 832 255031 Funza, Cundinamarca","Se vende Local Comercial de 2 habitaciones, con un área de 179.06 m², ubicada en el barrio Caldas, estrato 3. Ideal para familias o inversión.",2025-10-04 10:30:55.127771,2026-06-29 10:30:55.127771,2,179.06,3,3,Caldas,Alquilado,Local Comercial
e9c1a968-79d7-4f21-86df-d8c7c268361e,812675790.73,"Cl. 20 # 2-90 Este Local 3 410768 Tesalia, Huila","Se vende Finca de 3 habitaciones, con un área de 168.46 m², ubicada en el barrio La Estrella, estrato 4. Ideal para familias o inversión.",2026-07-06 16:49:27.721267,2026-09-24 16:49:27.721267,3,168.46,4,4,La Estrella,Alquilado,Finca
6fcfa831-7212-4f0a-a4a8-14c2433165f9,65408905.95,"Cl. 24F # 9-9 054857 Envigado, Antioquia","Se vende Casa de 3 habitaciones, con un área de 114.49 m², ubicada en el barrio Sabaneta, estrato 1. Ideal para familias o inversión.",2026-04-03 23:06:11.271719,2026-07-16 23:06:11.271719,3,114.49,5,1,Sabaneta,En construcción,Casa
77259b3a-9e9b-465e-8c88-4583daf10376,410847786.0,"Avenida Amazonas # 1-8 Este Local 59 522149 Aldana, Nariño","Se vende Oficina de 4 habitaciones, con un área de 109.7 m², ubicada en el barrio Itagui, estrato 2. Ideal para familias o inversión.",2025-03-06 06:00:39.661536,2025-07-31 06:00:39.661536,4,109.7,2,2,Itagui,Reservado,Oficina
ce0a1e93-3f8a-4508-968c-138de54bbeb4,209821963.65,"Avenida calle 9ª # 8-3 549545 Cáchira, Norte de Santander","Se vende Oficina de 3 habitaciones, con un área de 99.48 m², ubicada en el barrio La Estrella, estrato 4. Ideal para familias o inversión.",2024-11-12 04:57:58.011883,2025-08-04 04:57:58.011883,3,99.48,3,4,La Estrella,Vendido,Oficina
77f4d94a-b653-48bd-8419-f75f16b8eed9,82132569.31,"Cr. 65 # 20-8 Apto. 873 732945 Alpujarra, Tolima","Se vende Casa de 5 habitaciones, con un área de 161.85 m², ubicada en el barrio Poblado, estrato 5. Ideal para familias o inversión.",2026-05-23 02:54:33.947741,2027-03-17 02:54:33.947741,5,161.85,1,5,Poblado,Disponible,Casa
c6dd9c56-33ab-411a-9b27-e532abcca735,721811085.52,"Cr. 94 # 79-4 Este Casa 59 708161 Majagual, Sucre","Se vende Apartamento de 4 habitaciones, con un área de 67.12 m², ubicada en el barrio Sabaneta, estrato 6. Ideal para familias o inversión.",2025-06-20 01:41:14.395892,2025-08-23 01:41:14.395892,4,67.12,1,6,Sabaneta,Vendido,Apartamento
3eee3c5d-c83d-4697-bc40-d806cd5da603,64945178.53,"Calle 119V # 8D-6 Este 176958 La Dorada, Caldas","Se vende Oficina de 4 habitaciones, con un área de 130.76 m², ubicada en el barrio La Estrella, estrato 5. Ideal para familias o inversión.",2025-04-02 08:40:12.958187,2026-01-06 08:40:12.958187,4,130.76,5,5,La Estrella,En construcción,Oficina
dc2a91c3-6006-4b39-a84a-22abc832cb34,978605380.82,"Calle 12G # 92-57 Sur Casa 51 689657 Sabana de Torres, Santander","Se vende Local Comercial de 1 habitaciones, con un área de 34.52 m², ubicada en el barrio Belen, estrato 6. Ideal para familias o inversión.",2024-12-16 16:25:01.263458,2025-10-16 16:25:01.263458,1,34.52,1,6,Belen,En construcción,Local Comercial
80055ca3-b993-4cef-8c07-7456a8cb494b,232335454.14,"Av. Montenegro # 1J-6 Este 681909 San Joaquín, Santander","Se vende Local Comercial de 2 habitaciones, con un área de 58.89 m², ubicada en el barrio Envigado, estrato 1. Ideal para familias o inversión.",2025-12-30 00:18:40.680394,2026-06-01 00:18:40.680394,2,58.89,5,1,Envigado,Alquilado,Local Comercial
4d8c0045-581d-41d1-9481-e68889d8b76b,486047858.27,"Carrera 132 # 93-7 Sur 059656 Abejorral, Antioquia","Se vende Finca de 3 habitaciones, con un área de 244.63 m², ubicada en el barrio Itagui, estrato 1. Ideal para familias o inversión.",2026-09-13 09:08:43.041054,2027-05-08 09:08:43.041054,3,244.63,2,1,Itagui,Vendido,Finca
c0dbcefd-a8e5-4df2-8359-7358d703657a,435014383.2,"Cr. 7ª # 7Z-39 Sur Etapa 3 apartamento 3 152762 Ventaquemada, Boyacá","Se vende Finca de 1 habitaciones, con un área de 206.51 m², ubicada en el barrio Poblado, estrato 6. Ideal para familias o inversión.",2026-06-11 22:13:05.509771,2026-08-27 22:13:05.509771,1,206.51,4,6,Poblado,En construcción,Finca
68972bbe-f662-4c78-bd14-2e655cc77508,524865473.46,"Avenida carrera 4ª # 94-66 689097 Simacota, Santander","Se vende Local Comercial de 1 habitaciones, con un área de 201.92 m², ubicada en el barrio Envigado, estrato 6. Ideal para familias o inversión.",2025-10-13 11:12:47.938267,2025-12-24 11:12:47.938267,1,201.92,4,6,Envigado,Alquilado,Local Comercial
9f02e575-b3ad-4f60-9fe7-8c113dfe1b80,906209311.07,"Avenida San Juan Nepomuceno # 9-51 Este 737818 Piedras, Tolima","Se vende Oficina de 1 habitaciones, con un área de 271.59 m², ubicada en el barrio Sabaneta, estrato 1. Ideal para familias o inversión.",2026-09-20 22:18:53.420895,2027-02-05 22:18:53.420895,1,271.59,5,1,Sabaneta,Reservado,Oficina
4de73086-e8fb-41a8-8aca-007eccffd6a5,585334370.85,"Cr. 59 # 19-84 Este 506544 Lejanías, Meta","Se vende Finca de 1 habitaciones, con un área de 279.52 m², ubicada en el barrio Belen, estrato 6. Ideal para familias o inversión.",2024-11-13 21:36:31.547076,2025-09-17 21:36:31.547076,1,279.52,1,6,Belen,Vendido,Finca
d6e15441-d6a5-4460-b09d-99b7644d0359,932431193.24,"Dg. 20 # 89-62 Etapa 1 apartamento 51 054429 Sonsón, Antioquia","Se vende Finca de 1 habitaciones, con un área de 289.6 m², ubicada en el barrio Envigado, estrato 5. Ideal para familias o inversión.",2025-02-06 20:36:41.939755,2025-09-27 20:36:41.939755,1,289.6,3,5,Envigado,Vendido,Finca
fb16469e-c15d-4595-a6ae-fc5753425905,767828801.29,"Cl. 63O Este # 5-2 Bodega 31 259276 Facatativá, Cundinamarca","Se vende Oficina de 2 habitaciones, con un área de 183.01 m², ubicada en el barrio Itagui, estrato 4. Ideal para familias o inversión.",2025-04-15 04:33:01.891575,2025-11-27 04:33:01.891575,2,183.01,2,4,Itagui,Disponible,Oficina
ba68feb4-691f-4129-a975-1b8191decbcb,373563109.15,"Carrera 77 Bis # 28-90 Este 546742 Toledo, Norte de Santander","Se vende Oficina de 3 habitaciones, con un área de 44.5 m², ubicada en el barrio Sabaneta, estrato 4. Ideal para familias o inversión.",2025-02-05 18:41:06.947626,2025-04-14 18:41:06.947626,3,44.5,5,4,Sabaneta,En construcción,Oficina
0663466c-8069-42cd-a4b8-661f466a3475,266731470.36,"Cr. 6 Este # 20-1 Sur 687393 Guavatá, Santander","Se vende Local Comercial de 3 habitaciones, con un área de 38.0 m², ubicada en el barrio La Estrella, estrato 3. Ideal para familias o inversión.",2025-06-21 19:32:23.539659,2026-03-29 19:32:23.539659,3,38.0,5,3,La Estrella,Reservado,Local Comercial
f3a5817b-30ef-4515-b72d-32eea74a0bca,783559033.93,"Carrera 4ª # 21U-31 Sur Bodega 64 150091 Chiscas, Boyacá","Se vende Local Comercial de 2 habitaciones, con un área de 213.52 m², ubicada en el barrio Caldas, estrato 6. Ideal para familias o inversión.",2024-12-16 17:12:11.920613,2025-02-27 17:12:11.920613,2,213.52,3,6,Caldas,Vendido,Local Comercial
fc9e5972-ba0d-4ead-87fe-8909dde5323d,350844317.25,"Calle 70 # 5-50 194654 La Vega, Cauca","Se vende Apartamento de 1 habitaciones, con un área de 102.35 m², ubicada en el barrio Envigado, estrato 4. Ideal para familias o inversión.",2026-01-28 19:59:28.032734,2026-09-14 19:59:28.032734,1,102.35,1,4,Envigado,Disponible,Apartamento
514c74df-6458-46eb-a182-2882d8c4fe2a,132932370.74,"Calle 119C # 87-30 Este 763917 Andalucía, Valle del Cauca","Se vende Apartamento de 3 habitaciones, con un área de 150.08 m², ubicada en el barrio Laureles, estrato 3. Ideal para familias o inversión.",2025-08-24 04:20:31.372418,2025-11-29 04:20:31.372418,3,150.08,4,3,Laureles,Reservado,Apartamento
23f2b426-e432-41aa-af5a-7b06a4f07625,386218572.98,"Cr. 118 # 8-26 Este Oficina 56 058776 Peque, Antioquia","Se vende Oficina de 5 habitaciones, con un área de 168.36 m², ubicada en el barrio Poblado, estrato 1. Ideal para familias o inversión.",2026-01-17 02:26:46.088239,2026-04-02 02:26:46.088239,5,168.36,1,1,Poblado,En construcción,Oficina
c75ee707-1a48-467a-bd60-f5678710d6a8,418409581.41,"Cl. 18G Este # 73V-24 Este 528517 El Tambo, Nariño","Se vende Oficina de 3 habitaciones, con un área de 263.2 m², ubicada en el barrio Belen, estrato 1. Ideal para familias o inversión.",2025-11-01 09:05:22.842763,2026-06-30 09:05:22.842763,3,263.2,1,1,Belen,En construcción,Oficina
ec4ef289-7548-484a-9c6e-bd1f3f892726,181898056.01,"Calle 184 # 17-1 Sur Apto. 8 733093 Saldaña, Tolima","Se vende Casa de 5 habitaciones, con un área de 170.7 m², ubicada en el barrio Caldas, estrato 6. Ideal para familias o inversión.",2026-02-21 12:51:11.036654,2026-06-17 12:51:11.036654,5,170.7,3,6,Caldas,Alquilado,Casa
3498dbeb-804b-4573-b1e1-ef05f2138eca,334764641.23,"Carrera 179A # 3-1 Oficina 28 059310 Salgar, Antioquia","Se vende Local Comercial de 2 habitaciones, con un área de 47.08 m², ubicada en el barrio Belen, estrato 4. Ideal para familias o inversión.",2024-11-16 07:06:55.155428,2025-07-19 07:06:55.155428,2,47.08,1,4,Belen,Alquilado,Local Comercial
6344278b-05cb-4372-9ceb-e3982eab48b3,151623749.2,"Diagonal 66 # 7X-6 Apto. 8 411799 Rivera, Huila","Se vende Finca de 2 habitaciones, con un área de 224.64 m², ubicada en el barrio Sabaneta, estrato 4. Ideal para familias o inversión.",2026-01-11 11:54:45.009955,2026-10-02 11:54:45.009955,2,224.64,3,4,Sabaneta,Disponible,Finca
7b97b337-71d9-4b2d-b589-5e5a17e2a10e,367999412.56,Calle 36 # 88-42 Este Casa 6 999251 Puerto Carreño,"Se vende Local Comercial de 3 habitaciones, con un área de 257.24 m², ubicada en el barrio Itagui, estrato 4. Ideal para familias o inversión.",2026-09-19 04:35:11.996195,2027-06-01 04:35:11.996195,3,257.24,5,4,Itagui,Vendido,Local Comercial
98d1c559-9fda-4d24-918f-c6d3585a14d2,348474117.14,"Avenida Betulia # 47-32 Este Oficina 31 150219 Briceño, Boyacá","Se vende Finca de 3 habitaciones, con un área de 192.87 m², ubicada en el barrio Sabaneta, estrato 6. Ideal para familias o inversión.",2024-11-05 01:54:32.529743,2025-08-07 01:54:32.529743,3,192.87,4,6,Sabaneta,Alquilado,Finca
279dbd40-114f-4fe5-b286-acfe3d5b0b01,316285139.14,"Calle 43 # 9-2 Este Oficina 4 687914 Socorro, Santander","Se vende Finca de 4 habitaciones, con un área de 291.3 m², ubicada en el barrio Itagui, estrato 2. Ideal para familias o inversión.",2025-04-22 06:33:23.307639,2025-11-30 06:33:23.307639,4,291.3,4,2,Itagui,Alquilado,Finca
64085df6-36e6-4e90-8358-10bed6214763,75570303.24,"Transversal 60 # 5-66 Este Torre 8 apartamento 40 942772 Pana Pana, Guainía","Se vende Apartamento de 5 habitaciones, con un área de 83.95 m², ubicada en el barrio Envigado, estrato 5. Ideal para familias o inversión.",2025-06-27 17:04:31.854204,2026-05-04 17:04:31.854204,5,83.95,4,5,Envigado,Vendido,Apartamento
97b36646-e4a4-4711-bc79-ebed5140929e,182220166.56,"Cl. 8ª # 75-4 Este Apartamento 2 680781 Vélez, Santander","Se vende Local Comercial de 3 habitaciones, con un área de 254.45 m², ubicada en el barrio Caldas, estrato 1. Ideal para familias o inversión.",2026-05-17 11:57:47.894938,2027-02-26 11:57:47.894938,3,254.45,3,1,Caldas,Vendido,Local Comercial
86b61bfe-e3e0-454b-8df0-1331bc63d627,991165583.72,"Carrera 1ª # 8E-33 Sur Torre 2 apartamento 6 476363 Fundación, Magdalena","Se vende Finca de 2 habitaciones, con un área de 223.11 m², ubicada en el barrio Laureles, estrato 4. Ideal para familias o inversión.",2026-02-12 18:38:58.202217,2026-10-29 18:38:58.202217,2,223.11,4,4,Laureles,En construcción,Finca
7d8e8b48-af57-422d-af92-efba882b5d44,84926905.86,"Carrera 36 # 33-34 Este Torre 6 apartamento 52 709042 Coveñas, Sucre","Se vende Local Comercial de 5 habitaciones, con un área de 166.79 m², ubicada en el barrio Caldas, estrato 6. Ideal para familias o inversión.",2025-07-06 04:09:24.259803,2026-05-10 04:09:24.259803,5,166.79,3,6,Caldas,En construcción,Local Comercial
f3a6a0d8-d446-4462-9ec2-f91736e9add6,664649855.58,"Carrera 39 # 16A-1 Sur 250633 Cáqueza, Cundinamarca","Se vende Oficina de 1 habitaciones, con un área de 59.53 m², ubicada en el barrio Itagui, estrato 2. Ideal para familias o inversión.",2026-09-15 00:21:05.294691,2027-01-08 00:21:05.294691,1,59.53,1,2,Itagui,En construcción,Oficina
e9fe7b4d-7e3f-4be9-9edd-e249d08db5b8,143676230.65,"Cr. 3N Este # 2-13 Sur 767318 Pradera, Valle del Cauca","Se vende Local Comercial de 3 habitaciones, con un área de 290.74 m², ubicada en el barrio Laureles, estrato 4. Ideal para familias o inversión.",2026-03-26 03:21:00.035927,2026-04-30 03:21:00.035927,3,290.74,2,4,Laureles,En construcción,Local Comercial
9525b49c-0702-4f17-b62e-5e79fd263e57,405413589.41,"Avenida carrera 116 # 1K-58 Sur 172570 Neira, Caldas","Se vende Oficina de 5 habitaciones, con un área de 186.74 m², ubicada en el barrio Sabaneta, estrato 5. Ideal para familias o inversión.",2026-02-07 01:36:24.135072,2026-10-23 01:36:24.135072,5,186.74,4,5,Sabaneta,En construcción,Oficina
90b75e25-092a-4f32-b9e6-cefd3a212d44,330660609.49,"Cl. 9ª # 38-63 Torre 2 apartamento 60 956579 Miraflores, Guaviare","Se vende Oficina de 2 habitaciones, con un área de 123.14 m², ubicada en el barrio La Estrella, estrato 1. Ideal para familias o inversión.",2026-04-09 07:40:00.399000,2026-07-01 07:40:00.399000,2,123.14,1,1,La Estrella,Disponible,Oficina
0bc0796c-f2ab-4f8e-a646-048e8fb132ee,508779698.84,"Carrera 117 # 88-64 Este Torre 4 apartamento 644 731557 Honda, Tolima","Se vende Casa de 3 habitaciones, con un área de 114.21 m², ubicada en el barrio Sabaneta, estrato 4. Ideal para familias o inversión.",2025-11-04 12:59:48.384381,2026-08-27 12:59:48.384381,3,114.21,4,4,Sabaneta,Disponible,Casa
a77d8000-f643-45e7-9bce-bf0b22cfe672,71455859.44,"Calle 42 # 50-7 Este 081124 Palmar de Varela, Atlántico","Se vende Local Comercial de 4 habitaciones, con un área de 116.11 m², ubicada en el barrio Poblado, estrato 3. Ideal para familias o inversión.",2026-08-27 22:05:11.800694,2026-11-23 22:05:11.800694,4,116.11,3,3,Poblado,Disponible,Local Comercial
ccd97bee-4dc1-4b44-b29f-6eb09515bbe1,581856504.87,"Avenida calle 185 # 65-8 Este 153103 Ramiriquí, Boyacá","Se vende Casa de 2 habitaciones, con un área de 169.32 m², ubicada en el barrio Envigado, estrato 5. Ideal para familias o inversión.",2025-11-05 20:34:24.065874,2026-05-23 20:34:24.065874,2,169.32,4,5,Envigado,Vendido,Casa
39e3ac5d-3f1e-4ff2-a50d-05e4c694b5d2,77732660.63,"Cl. 30 # 3-37 Este 862437 Villagarzón, Putumayo","Se vende Local Comercial de 2 habitaciones, con un área de 80.32 m², ubicada en el barrio Caldas, estrato 6. Ideal para familias o inversión.",2026-02-04 17:51:06.726459,2026-09-24 17:51:06.726459,2,80.32,5,6,Caldas,Vendido,Local Comercial
b3ca7aad-45f8-4024-a776-d22c24d172f9,314427588.99,"Cl. 42 # 60-6 Casa 3 191059 Guachené, Cauca","Se vende Local Comercial de 5 habitaciones, con un área de 145.98 m², ubicada en el barrio Sabaneta, estrato 1. Ideal para familias o inversión.",2025-11-01 09:18:38.640001,2026-03-16 09:18:38.640001,5,145.98,1,1,Sabaneta,En construcción,Local Comercial
881edd93-b524-4e52-9477-1e6e03674a8f,158257222.17,"Av. calle 12 # 58R-85 Sur Casa 91 946727 Pana Pana, Guainía","Se vende Apartamento de 5 habitaciones, con un área de 80.48 m², ubicada en el barrio Sabaneta, estrato 3. Ideal para familias o inversión.",2025-07-05 18:09:40.372203,2026-03-26 18:09:40.372203,5,80.48,4,3,Sabaneta,En construcción,Apartamento
fde97025-e6b6-44e1-bd47-5d11f86b0479,384385678.2,"Diagonal 175 # 1-4 Este Bodega 60 158140 Tenza, Boyacá","Se vende Finca de 5 habitaciones, con un área de 134.93 m², ubicada en el barrio Laureles, estrato 4. Ideal para familias o inversión.",2026-09-14 15:03:17.185599,2027-04-10 15:03:17.185599,5,134.93,4,4,Laureles,En construcción,Finca
3b223438-d0a5-4ddc-acf0-dd5e087f2a1d,347526457.62,"Av. carrera 6ª # 6-76 Sur 255998 Villeta, Cundinamarca","Se vende Casa de 3 habitaciones, con un área de 278.04 m², ubicada en el barrio Laureles, estrato 5. Ideal para familias o inversión.",2025-10-25 21:34:51.550020,2026-01-31 21:34:51.550020,3,278.04,2,5,Laureles,Alquilado,Casa
42b7a88c-ac95-43ee-bcb5-c3b8b392fa2f,616604526.57,"Cr. 76 # 2-3 Local 58 507674 Puerto López, Meta","Se vende Apartamento de 2 habitaciones, con un área de 130.79 m², ubicada en el barrio Caldas, estrato 2. Ideal para familias o inversión.",2024-10-15 06:07:07.153070,2025-06-16 06:07:07.153070,2,130.79,5,2,Caldas,Reservado,Apartamento
d27fe1b6-fb7f-45bf-9cde-48f9709eabf3,208522247.64,"Carrera 123 # 7-5 Este 864628 Orito, Putumayo","Se vende Local Comercial de 2 habitaciones, con un área de 161.4 m², ubicada en el barrio Envigado, estrato 5. Ideal para familias o inversión.",2025-05-15 20:29:53.972206,2026-03-25 20:29:53.972206,2,161.4,3,5,Envigado,Vendido,Local Comercial
efa420dc-3b14-4ff3-8672-f1a67d0c184b,954249852.96,"Cr. 74 # 4-1 Etapa 8 apartamento 93 412447 Íquira, Huila","Se vende Casa de 3 habitaciones, con un área de 257.34 m², ubicada en el barrio Poblado, estrato 5. Ideal para familias o inversión.",2025-09-29 17:06:25.667501,2026-04-30 17:06:25.667501,3,257.34,4,5,Poblado,Vendido,Casa
b9cf7cf8-fbeb-4666-a4ed-251725f1109d,700461837.03,"Cl. 1ª # 8-3 Sur 761589 Argelia, Valle del Cauca","Se vende Casa de 4 habitaciones, con un área de 290.23 m², ubicada en el barrio La Estrella, estrato 5. Ideal para familias o inversión.",2026-04-17 23:04:14.537537,2026-12-12 23:04:14.537537,4,290.23,4,5,La Estrella,Reservado,Casa
13d59de7-a914-4170-a352-40ee680efd92,81060332.52,"Calle 6K # 5V-5 Este Local 704 258321 Tocancipá, Cundinamarca","Se vende Local Comercial de 2 habitaciones, con un área de 52.32 m², ubicada en el barrio Sabaneta, estrato 1. Ideal para familias o inversión.",2025-02-02 15:26:52.646374,2025-07-31 15:26:52.646374,2,52.32,2,1,Sabaneta,En construcción,Local Comercial
b2cea62b-176a-449a-bc65-c14d2b56d0aa,535265681.2,"Transversal 121 # 4-48 Este Apto. 92 528457 Ipiales, Nariño","Se vende Finca de 2 habitaciones, con un área de 240.8 m², ubicada en el barrio La Estrella, estrato 5. Ideal para familias o inversión.",2026-02-28 04:49:37.030174,2027-01-05 04:49:37.030174,2,240.8,5,5,La Estrella,Disponible,Finca
5719b46c-743c-4122-80d3-f5ad62472592,569035610.99,"Calle 198O # 55-12 Este Apto. 71 860754 Puerto Asís, Putumayo","Se vende Finca de 5 habitaciones, con un área de 252.29 m², ubicada en el barrio Poblado, estrato 3. Ideal para familias o inversión.",2025-12-28 10:43:37.585100,2026-09-09 10:43:37.585100,5,252.29,4,3,Poblado,Disponible,Finca
e6feaa1f-eaf2-416d-b625-de29b71ed617,381148127.98,"Cr. 111 # 8-7 232321 Tierralta, Córdoba","Se vende Casa de 3 habitaciones, con un área de 266.2 m², ubicada en el barrio La Estrella, estrato 1. Ideal para familias o inversión.",2026-05-24 09:07:04.183145,2026-11-04 09:07:04.183145,3,266.2,1,1,La Estrella,Reservado,Casa
0c73b228-bf98-4593-ae86-d7edb08d28ec,651132099.38,"Av. calle 43 # 6-1 Apartamento 80 054011 Maceo, Antioquia","Se vende Apartamento de 2 habitaciones, con un área de 86.67 m², ubicada en el barrio Itagui, estrato 6. Ideal para familias o inversión.",2025-02-26 18:43:36.869165,2026-02-03 18:43:36.869165,2,86.67,2,6,Itagui,En construcción,Apartamento
7d7cb924-ac23-462d-a84c-80149015b511,317030767.85,"Calle 34 # 20R-4 Este Local 6 251908 Villapinzón, Cundinamarca","Se vende Casa de 2 habitaciones, con un área de 249.65 m², ubicada en el barrio Itagui, estrato 1. Ideal para familias o inversión.",2025-01-20 16:13:50.238552,2025-11-18 16:13:50.238552,2,249.65,5,1,Itagui,Vendido,Casa
0a9cd22a-f569-45c5-a74b-644eefee75ae,964633395.24,"Calle 25 # 38-8 Sur 736638 Dolores, Tolima","Se vende Finca de 3 habitaciones, con un área de 108.12 m², ubicada en el barrio Laureles, estrato 3. Ideal para familias o inversión.",2026-06-20 04:55:21.389105,2026-09-27 04:55:21.389105,3,108.12,4,3,Laureles,Disponible,Finca
c2064c27-b04b-40d6-800d-efb1221954e8,725825106.4,"Cl. 117 Bis G # 12L-8 Este 059473 Retiro, Antioquia","Se vende Finca de 2 habitaciones, con un área de 219.39 m², ubicada en el barrio Sabaneta, estrato 2. Ideal para familias o inversión.",2026-03-05 03:23:58.883430,2026-06-17 03:23:58.883430,2,219.39,2,2,Sabaneta,Reservado,Finca
3cede794-85aa-4ed6-b944-a789953b5c92,479392136.42,"Carrera 26 # 8-56 Este Apto. 26 682153 Mogotes, Santander","Se vende Local Comercial de 2 habitaciones, con un área de 185.9 m², ubicada en el barrio Caldas, estrato 3. Ideal para familias o inversión.",2024-12-22 04:13:06.791952,2025-08-01 04:13:06.791952,2,185.9,1,3,Caldas,Reservado,Local Comercial
45b6d7a4-47a0-4125-a26f-6fb82e3313a1,360924816.15,"Carrera 12 # 1-2 Sur 252711 Topaipí, Cundinamarca","Se vende Oficina de 3 habitaciones, con un área de 217.57 m², ubicada en el barrio La Estrella, estrato 3. Ideal para familias o inversión.",2026-04-18 21:03:06.734138,2027-01-22 21:03:06.734138,3,217.57,1,3,La Estrella,Disponible,Oficina
b51e6a17-8e0b-437b-85cd-6c3e7def2fed,969722151.07,"Cr. 97 # 9-95 Oficina 69 191877 Buenos Aires, Cauca","Se vende Local Comercial de 3 habitaciones, con un área de 259.53 m², ubicada en el barrio Caldas, estrato 5. Ideal para familias o inversión.",2026-02-13 16:38:58.969777,2026-07-04 16:38:58.969777,3,259.53,2,5,Caldas,Reservado,Local Comercial
1a6b00db-18d2-4223-ad11-207a86dc3d81,859801447.47,"Dg. 127 Bis # 74-8 057002 La Pintada, Antioquia","Se vende Finca de 3 habitaciones, con un área de 253.65 m², ubicada en el barrio Envigado, estrato 3. Ideal para familias o inversión.",2026-09-02 04:34:46.393262,2027-07-18 04:34:46.393262,3,253.65,3,3,Envigado,Disponible,Finca
0343e3ce-8ede-4de3-a05a-7ca11e51be1d,932961231.58,"Cl. 6J # 1-3 Sur 734796 Villarrica, Tolima","Se vende Apartamento de 1 habitaciones, con un área de 199.07 m², ubicada en el barrio Poblado, estrato 4. Ideal para familias o inversión.",2025-11-25 21:17:32.227908,2026-02-26 21:17:32.227908,1,199.07,2,4,Poblado,Reservado,Apartamento
2ffaf5c8-04b7-427c-b213-bc590af35917,888040375.84,"Cr. 29 # 24C-6 056503 Guatapé, Antioquia","Se vende Local Comercial de 1 habitaciones, con un área de 297.8 m², ubicada en el barrio Sabaneta, estrato 4. Ideal para familias o inversión.",2025-06-18 04:44:09.377842,2025-09-23 04:44:09.377842,1,297.8,3,4,Sabaneta,Vendido,Local Comercial
45c416a1-6959-4df6-babd-73ea2dbb33ba,681283370.84,"Cl. 29 # 4D-6 Sur Apartamento 894 477905 Fundación, Magdalena","Se vende Finca de 1 habitaciones, con un área de 206.74 m², ubicada en el barrio Laureles, estrato 3. Ideal para familias o inversión.",2024-10-20 17:58:36.141277,2025-05-28 17:58:36.141277,1,206.74,2,3,Laureles,Disponible,Finca
23bf1ee0-29bb-465f-a068-99618adb1d86,136639227.86,"Calle 79 # 2T-2 Este Casa 56 507183 El Dorado, Meta","Se vende Local Comercial de 3 habitaciones, con un área de 226.02 m², ubicada en el barrio Caldas, estrato 2. Ideal para familias o inversión.",2025-10-08 14:41:31.072735,2026-10-08 14:41:31.072735,3,226.02,1,2,Caldas,Disponible,Local Comercial
45f57df7-ca18-4d7e-93f3-f37bcb111337,695983588.87,"Carrera 94 # 38-1 Este 088468 Ponedera, Atlántico","Se vende Casa de 4 habitaciones, con un área de 51.04 m², ubicada en el barrio Sabaneta, estrato 5. Ideal para familias o inversión.",2025-06-09 09:40:43.541812,2026-03-31 09:40:43.541812,4,51.04,1,5,Sabaneta,Disponible,Casa
a46b9577-2f6e-4c72-a1fa-0cd220afc77b,117286890.13,"Calle 74 # 41-7 Sur Bodega 449 198357 Morales, Cauca","Se vende Finca de 1 habitaciones, con un área de 296.8 m², ubicada en el barrio Envigado, estrato 4. Ideal para familias o inversión.",2026-03-04 02:52:06.127539,2026-12-03 02:52:06.127539,1,296.8,4,4,Envigado,Disponible,Finca
94acba4e-e24f-4879-ac52-c942516e3f72,784787459.47,"Carrera 166 # 30-53 Etapa 4 apartamento 7 173034 Marmato, Caldas","Se vende Apartamento de 1 habitaciones, con un área de 114.6 m², ubicada en el barrio Envigado, estrato 3. Ideal para familias o inversión.",2026-05-31 01:17:46.484455,2027-01-11 01:17:46.484455,1,114.6,2,3,Envigado,Vendido,Apartamento
38a0b373-6ac2-49f4-9b85-67939ad5135a,383628332.89,"Avenida carrera 165 # 31-46 Casa 10 251594 Villapinzón, Cundinamarca","Se vende Apartamento de 5 habitaciones, con un área de 182.09 m², ubicada en el barrio Envigado, estrato 5. Ideal para familias o inversión.",2024-10-27 15:17:48.444541,2025-07-09 15:17:48.444541,5,182.09,2,5,Envigado,Vendido,Apartamento
a9d5acf8-4346-433d-808f-b373388f7d79,183012484.5,"Avenida calle 163 # 22G-3 Apto. 97 769155 Ginebra, Valle del Cauca","Se vende Local Comercial de 5 habitaciones, con un área de 215.37 m², ubicada en el barrio Laureles, estrato 2. Ideal para familias o inversión.",2025-11-27 10:25:36.394885,2026-02-16 10:25:36.394885,5,215.37,1,2,Laureles,En construcción,Local Comercial
f0ee01c3-4a05-4a37-962a-f53a6b6f2949,313119274.1,"Cl. 142 # 5-15 Este 681586 Oiba, Santander","Se vende Local Comercial de 3 habitaciones, con un área de 290.08 m², ubicada en el barrio Envigado, estrato 3. Ideal para familias o inversión.",2026-09-14 20:37:42.140890,2027-02-17 20:37:42.140890,3,290.08,1,3,Envigado,Vendido,Local Comercial
e756e4e6-e469-4bd3-b4e5-d5513cfbae0c,855497499.22,"Transversal 56 # 5-43 051837 Mutatá, Antioquia","Se vende Oficina de 5 habitaciones, con un área de 192.0 m², ubicada en el barrio Belen, estrato 5. Ideal para familias o inversión.",2026-09-12 13:57:34.353431,2026-10-25 13:57:34.353431,5,192.0,3,5,Belen,Vendido,Oficina
9c4ad27b-1300-4627-bb3e-ad18306e9c8c,663861285.91,"Carrera 169L # 88-15 445612 La Jagua del Pilar, La Guajira","Se vende Oficina de 5 habitaciones, con un área de 167.57 m², ubicada en el barrio Caldas, estrato 6. Ideal para familias o inversión.",2026-08-06 09:21:12.439266,2027-02-03 09:21:12.439266,5,167.57,2,6,Caldas,Reservado,Oficina
995fd6f2-9a27-4d49-9f53-cf89588178ad,894288301.68,"Carrera 72 # 85-37 Sur 195911 Jambaló, Cauca","Se vende Local Comercial de 1 habitaciones, con un área de 95.09 m², ubicada en el barrio Laureles, estrato 6. Ideal para familias o inversión.",2026-01-17 20:38:08.077834,2026-11-13 20:38:08.077834,1,95.09,1,6,Laureles,Alquilado,Local Comercial
a1d75be2-5ad4-45a1-8b6c-5c9212c772ca,569038410.1,"Av. carrera 9ª # 83-41 Sur 476930 Pedraza, Magdalena","Se vende Finca de 2 habitaciones, con un área de 134.45 m², ubicada en el barrio Caldas, estrato 5. Ideal para familias o inversión.",2025-02-10 01:44:47.632214,2025-09-15 01:44:47.632214,2,134.45,2,5,Caldas,Reservado,Finca
6e6ff979-d241-4e19-b864-d117213eda32,87835518.84,Carrera 8ª # 2P-4 Este Apartamento 792 185291 Florencia,"Se vende Apartamento de 1 habitaciones, con un área de 188.59 m², ubicada en el barrio Belen, estrato 1. Ideal para familias o inversión.",2026-03-02 14:34:10.220501,2026-07-20 14:34:10.220501,1,188.59,1,1,Belen,Reservado,Apartamento
81217287-f32c-411e-a5ea-335afba04cc6,716720106.69,"Calle 144 # 4-67 Este Etapa 8 apartamento 73 254362 Sopó, Cundinamarca","Se vende Oficina de 3 habitaciones, con un área de 199.71 m², ubicada en el barrio Caldas, estrato 5. Ideal para familias o inversión.",2025-03-03 17:50:33.233683,2025-11-04 17:50:33.233683,3,199.71,1,5,Caldas,En construcción,Oficina
a629a834-f824-4e8e-92b6-4f2c441df1bd,535739463.38,"Carrera 1ª # 8-63 Este Apto. 126 706694 Chalán, Sucre","Se vende Oficina de 5 habitaciones, con un área de 71.22 m², ubicada en el barrio Belen, estrato 1. Ideal para familias o inversión.",2026-02-18 04:38:15.581780,2026-04-29 04:38:15.581780,5,71.22,2,1,Belen,Vendido,Oficina
044af768-ab3c-4400-9e9f-da85ea20104a,713742087.53,"Carrera 85 # 6-9 Sur Apartamento 545 058092 San Juan de Urabá, Antioquia","Se vende Oficina de 3 habitaciones, con un área de 135.5 m², ubicada en el barrio Laureles, estrato 6. Ideal para familias o inversión.",2026-08-23 12:08:12.970197,2027-02-27 12:08:12.970197,3,135.5,2,6,Laureles,Disponible,Oficina
989cbc6d-e62d-4320-aee9-15aadf0ca0e7,628390784.21,"Avenida calle 94 # 6-82 156449 Jenesano, Boyacá","Se vende Casa de 1 habitaciones, con un área de 279.65 m², ubicada en el barrio La Estrella, estrato 1. Ideal para familias o inversión.",2025-01-17 22:17:25.088861,2025-12-26 22:17:25.088861,1,279.65,3,1,La Estrella,Vendido,Casa
f0bdea0e-ce7e-40ee-9756-bb1d4eb61da7,521592285.9,"Carrera 81 # 6-9 Sur Apartamento 4 682074 Onzaga, Santander","Se vende Apartamento de 1 habitaciones, con un área de 221.13 m², ubicada en el barrio Poblado, estrato 6. Ideal para familias o inversión.",2025-11-16 06:13:04.142434,2026-03-09 06:13:04.142434,1,221.13,3,6,Poblado,En construcción,Apartamento
f5daca7f-a136-48dc-9890-f704eea07d85,782858775.97,"Avenida calle 49 # 90-3 Sur Casa 21 154228 Floresta, Boyacá","Se vende Oficina de 3 habitaciones, con un área de 75.08 m², ubicada en el barrio Belen, estrato 2. Ideal para familias o inversión.",2025-09-05 17:37:08.285658,2025-12-04 17:37:08.285658,3,75.08,1,2,Belen,Alquilado,Oficina
a5b2ae55-c36d-462e-a8c3-8352fa6b1fe8,482437888.8,"Calle 87 # 14-69 255915 Junín, Cundinamarca","Se vende Local Comercial de 3 habitaciones, con un área de 171.44 m², ubicada en el barrio Laureles, estrato 3. Ideal para familias o inversión.",2026-08-09 16:38:16.515790,2027-05-20 16:38:16.515790,3,171.44,3,3,Laureles,Disponible,Local Comercial
57a75921-a153-4ca2-b7f3-7e0dc3c61ae4,899554999.14,"Av. carrera 26 # 4-72 685018 Valle de San José, Santander","Se vende Local Comercial de 5 habitaciones, con un área de 75.06 m², ubicada en el barrio Belen, estrato 2. Ideal para familias o inversión.",2026-01-28 16:06:04.927177,2026-04-20 16:06:04.927177,5,75.06,1,2,Belen,Vendido,Local Comercial
f280366b-f3ff-4c94-b08e-19b3413b6441,498176360.1,"Transversal 192V # 6-91 Casa 74 201476 San Martín, Cesar","Se vende Oficina de 1 habitaciones, con un área de 41.89 m², ubicada en el barrio Sabaneta, estrato 1. Ideal para familias o inversión.",2024-10-21 08:00:09.802118,2024-12-13 08:00:09.802118,1,41.89,4,1,Sabaneta,Vendido,Oficina
f8ae09c7-a2a2-408d-8634-9c470a1e2363,355711913.75,"Tr. 3 Este # 28Q-5 Sur Bodega 515 546610 Gramalote, Norte de Santander","Se vende Casa de 1 habitaciones, con un área de 179.27 m², ubicada en el barrio Caldas, estrato 6. Ideal para familias o inversión.",2025-09-29 00:13:53.762354,2026-02-20 00:13:53.762354,1,179.27,4,6,Caldas,Alquilado,Casa
e1c4df66-9922-42ba-9c31-d47f66b5fa8d,262025807.9,"Carrera 81 # 69-54 Este Etapa 3 apartamento 334 738108 Herveo, Tolima","Se vende Finca de 1 habitaciones, con un área de 184.31 m², ubicada en el barrio Poblado, estrato 1. Ideal para familias o inversión.",2025-08-21 19:54:09.298099,2025-12-20 19:54:09.298099,1,184.31,5,1,Poblado,Disponible,Finca
9caf7a32-c867-41eb-b48f-a03df7c5e6cc,132066246.31,"Cr. 57 # 4-32 760164 Palmira, Valle del Cauca","Se vende Local Comercial de 1 habitaciones, con un área de 266.79 m², ubicada en el barrio Belen, estrato 3. Ideal para familias o inversión.",2024-12-05 01:56:24.932327,2025-06-20 01:56:24.932327,1,266.79,4,3,Belen,Disponible,Local Comercial
de9e9988-21b9-4087-9c0a-50abd9b61682,399859946.31,"Carrera 197 # 6-79 Sur 251027 Quipile, Cundinamarca","Se vende Finca de 2 habitaciones, con un área de 108.73 m², ubicada en el barrio Sabaneta, estrato 3. Ideal para familias o inversión.",2026-04-05 00:57:18.025105,2026-12-28 00:57:18.025105,2,108.73,4,3,Sabaneta,Vendido,Finca
163315a9-dd0f-4861-b44e-7123341ee5d0,564467939.95,"Carrera 48U # 8-3 Sur Apartamento 4 150372 San Eduardo, Boyacá","Se vende Oficina de 2 habitaciones, con un área de 70.65 m², ubicada en el barrio Poblado, estrato 4. Ideal para familias o inversión.",2024-12-09 08:46:21.362738,2025-05-07 08:46:21.362738,2,70.65,1,4,Poblado,Alquilado,Oficina
5db3f123-3b91-4217-8db0-a35d51a60f19,244934654.26,"Carrera 16 # 7-71 Sur 150793 Iza, Boyacá","Se vende Apartamento de 4 habitaciones, con un área de 259.23 m², ubicada en el barrio Belen, estrato 6. Ideal para familias o inversión.",2025-08-10 12:34:46.631809,2025-11-01 12:34:46.631809,4,259.23,2,6,Belen,Reservado,Apartamento
fcf89f4d-5847-4700-9b7e-2f7102ec4af3,91705252.42,"Calle 86 # 6-8 Este Apartamento 873 278069 Nuquí, Chocó","Se vende Local Comercial de 1 habitaciones, con un área de 292.59 m², ubicada en el barrio Belen, estrato 2. Ideal para familias o inversión.",2026-03-28 18:29:55.492717,2026-06-13 18:29:55.492717,1,292.59,2,2,Belen,En construcción,Local Comercial
c2943d8f-78fc-492c-ae58-b781a64ac67d,140798155.07,"Cl. 76 # 6V-8 Etapa 4 apartamento 87 179597 Marulanda, Caldas","Se vende Local Comercial de 3 habitaciones, con un área de 153.78 m², ubicada en el barrio Laureles, estrato 6. Ideal para familias o inversión.",2025-08-21 00:10:14.142307,2026-07-14 00:10:14.142307,3,153.78,2,6,Laureles,Reservado,Local Comercial
40f379aa-2f99-4c8e-bd03-3c9d95cb2f8e,327092222.85,"Transversal 133P Bis # 60-5 Sur Apto. 8 272971 Bagadó, Chocó","Se vende Apartamento de 5 habitaciones, con un área de 183.31 m², ubicada en el barrio Envigado, estrato 4. Ideal para familias o inversión.",2026-01-03 14:14:15.539558,2026-06-03 14:14:15.539558,5,183.31,3,4,Envigado,Reservado,Apartamento
12f0858a-7b48-4a7b-96b3-cc7b175f9f3a,179306254.1,"Cl. 15 # 38-94 Este Apartamento 26 181837 San Vicente del Caguán, Caquetá","Se vende Finca de 3 habitaciones, con un área de 152.24 m², ubicada en el barrio Laureles, estrato 2. Ideal para familias o inversión.",2026-02-12 19:58:11.429743,2026-06-25 19:58:11.429743,3,152.24,5,2,Laureles,Disponible,Finca
901bb832-a866-4027-9c76-9f81f2dd4d79,164699900.22,"Calle 63 # 5-8 Este Bodega 8 058081 El Santuario, Antioquia","Se vende Casa de 1 habitaciones, con un área de 74.38 m², ubicada en el barrio Itagui, estrato 4. Ideal para familias o inversión.",2026-02-07 09:30:02.982448,2026-10-03 09:30:02.982448,1,74.38,3,4,Itagui,Vendido,Casa
d488d146-1c90-4843-9cab-dfb3b16adde0,817217059.45,"Diagonal 55 # 51-6 Este Casa 62 153760 Boyacá, Boyacá","Se vende Local Comercial de 3 habitaciones, con un área de 155.1 m², ubicada en el barrio Laureles, estrato 1. Ideal para familias o inversión.",2025-10-05 09:56:50.450310,2026-01-23 09:56:50.450310,3,155.1,3,1,Laureles,En construcción,Local Comercial
5df2d971-bbb4-4da7-b428-c3b3e70b2a6c,725599528.37,"Cl. 108A Bis E # 65C-7 526678 Guaitarilla, Nariño","Se vende Apartamento de 2 habitaciones, con un área de 255.7 m², ubicada en el barrio Envigado, estrato 3. Ideal para familias o inversión.",2026-04-10 17:58:46.184196,2026-06-25 17:58:46.184196,2,255.7,3,3,Envigado,Reservado,Apartamento
2513638b-5b7e-44d6-b151-e73f939bf33b,954491776.48,"Cl. 9ª # 82-46 Este 548455 Pamplonita, Norte de Santander","Se vende Oficina de 1 habitaciones, con un área de 212.84 m², ubicada en el barrio Envigado, estrato 3. Ideal para familias o inversión.",2025-08-19 10:20:32.620203,2025-10-03 10:20:32.620203,1,212.84,4,3,Envigado,En construcción,Oficina
62e9d862-7cfd-427b-a40a-48eaa095ee0c,61359077.01,"Carrera 91 Este # 68-3 Local 71 688562 Piedecuesta, Santander","Se vende Oficina de 2 habitaciones, con un área de 55.58 m², ubicada en el barrio Envigado, estrato 1. Ideal para familias o inversión.",2026-01-05 10:22:11.221078,2026-04-07 10:22:11.221078,2,55.58,2,1,Envigado,Vendido,Oficina
9cda2dcb-42ec-4281-8e47-04a5d6bf4aa0,606812814.59,"Cr. 81 # 8-60 Etapa 4 apartamento 58 945485 Pana Pana, Guainía","Se vende Casa de 4 habitaciones, con un área de 130.5 m², ubicada en el barrio Laureles, estrato 6. Ideal para familias o inversión.",2024-10-26 17:22:16.066743,2025-09-19 17:22:16.066743,4,130.5,1,6,Laureles,Disponible,Casa
acabc969-5b1f-43bc-91a4-f085dcb8118a,909824071.86,"Calle 8 Bis # 7-7 918315 La Victoria, Amazonas","Se vende Apartamento de 2 habitaciones, con un área de 273.67 m², ubicada en el barrio Envigado, estrato 4. Ideal para familias o inversión.",2026-05-17 16:03:49.350328,2026-08-02 16:03:49.350328,2,273.67,3,4,Envigado,Disponible,Apartamento
c45afef0-2a55-4f72-915c-c790ef286e43,521320071.65,"Carrera 5M # 86-8 Este 681586 El Carmen de Chucurí, Santander","Se vende Apartamento de 4 habitaciones, con un área de 43.67 m², ubicada en el barrio Caldas, estrato 5. Ideal para familias o inversión.",2024-12-12 17:39:14.166237,2025-08-01 17:39:14.166237,4,43.67,4,5,Caldas,Reservado,Apartamento
998ae236-1e02-436d-bc06-b5ab7105ed0f,473710859.11,"Cl. 17 # 28-75 177288 Pácora, Caldas","Se vende Casa de 3 habitaciones, con un área de 87.97 m², ubicada en el barrio Belen, estrato 2. Ideal para familias o inversión.",2026-09-17 07:20:29.615356,2027-03-09 07:20:29.615356,3,87.97,2,2,Belen,Disponible,Casa
dbe65a09-2c5c-43f2-9f00-1e66e84b1735,441392595.98,"Cr. 129 # 54-4 274544 Medio San Juan, Chocó","Se vende Oficina de 5 habitaciones, con un área de 196.58 m², ubicada en el barrio Belen, estrato 6. Ideal para familias o inversión.",2025-01-02 15:22:03.924937,2025-10-14 15:22:03.924937,5,196.58,5,6,Belen,Reservado,Oficina
a6a605cc-4ecc-4a7d-ad75-6d6dc9952a68,660519899.36,"Cl. 167 # 3T-3 Este 737949 Valle de San Juan, Tolima","Se vende Apartamento de 1 habitaciones, con un área de 105.54 m², ubicada en el barrio Caldas, estrato 2. Ideal para familias o inversión.",2026-05-27 16:54:11.121236,2026-10-06 16:54:11.121236,1,105.54,5,2,Caldas,Vendido,Apartamento
1510e952-1add-4b97-ad5b-3277bb985f87,567291915.73,"Av. carrera 57 # 52-90 Este Bodega 316 686580 Simacota, Santander","Se vende Oficina de 1 habitaciones, con un área de 297.14 m², ubicada en el barrio Itagui, estrato 6. Ideal para familias o inversión.",2026-01-14 06:30:40.987396,2026-10-16 06:30:40.987396,1,297.14,4,6,Itagui,Alquilado,Oficina
73c725cb-e28e-4023-b6d3-9aa34727aeba,352933688.96,"Cl. 89 # 9-6 Sur Torre 9 apartamento 18 131820 Regidor, Bolívar","Se vende Oficina de 5 habitaciones, con un área de 116.83 m², ubicada en el barrio Envigado, estrato 3. Ideal para familias o inversión.",2025-01-04 18:28:31.262212,2025-02-16 18:28:31.262212,5,116.83,2,3,Envigado,Disponible,Oficina
92dab9f2-4ac1-422a-97a5-b45969f2ad9b,999625459.47,"Av. Isabel Díaz Solano # 7-3 766411 Alcalá, Valle del Cauca","Se vende Finca de 1 habitaciones, con un área de 248.34 m², ubicada en el barrio Itagui, estrato 4. Ideal para familias o inversión.",2025-12-10 12:35:07.535763,2026-11-04 12:35:07.535763,1,248.34,2,4,Itagui,Disponible,Finca
ad5b7e8f-6d35-4699-a6a6-6f77512f5fd1,596907503.19,"Cl. 161 # 4-4 Sur 476152 El Retén, Magdalena","Se vende Casa de 2 habitaciones, con un área de 101.96 m², ubicada en el barrio Poblado, estrato 6. Ideal para familias o inversión.",2025-12-29 05:05:01.768264,2026-05-20 05:05:01.768264,2,101.96,4,6,Poblado,Alquilado,Casa
a20e2c84-ab27-480d-bcec-990f51038c00,76796241.24,"Transversal 94A # 91V-33 Sur 761706 Restrepo, Valle del Cauca","Se vende Casa de 2 habitaciones, con un área de 93.87 m², ubicada en el barrio Itagui, estrato 3. Ideal para familias o inversión.",2025-10-12 21:17:58.508703,2026-09-09 21:17:58.508703,2,93.87,3,3,Itagui,En construcción,Casa
c3bc444d-4496-4cdd-a238-f6b31f50b24d,343600418.54,"Av. carrera 88 # 8-5 Este 688238 San Benito, Santander","Se vende Oficina de 2 habitaciones, con un área de 182.04 m², ubicada en el barrio La Estrella, estrato 2. Ideal para familias o inversión.",2025-11-25 10:36:19.129402,2026-09-28 10:36:19.129402,2,182.04,4,2,La Estrella,Disponible,Oficina
aa7e9df3-5d6b-4c21-b45a-b97025e25bcd,504089538.76,"Cr. 2ª # 2-36 Este 053984 Abejorral, Antioquia","Se vende Apartamento de 1 habitaciones, con un área de 92.81 m², ubicada en el barrio Poblado, estrato 2. Ideal para familias o inversión.",2026-09-16 10:28:01.720514,2027-07-12 10:28:01.720514,1,92.81,3,2,Poblado,En construcción,Apartamento
d2b0c4ff-5872-42a7-a782-37735b308bd4,70817251.43,"Carrera 102 # 80-19 253553 Zipacón, Cundinamarca","Se vende Casa de 2 habitaciones, con un área de 122.0 m², ubicada en el barrio Itagui, estrato 2. Ideal para familias o inversión.",2025-11-16 20:19:10.929007,2026-01-15 20:19:10.929007,2,122.0,5,2,Itagui,Vendido,Casa
2e6cd73f-c75c-4dcd-b2b3-d6a5333a0443,606715830.01,"Avenida calle 75 # 1-2 Sur Bodega 7 687156 Aguada, Santander","Se vende Apartamento de 5 habitaciones, con un área de 262.38 m², ubicada en el barrio Itagui, estrato 1. Ideal para familias o inversión.",2026-02-09 17:57:40.801353,2026-09-29 17:57:40.801353,5,262.38,3,1,Itagui,Alquilado,Apartamento
459abe5d-81e5-440f-bd5f-128cb93d33d9,962628995.35,"Diagonal 83H # 44B-17 195319 Sotará Paispamba, Cauca","Se vende Finca de 2 habitaciones, con un área de 293.48 m², ubicada en el barrio Caldas, estrato 6. Ideal para familias o inversión.",2025-07-03 23:29:03.577928,2026-06-25 23:29:03.577928,2,293.48,3,6,Caldas,Vendido,Finca
a6b766ca-e080-4421-916b-1e9c0f7a513f,341482067.83,"Transversal 93 # 14-93 Este Apto. 52 541921 Santiago, Norte de Santander","Se vende Oficina de 5 habitaciones, con un área de 242.49 m², ubicada en el barrio Envigado, estrato 2. Ideal para familias o inversión.",2026-09-25 08:01:53.245019,2027-05-06 08:01:53.245019,5,242.49,3,2,Envigado,Vendido,Oficina
553a0a92-7b95-4b8d-aa1a-64fa796f143b,80763605.78,"Carrera 103 # 7-9 Sur 684187 Vetas, Santander","Se vende Casa de 1 habitaciones, con un área de 286.17 m², ubicada en el barrio Caldas, estrato 5. Ideal para familias o inversión.",2025-04-09 02:29:11.011642,2026-02-23 02:29:11.011642,1,286.17,5,5,Caldas,Alquilado,Casa
b3526aad-016a-44e1-8196-1ad381f2f896,364610004.86,"Calle 11 # 60-5 541332 Mutiscua, Norte de Santander","Se vende Oficina de 2 habitaciones, con un área de 202.7 m², ubicada en el barrio La Estrella, estrato 1. Ideal para familias o inversión.",2025-05-25 08:35:52.386608,2025-09-04 08:35:52.386608,2,202.7,1,1,La Estrella,Vendido,Oficina
ee94ca38-29e2-4d65-b7b9-41dd9729c134,60825839.28,"Carrera 10C # 3-11 Sur Local 18 259971 Fusagasugá, Cundinamarca","Se vende Finca de 3 habitaciones, con un área de 75.33 m², ubicada en el barrio Itagui, estrato 1. Ideal para familias o inversión.",2024-12-24 03:00:22.053271,2025-09-08 03:00:22.053271,3,75.33,2,1,Itagui,Vendido,Finca
74a8e8dd-6bd7-43eb-b8ae-8153929981fd,416640243.06,"Cl. 8T Sur # 2-66 Este 686619 Guavatá, Santander","Se vende Apartamento de 3 habitaciones, con un área de 99.3 m², ubicada en el barrio Poblado, estrato 1. Ideal para familias o inversión.",2024-11-15 08:55:37.297096,2025-01-08 08:55:37.297096,3,99.3,4,1,Poblado,Vendido,Apartamento
392bad90-4506-4456-86e7-a6f69d625508,837366628.69,"Diagonal 3S # 74-85 Este Bodega 99 051091 Guadalupe, Antioquia","Se vende Local Comercial de 4 habitaciones, con un área de 268.08 m², ubicada en el barrio Caldas, estrato 3. Ideal para familias o inversión.",2026-08-22 05:40:59.319900,2026-11-11 05:40:59.319900,4,268.08,5,3,Caldas,Vendido,Local Comercial
b8dc828e-bad6-446d-b749-69b515edfe40,352781062.56,"Dg. 32 # 69-5 Sur 199685 Mercaderes, Cauca","Se vende Casa de 4 habitaciones, con un área de 49.9 m², ubicada en el barrio Belen, estrato 1. Ideal para familias o inversión.",2026-01-02 20:51:19.056250,2026-02-11 20:51:19.056250,4,49.9,1,1,Belen,Disponible,Casa
3ea44221-9731-4d12-8647-cf299d6606bf,944742436.36,"Cl. 45C # 67-69 Este Casa 1 856533 Monterrey, Casanare","Se vende Finca de 2 habitaciones, con un área de 269.74 m², ubicada en el barrio Laureles, estrato 2. Ideal para familias o inversión.",2026-09-15 02:43:19.279315,2027-07-22 02:43:19.279315,2,269.74,1,2,Laureles,Alquilado,Finca
1245de87-d6a6-44d2-b064-3477e967c3df,945320145.2,"Cl. 175 # 4M-7 473033 Plato, Magdalena","Se vende Oficina de 5 habitaciones, con un área de 271.17 m², ubicada en el barrio Poblado, estrato 6. Ideal para familias o inversión.",2025-05-13 05:23:34.046598,2026-01-18 05:23:34.046598,5,271.17,2,6,Poblado,En construcción,Oficina
166c1aa7-8b61-4443-a645-6b0ed6344138,438815872.46,"Transversal 10L # 5-3 Local 10 052473 Arboletes, Antioquia","Se vende Local Comercial de 2 habitaciones, con un área de 44.46 m², ubicada en el barrio Sabaneta, estrato 3. Ideal para familias o inversión.",2026-06-01 18:54:33.798892,2026-10-06 18:54:33.798892,2,44.46,5,3,Sabaneta,En construcción,Local Comercial
dcef625a-a0b0-4c8f-b45f-fe03bd823f95,593181317.46,"Cr. 7ª # 41-55 Sur Local 9 180241 San José del Fragua, Caquetá","Se vende Finca de 3 habitaciones, con un área de 110.3 m², ubicada en el barrio Poblado, estrato 1. Ideal para familias o inversión.",2026-07-15 02:29:30.554106,2027-03-03 02:29:30.554106,3,110.3,4,1,Poblado,Vendido,Finca
456d1cd5-7fa0-40ef-b53c-af6954947d80,620204751.61,"Cr. 79 Bis # 40H-99 Sur Casa 91 522233 Pupiales, Nariño","Se vende Apartamento de 3 habitaciones, con un área de 31.03 m², ubicada en el barrio Belen, estrato 1. Ideal para familias o inversión.",2025-03-30 18:35:20.064217,2026-03-15 18:35:20.064217,3,31.03,2,1,Belen,Disponible,Apartamento
25374b7a-0a68-406c-b1a2-59ee55878bea,851580620.63,"Cr. 8 Bis # 62-6 Este Torre 1 apartamento 53 477912 Pijiño del Carmen, Magdalena","Se vende Apartamento de 2 habitaciones, con un área de 76.12 m², ubicada en el barrio Laureles, estrato 3. Ideal para familias o inversión.",2026-05-06 03:04:10.837254,2027-02-02 03:04:10.837254,2,76.12,3,3,Laureles,Reservado,Apartamento
5b132028-7d6b-4fd8-bb94-2a1bfb51ded3,566919727.76,"Cl. 36 # 94L-2 Bodega 59 763373 Bugalagrande, Valle del Cauca","Se vende Local Comercial de 4 habitaciones, con un área de 271.62 m², ubicada en el barrio Laureles, estrato 3. Ideal para familias o inversión.",2026-02-25 16:12:20.847268,2027-02-18 16:12:20.847268,4,271.62,2,3,Laureles,Alquilado,Local Comercial
244072a0-5905-4dd9-a8e1-dba256aee13b,491805058.35,Carrera 157 # 1-36 Sur 418956 Neiva,"Se vende Local Comercial de 3 habitaciones, con un área de 80.38 m², ubicada en el barrio Belen, estrato 1. Ideal para familias o inversión.",2026-04-08 09:29:05.511730,2026-12-19 09:29:05.511730,3,80.38,2,1,Belen,Alquilado,Local Comercial
1c8cda00-dcc2-42c2-9a8d-59b355098522,684734115.2,"Carrera 45 # 54-44 Este 133111 Barranco de Loba, Bolívar","Se vende Oficina de 1 habitaciones, con un área de 70.81 m², ubicada en el barrio Laureles, estrato 6. Ideal para familias o inversión.",2025-03-26 03:05:47.840482,2025-06-07 03:05:47.840482,1,70.81,5,6,Laureles,Reservado,Oficina
1cd99484-8060-4557-84c7-ddb28dc65df5,702714535.77,"Cr. 83 # 9-89 Este Etapa 1 apartamento 556 157826 Santana, Boyacá","Se vende Oficina de 2 habitaciones, con un área de 179.47 m², ubicada en el barrio Caldas, estrato 4. Ideal para familias o inversión.",2025-12-21 14:01:49.712538,2026-10-21 14:01:49.712538,2,179.47,4,4,Caldas,En construcción,Oficina
4c82ad26-a391-4a42-846f-4227b5d57333,592658938.51,"Carrera 52 # 67A-6 Apto. 66 507780 Granada, Meta","Se vende Casa de 4 habitaciones, con un área de 110.69 m², ubicada en el barrio Poblado, estrato 4. Ideal para familias o inversión.",2026-05-24 06:01:31.131276,2027-03-07 06:01:31.131276,4,110.69,5,4,Poblado,En construcción,Casa
721e21f9-2074-4b8c-9eb5-86882d101dbc,973556634.42,"Cl. 4M # 78C-4 Sur Etapa 6 apartamento 1 635999 La Tebaida, Quindío","Se vende Oficina de 2 habitaciones, con un área de 62.48 m², ubicada en el barrio Envigado, estrato 4. Ideal para familias o inversión.",2025-08-08 12:41:06.380439,2025-12-01 12:41:06.380439,2,62.48,2,4,Envigado,Vendido,Oficina
e872275d-a0a1-4a22-bf3d-793d16541ee8,997405765.44,"Transversal 56 # 9-24 Sur Etapa 2 apartamento 3 689702 Sucre, Santander","Se vende Apartamento de 4 habitaciones, con un área de 51.16 m², ubicada en el barrio Caldas, estrato 6. Ideal para familias o inversión.",2024-12-24 16:59:27.845582,2025-05-06 16:59:27.845582,4,51.16,2,6,Caldas,En construcción,Apartamento
258435ee-77c4-434d-bbfc-36499930567c,578545993.77,"Cl. 4G Este # 3-57 Este Apartamento 362 852867 Nunchía, Casanare","Se vende Finca de 3 habitaciones, con un área de 275.92 m², ubicada en el barrio Laureles, estrato 1. Ideal para familias o inversión.",2024-11-17 07:38:13.706118,2025-07-03 07:38:13.706118,3,275.92,5,1,Laureles,Alquilado,Finca
998ced26-1a3d-4db5-87f8-c26030758413,443720278.83,"Av. calle 8ª # 19-2 Sur 709385 El Roble, Sucre","Se vende Finca de 5 habitaciones, con un área de 153.7 m², ubicada en el barrio Caldas, estrato 1. Ideal para familias o inversión.",2025-03-03 14:49:04.687942,2025-05-29 14:49:04.687942,5,153.7,2,1,Caldas,En construcción,Finca
6f020ae4-7fe3-45c7-9e78-507082234e1b,790567462.12,"Transversal 129 # 1-4 703296 Caimito, Sucre","Se vende Oficina de 5 habitaciones, con un área de 234.76 m², ubicada en el barrio Laureles, estrato 1. Ideal para familias o inversión.",2026-01-21 11:00:06.535810,2026-12-05 11:00:06.535810,5,234.76,3,1,Laureles,En construcción,Oficina
9dc50476-1fd9-4515-abb6-3073854f64d2,628514044.35,"Calle 138 # 1-2 Este 941185 San Felipe, Guainía","Se vende Finca de 4 habitaciones, con un área de 101.32 m², ubicada en el barrio La Estrella, estrato 6. Ideal para familias o inversión.",2025-04-24 08:06:35.394264,2026-03-12 08:06:35.394264,4,101.32,1,6,La Estrella,Vendido,Finca
4f7b2bd8-8d04-48d3-9737-601df681bcf1,426003107.02,"Carrera 21O # 83-3 Sur Oficina 630 704125 Morroa, Sucre","Se vende Finca de 4 habitaciones, con un área de 68.84 m², ubicada en el barrio Caldas, estrato 5. Ideal para familias o inversión.",2026-02-25 15:47:08.671562,2026-04-15 15:47:08.671562,4,68.84,3,5,Caldas,Vendido,Finca
9f1faf51-cadf-49db-be69-ba8c7f52325a,826516629.04,"Cr. 50 # 6-3 Casa 1 174186 Marulanda, Caldas","Se vende Apartamento de 4 habitaciones, con un área de 278.63 m², ubicada en el barrio Poblado, estrato 3. Ideal para familias o inversión.",2026-05-28 15:43:20.907045,2026-12-16 15:43:20.907045,4,278.63,3,3,Poblado,Alquilado,Apartamento
e58eed67-da0d-44fc-aacb-1a5839b5c9d8,177666244.92,"Cr. 43H Bis # 7-1 910900 La Chorrera, Amazonas","Se vende Finca de 4 habitaciones, con un área de 261.72 m², ubicada en el barrio Laureles, estrato 6. Ideal para familias o inversión.",2026-03-12 05:07:42.940040,2026-08-05 05:07:42.940040,4,261.72,4,6,Laureles,Alquilado,Finca
b6b5a687-0571-4e56-a060-da626c2b0feb,250820977.0,"Avenida calle 6ª # 43-9 Sur Apto. 4 190681 Santa Rosa, Cauca","Se vende Finca de 4 habitaciones, con un área de 193.34 m², ubicada en el barrio Sabaneta, estrato 1. Ideal para familias o inversión.",2025-06-09 14:33:45.773955,2026-02-20 14:33:45.773955,4,193.34,4,1,Sabaneta,Reservado,Finca
6a1a6b77-b5ef-4984-ad66-68ac9fe18f53,345566938.62,"Cl. 64 # 4-7 Sur Torre 4 apartamento 25 156506 Maripí, Boyacá","Se vende Oficina de 3 habitaciones, con un área de 251.67 m², ubicada en el barrio Envigado, estrato 5. Ideal para familias o inversión.",2026-08-23 05:08:48.860196,2026-10-25 05:08:48.860196,3,251.67,5,5,Envigado,Reservado,Oficina
3e4c23a5-e09a-427c-bbbc-16c9393c6b74,881421528.32,"Dg. 27K # 8-79 Este 766252 Florida, Valle del Cauca","Se vende Casa de 5 habitaciones, con un área de 267.42 m², ubicada en el barrio Envigado, estrato 1. Ideal para familias o inversión.",2026-04-20 00:37:42.124036,2026-08-26 00:37:42.124036,5,267.42,2,1,Envigado,Disponible,Casa
9346b894-ace0-478e-8776-28e15f2527c5,399934331.2,"Calle 8ª # 7-42 Este 253639 Chocontá, Cundinamarca","Se vende Casa de 1 habitaciones, con un área de 153.24 m², ubicada en el barrio Sabaneta, estrato 3. Ideal para familias o inversión.",2026-01-17 06:56:46.399629,2026-07-06 06:56:46.399629,1,153.24,4,3,Sabaneta,En construcción,Casa
2c856aa3-4195-4a6c-9e26-ca788fda1ed7,614341413.78,"Cl. 40 # 4W-7 Este 684035 Puerto Parra, Santander","Se vende Local Comercial de 1 habitaciones, con un área de 213.92 m², ubicada en el barrio Itagui, estrato 2. Ideal para familias o inversión.",2024-11-03 00:57:28.430948,2025-08-10 00:57:28.430948,1,213.92,2,2,Itagui,Reservado,Local Comercial
9812bcf1-1a18-4f74-a1af-374114cd8ea4,320815907.61,"Carrera 43 # 86-5 Apartamento 21 682321 Piedecuesta, Santander","Se vende Oficina de 5 habitaciones, con un área de 124.44 m², ubicada en el barrio Belen, estrato 2. Ideal para familias o inversión.",2025-05-29 07:10:51.230707,2025-08-13 07:10:51.230707,5,124.44,4,2,Belen,Disponible,Oficina
e243ed92-cbae-4af3-bbc7-2596c301c501,263856438.87,"Av. carrera 75 # 8-77 Este 253471 Guayabetal, Cundinamarca","Se vende Casa de 5 habitaciones, con un área de 240.55 m², ubicada en el barrio Sabaneta, estrato 2. Ideal para familias o inversión.",2026-03-17 12:26:01.008440,2027-03-13 12:26:01.008440,5,240.55,2,2,Sabaneta,Alquilado,Casa
2c1d5681-0534-4054-9ade-b819e18f651c,915939666.15,"Carrera 74 Este # 57-7 Este 686149 Jesús María, Santander","Se vende Local Comercial de 5 habitaciones, con un área de 35.41 m², ubicada en el barrio Poblado, estrato 6. Ideal para familias o inversión.",2025-12-25 12:00:09.073940,2026-09-23 12:00:09.073940,5,35.41,2,6,Poblado,En construcción,Local Comercial
8a4da8cd-6213-4975-a5b5-a30683ac5f93,900708826.32,"Transversal 165 # 2-74 Local 33 080085 Usiacurí, Atlántico","Se vende Apartamento de 2 habitaciones, con un área de 98.15 m², ubicada en el barrio Belen, estrato 3. Ideal para familias o inversión.",2025-12-23 00:56:28.378639,2026-08-26 00:56:28.378639,2,98.15,3,3,Belen,Reservado,Apartamento
4f620563-6c3a-4416-aa8b-09a4bb0bab90,147196497.82,"Transversal 43X # 15-3 Sur 158750 Nobsa, Boyacá","Se vende Finca de 2 habitaciones, con un área de 156.01 m², ubicada en el barrio Caldas, estrato 6. Ideal para familias o inversión.",2026-10-01 07:56:47.397049,2027-08-26 07:56:47.397049,2,156.01,5,6,Caldas,Alquilado,Finca
2cc16009-6a4c-49af-bf9c-45ddf781f49b,110645201.2,"Calle 7 Bis F # 9-94 Este Etapa 4 apartamento 3 156691 Tenza, Boyacá","Se vende Oficina de 5 habitaciones, con un área de 194.44 m², ubicada en el barrio Laureles, estrato 3. Ideal para familias o inversión.",2025-12-22 14:36:09.032893,2026-09-24 14:36:09.032893,5,194.44,3,3,Laureles,Alquilado,Oficina
4261bbd2-94f2-49f2-bd04-918679464e4e,192432831.54,"Av. Andalucía # 2-7 Este 413640 Saladoblanco, Huila","Se vende Finca de 3 habitaciones, con un área de 207.15 m², ubicada en el barrio Belen, estrato 6. Ideal para familias o inversión.",2026-07-16 00:43:59.836621,2026-11-19 00:43:59.836621,3,207.15,2,6,Belen,Disponible,Finca
b35891b1-8cf0-4fb4-a0c4-eacfeb99b518,672630541.94,"Av. carrera 8ª # 33-4 Oficina 32 273728 Lloró, Chocó","Se vende Oficina de 4 habitaciones, con un área de 208.34 m², ubicada en el barrio Envigado, estrato 6. Ideal para familias o inversión.",2025-08-06 20:16:30.340898,2025-09-18 20:16:30.340898,4,208.34,3,6,Envigado,Alquilado,Oficina
8095f544-abb0-4438-8ef5-a9a6540b2526,740222382.75,"Cl. 49 # 11-1 Sur Etapa 7 apartamento 8 194161 Santander de Quilichao, Cauca","Se vende Local Comercial de 4 habitaciones, con un área de 134.83 m², ubicada en el barrio Sabaneta, estrato 1. Ideal para familias o inversión.",2026-04-07 03:33:29.761893,2026-10-29 03:33:29.761893,4,134.83,2,1,Sabaneta,En construcción,Local Comercial
66ec75cc-24c4-439b-b28d-d54688fe9cc9,142722910.62,"Cl. 165 # 6-45 Sur 059847 Argelia, Antioquia","Se vende Local Comercial de 3 habitaciones, con un área de 166.98 m², ubicada en el barrio Envigado, estrato 2. Ideal para familias o inversión.",2026-04-08 12:34:09.980071,2026-10-05 12:34:09.980071,3,166.98,2,2,Envigado,Alquilado,Local Comercial
dffb4e1d-889e-469c-b9c4-ea8e51ba099d,387519226.31,"Carrera 63 # 97-7 Este 526209 Tangua, Nariño","Se vende Oficina de 2 habitaciones, con un área de 285.67 m², ubicada en el barrio Laureles, estrato 3. Ideal para familias o inversión.",2026-02-04 04:13:43.738674,2026-06-27 04:13:43.738674,2,285.67,3,3,Laureles,Reservado,Oficina
586e9195-d322-47a4-a2e0-3f6ea4a3cc2d,497009739.29,"Cl. 164P Sur # 92-18 Apartamento 67 479769 Ariguaní, Magdalena","Se vende Finca de 3 habitaciones, con un área de 100.35 m², ubicada en el barrio La Estrella, estrato 3. Ideal para familias o inversión.",2025-02-20 15:10:50.265281,2025-05-21 15:10:50.265281,3,100.35,5,3,La Estrella,En construcción,Finca
a4b3e335-3962-4de5-a3b3-8db975d3b2ab,553346579.4,"Transversal 21 # 30-6 Sur 138333 San Fernando, Bolívar","Se vende Oficina de 1 habitaciones, con un área de 157.5 m², ubicada en el barrio Laureles, estrato 2. Ideal para familias o inversión.",2025-10-05 01:46:43.111097,2026-05-18 01:46:43.111097,1,157.5,4,2,Laureles,Disponible,Oficina
4fe91a31-e2ae-425f-a722-e9aaa3b81f88,898202867.15,"Cl. 96W # 53N-23 Sur 233991 San Bernardo del Viento, Córdoba","Se vende Casa de 2 habitaciones, con un área de 297.93 m², ubicada en el barrio Caldas, estrato 3. Ideal para familias o inversión.",2026-04-19 02:57:14.495933,2027-03-06 02:57:14.495933,2,297.93,4,3,Caldas,Vendido,Casa
75ad8b03-f918-4a7e-85de-2fcfbf944027,987308354.06,"Carrera 7ª # 95K-42 136904 San Martín de Loba, Bolívar","Se vende Finca de 2 habitaciones, con un área de 240.31 m², ubicada en el barrio Itagui, estrato 4. Ideal para familias o inversión.",2024-12-09 09:33:54.724128,2025-11-27 09:33:54.724128,2,240.31,3,4,Itagui,Disponible,Finca
09a5d203-4edd-4c9f-aaee-ee4652cfd125,795950360.41,"Cr. 60 # 5-81 Este 947294 Puerto Colombia, Guainía","Se vende Apartamento de 4 habitaciones, con un área de 103.85 m², ubicada en el barrio Envigado, estrato 2. Ideal para familias o inversión.",2025-07-22 02:49:21.068701,2026-04-28 02:49:21.068701,4,103.85,1,2,Envigado,Vendido,Apartamento
c497f5e5-7906-413b-8058-90d173781b89,414150599.05,"Diagonal 12 # 75-8 Sur Etapa 7 apartamento 12 760276 Bugalagrande, Valle del Cauca","Se vende Oficina de 4 habitaciones, con un área de 201.04 m², ubicada en el barrio Caldas, estrato 4. Ideal para familias o inversión.",2026-06-03 16:32:36.981450,2027-03-04 16:32:36.981450,4,201.04,1,4,Caldas,En construcción,Oficina
de89cdc4-5de4-48a1-92f1-d0c3042517e9,692910734.59,"Avenida carrera 104 # 32-8 Este 541259 Los Patios, Norte de Santander","Se vende Casa de 3 habitaciones, con un área de 286.52 m², ubicada en el barrio Sabaneta, estrato 3. Ideal para familias o inversión.",2026-04-12 20:16:37.002429,2026-05-21 20:16:37.002429,3,286.52,2,3,Sabaneta,Vendido,Casa
d8896e78-c83a-4082-b325-54e674082706,112022671.35,"Av. calle 61 # 90F-61 Este Torre 4 apartamento 49 152662 Soracá, Boyacá","Se vende Finca de 3 habitaciones, con un área de 64.81 m², ubicada en el barrio Belen, estrato 4. Ideal para familias o inversión.",2025-09-23 18:19:55.864718,2026-01-16 18:19:55.864718,3,64.81,1,4,Belen,Alquilado,Finca
75dc9f89-a505-48a9-806b-e59793eeb8a8,893575341.65,"Av. carrera 26 # 86-64 Oficina 4 156749 Tinjacá, Boyacá","Se vende Finca de 4 habitaciones, con un área de 226.51 m², ubicada en el barrio Itagui, estrato 5. Ideal para familias o inversión.",2025-08-19 05:56:41.275987,2026-04-28 05:56:41.275987,4,226.51,2,5,Itagui,Alquilado,Finca
4757fc72-3cb9-4d8f-a6cd-d4e377a13386,266997370.59,"Tr. 56 # 61-2 Este 134192 Montecristo, Bolívar","Se vende Local Comercial de 3 habitaciones, con un área de 232.53 m², ubicada en el barrio Caldas, estrato 2. Ideal para familias o inversión.",2025-01-02 00:11:04.977623,2025-02-10 00:11:04.977623,3,232.53,2,2,Caldas,Vendido,Local Comercial
cb5cad1d-0211-444b-9a05-54e4d6f07293,802520797.29,"Diagonal 9ª # 21-33 Este 948887 Barrancominas, Guainía","Se vende Apartamento de 5 habitaciones, con un área de 166.25 m², ubicada en el barrio Itagui, estrato 1. Ideal para familias o inversión.",2026-08-01 06:27:09.459314,2027-07-30 06:27:09.459314,5,166.25,4,1,Itagui,Alquilado,Apartamento
37837d5a-fdb9-40e5-95fb-c065eab18a6e,844314009.09,"Dg. 2B # 94Q-35 Sur Bodega 6 059321 Santa Fé de Antioquia, Antioquia","Se vende Oficina de 5 habitaciones, con un área de 43.12 m², ubicada en el barrio Laureles, estrato 1. Ideal para familias o inversión.",2026-02-26 04:35:12.586140,2027-02-25 04:35:12.586140,5,43.12,1,1,Laureles,Disponible,Oficina
3f00fae0-1165-45ab-a87c-40de7a9f3240,716774804.11,Cl. 40 Sur # 3-5 055859 Medellín,"Se vende Local Comercial de 4 habitaciones, con un área de 132.67 m², ubicada en el barrio Belen, estrato 5. Ideal para familias o inversión.",2026-09-20 02:29:53.068418,2027-06-19 02:29:53.068418,4,132.67,2,5,Belen,Disponible,Local Comercial
31d768dc-d7ae-4ee3-bbe0-1a53bc760cc6,625352620.08,"Transversal 162 # 51-4 Este 234626 Moñitos, Córdoba","Se vende Finca de 4 habitaciones, con un área de 208.65 m², ubicada en el barrio Belen, estrato 6. Ideal para familias o inversión.",2026-09-05 17:28:29.159869,2027-08-19 17:28:29.159869,4,208.65,2,6,Belen,Reservado,Finca
3f6d4e06-1dde-464b-b7f1-6176e9986e65,795522062.86,Cl. 28 # 66-21 Sur 816609 Arauca,"Se vende Apartamento de 5 habitaciones, con un área de 224.07 m², ubicada en el barrio Belen, estrato 1. Ideal para familias o inversión.",2025-07-05 04:36:54.075330,2025-10-01 04:36:54.075330,5,224.07,4,1,Belen,Vendido,Apartamento
4478adea-d428-4bea-bb29-62f08b238d82,718264912.73,"Calle 197Q Bis # 6-5 Este Casa 40 256361 Topaipí, Cundinamarca","Se vende Oficina de 2 habitaciones, con un área de 240.05 m², ubicada en el barrio Sabaneta, estrato 5. Ideal para familias o inversión.",2026-08-01 12:50:57.412694,2027-03-02 12:50:57.412694,2,240.05,3,5,Sabaneta,Vendido,Oficina
20cb85b0-aa5b-43c7-a762-b0533c145213,272780002.67,"Calle 108 # 72-52 158896 Boavita, Boyacá","Se vende Apartamento de 5 habitaciones, con un área de 164.02 m², ubicada en el barrio La Estrella, estrato 2. Ideal para familias o inversión.",2025-04-22 08:23:00.952671,2025-11-07 08:23:00.952671,5,164.02,1,2,La Estrella,Disponible,Apartamento
5a1cec3d-b137-4b22-b40d-e0b8b50f12c4,121295802.95,"Cr. 24 Este # 25N-2 528446 Policarpa, Nariño","Se vende Apartamento de 5 habitaciones, con un área de 210.64 m², ubicada en el barrio Laureles, estrato 2. Ideal para familias o inversión.",2026-08-08 06:04:24.966783,2027-05-26 06:04:24.966783,5,210.64,1,2,Laureles,Alquilado,Apartamento
8cd6a120-8745-4202-a3e3-0aee08c89941,97576186.02,"Transversal 87E # 28-7 138706 Turbaco, Bolívar","Se vende Casa de 4 habitaciones, con un área de 296.94 m², ubicada en el barrio Belen, estrato 3. Ideal para familias o inversión.",2026-03-23 13:34:54.123380,2026-12-15 13:34:54.123380,4,296.94,2,3,Belen,Disponible,Casa
b454e4b7-301c-48aa-8ce4-87e5f25fdf5c,140248546.81,"Diagonal 9ª # 7-80 Sur 052832 Argelia, Antioquia","Se vende Finca de 3 habitaciones, con un área de 246.43 m², ubicada en el barrio Caldas, estrato 3. Ideal para familias o inversión.",2025-12-30 12:50:11.515723,2026-03-29 12:50:11.515723,3,246.43,1,3,Caldas,Disponible,Finca
0a89eb69-81db-49b7-a6d7-b51e0ad0a097,403991045.61,"Carrera 148G # 8B-8 154430 Gachantivá, Boyacá","Se vende Casa de 2 habitaciones, con un área de 118.74 m², ubicada en el barrio Belen, estrato 4. Ideal para familias o inversión.",2025-02-07 21:14:18.918820,2025-04-25 21:14:18.918820,2,118.74,3,4,Belen,Vendido,Casa
529bbb03-d5bd-4084-8781-6a6b52f5ec2a,705407309.59,"Carrera 91 # 72-2 Sur 702650 La Unión, Sucre","Se vende Apartamento de 4 habitaciones, con un área de 138.07 m², ubicada en el barrio Belen, estrato 4. Ideal para familias o inversión.",2025-06-23 05:07:47.016000,2026-02-05 05:07:47.016000,4,138.07,4,4,Belen,Reservado,Apartamento
5be72c2e-1d9e-40e9-a5c3-a4c5611c819f,148527450.45,"Carrera 75E # 4-2 Torre 8 apartamento 746 258417 Madrid, Cundinamarca","Se vende Casa de 1 habitaciones, con un área de 65.78 m², ubicada en el barrio Poblado, estrato 6. Ideal para familias o inversión.",2024-10-11 09:32:46.613513,2025-01-30 09:32:46.613513,1,65.78,5,6,Poblado,Reservado,Casa
04710432-f1a5-42b5-b8df-e7b7db8a0f26,77375418.09,"Carrera 125 # 76-38 Oficina 70 157416 Saboyá, Boyacá","Se vende Oficina de 4 habitaciones, con un área de 78.94 m², ubicada en el barrio Itagui, estrato 4. Ideal para familias o inversión.",2025-05-02 11:07:17.281989,2026-04-10 11:07:17.281989,4,78.94,2,4,Itagui,Reservado,Oficina
0ab66ef6-c4cf-4998-b826-ad5874765bdc,298532223.87,"Av. Marina Gutiérrez # 46-3 Este Casa 38 053056 Ebéjico, Antioquia","Se vende Local Comercial de 1 habitaciones, con un área de 269.65 m², ubicada en el barrio Poblado, estrato 4. Ideal para familias o inversión.",2026-09-05 21:57:25.158907,2026-11-06 21:57:25.158907,1,269.65,3,4,Poblado,Disponible,Local Comercial
874882a7-dd18-4980-b1fa-7b84bc5eaac7,546948016.46,"Dg. 42 # 7-1 Sur 251892 Lenguazaque, Cundinamarca","Se vende Oficina de 5 habitaciones, con un área de 225.42 m², ubicada en el barrio Itagui, estrato 2. Ideal para familias o inversión.",2025-10-14 19:12:25.044504,2026-08-05 19:12:25.044504,5,225.42,5,2,Itagui,Disponible,Oficina
5d2d398d-aeef-49a7-9da3-60b3862616de,847081370.17,"Tr. 156H # 78-1 Sur Oficina 1 156684 Sutatenza, Boyacá","Se vende Local Comercial de 2 habitaciones, con un área de 160.12 m², ubicada en el barrio Caldas, estrato 6. Ideal para familias o inversión.",2026-09-29 19:35:30.670362,2027-01-13 19:35:30.670362,2,160.12,5,6,Caldas,En construcción,Local Comercial
1a0e6d15-e715-4c0c-abcd-ef9886f6431a,875944852.88,"Carrera 29 # 84-6 Sur Etapa 6 apartamento 70 520005 La Florida, Nariño","Se vende Apartamento de 1 habitaciones, con un área de 203.72 m², ubicada en el barrio La Estrella, estrato 2. Ideal para familias o inversión.",2024-12-25 17:49:33.970062,2025-10-04 17:49:33.970062,1,203.72,1,2,La Estrella,Reservado,Apartamento
4739961d-c350-459f-842d-14e11f1faf96,261571197.01,"Cl. 79 # 2-3 Este 159895 Arcabuco, Boyacá","Se vende Finca de 2 habitaciones, con un área de 119.34 m², ubicada en el barrio Poblado, estrato 3. Ideal para familias o inversión.",2025-05-16 16:13:51.751205,2026-03-01 16:13:51.751205,2,119.34,4,3,Poblado,Reservado,Finca
86f01f51-11bb-4995-b1b8-cf5655ab2b54,863759762.97,"Tr. 182G # 4-7 Este Apartamento 41 158954 Macanal, Boyacá","Se vende Casa de 1 habitaciones, con un área de 153.96 m², ubicada en el barrio La Estrella, estrato 5. Ideal para familias o inversión.",2026-04-01 19:04:55.396829,2026-06-15 19:04:55.396829,1,153.96,4,5,La Estrella,Alquilado,Casa
d754f8c8-fe87-4a13-bfaf-45362d3a7d92,441721620.29,"Cl. 52 # 1-4 Este 506880 San Juan de Arama, Meta","Se vende Apartamento de 4 habitaciones, con un área de 231.21 m², ubicada en el barrio Laureles, estrato 1. Ideal para familias o inversión.",2026-03-10 03:52:48.176277,2026-11-01 03:52:48.176277,4,231.21,5,1,Laureles,En construcción,Apartamento
6302c9fd-7a1f-42e6-ae29-c76e2b865bdf,584215943.49,"Calle 13 # 8Z-98 Este 766943 Bugalagrande, Valle del Cauca","Se vende Apartamento de 1 habitaciones, con un área de 243.78 m², ubicada en el barrio Belen, estrato 5. Ideal para familias o inversión.",2026-05-24 08:24:21.549837,2027-03-10 08:24:21.549837,1,243.78,4,5,Belen,Alquilado,Apartamento
a9bc0b54-cb99-4289-81a3-131bf14b8b78,779045579.87,"Cr. 34 # 4-40 Este Etapa 4 apartamento 58 253083 Quetame, Cundinamarca","Se vende Finca de 1 habitaciones, con un área de 250.48 m², ubicada en el barrio Itagui, estrato 4. Ideal para familias o inversión.",2026-03-16 17:14:37.026726,2027-01-26 17:14:37.026726,1,250.48,5,4,Itagui,Reservado,Finca
7de87bb7-b586-4c39-819d-4fd376a27479,374289258.85,"Calle 53L # 1-9 Este 509450 San Juan de Arama, Meta","Se vende Finca de 4 habitaciones, con un área de 60.79 m², ubicada en el barrio Sabaneta, estrato 6. Ideal para familias o inversión.",2024-12-30 05:17:32.527928,2025-01-30 05:17:32.527928,4,60.79,3,6,Sabaneta,En construcción,Finca
9c8ddb5a-5ebd-4809-b3ac-0d13a1aeb25f,183426727.96,"Cl. 66 # 8-2 Sur 154396 Cómbita, Boyacá","Se vende Oficina de 3 habitaciones, con un área de 219.57 m², ubicada en el barrio Envigado, estrato 1. Ideal para familias o inversión.",2026-09-21 07:35:16.522088,2027-06-30 07:35:16.522088,3,219.57,4,1,Envigado,Disponible,Oficina
23e5dd84-3878-45dd-a859-a8ceffc36d74,484193707.88,"Avenida calle 4ª # 2-7 190422 La Vega, Cauca","Se vende Finca de 5 habitaciones, con un área de 82.9 m², ubicada en el barrio Caldas, estrato 1. Ideal para familias o inversión.",2025-02-15 22:36:13.968627,2025-07-05 22:36:13.968627,5,82.9,2,1,Caldas,Alquilado,Finca
4cf8463e-8877-4340-8e30-861e049c42cd,484518483.1,"Avenida calle 30 # 5-31 Este Apto. 9 636601 Filandia, Quindío","Se vende Apartamento de 4 habitaciones, con un área de 42.56 m², ubicada en el barrio Laureles, estrato 6. Ideal para familias o inversión.",2025-09-03 17:39:38.566823,2026-05-21 17:39:38.566823,4,42.56,5,6,Laureles,En construcción,Apartamento
ba34c242-e00e-4311-8e2b-5a3562807d1e,938542866.79,"Carrera 13 # 94-2 Apto. 91 057972 Betania, Antioquia","Se vende Casa de 4 habitaciones, con un área de 31.17 m², ubicada en el barrio Poblado, estrato 6. Ideal para familias o inversión.",2025-12-18 08:56:48.412208,2026-10-27 08:56:48.412208,4,31.17,5,6,Poblado,Reservado,Casa
4bb13be2-675d-4b4c-80ea-39503ee34568,418035300.26,"Cr. 73 # 31-27 Etapa 2 apartamento 92 150366 Chinavita, Boyacá","Se vende Oficina de 2 habitaciones, con un área de 216.79 m², ubicada en el barrio Envigado, estrato 2. Ideal para familias o inversión.",2026-05-31 22:34:58.670371,2026-08-22 22:34:58.670371,2,216.79,5,2,Envigado,En construcción,Oficina
d0ade610-2b25-4d7b-80b9-8d21bcd2eb9a,427976496.63,"Carrera 54 Bis E # 5-81 Este Local 211 279226 Atrato, Chocó","Se vende Finca de 5 habitaciones, con un área de 267.98 m², ubicada en el barrio Sabaneta, estrato 4. Ideal para familias o inversión.",2024-12-19 15:59:12.260232,2025-06-07 15:59:12.260232,5,267.98,3,4,Sabaneta,Alquilado,Finca
5ccf81fe-5792-485c-b258-478f5045d221,867672168.82,"Avenida calle 2ª # 34-2 Sur 252677 Simijaca, Cundinamarca","Se vende Local Comercial de 2 habitaciones, con un área de 67.31 m², ubicada en el barrio Belen, estrato 5. Ideal para familias o inversión.",2025-07-02 23:29:55.342602,2026-05-08 23:29:55.342602,2,67.31,5,5,Belen,Vendido,Local Comercial
13f6efbd-5050-4d6b-ad14-a14ab3a3408d,982268721.42,"Carrera 98 # 48-7 199523 Florencia, Cauca","Se vende Casa de 2 habitaciones, con un área de 198.53 m², ubicada en el barrio Itagui, estrato 3. Ideal para familias o inversión.",2026-10-03 00:15:18.740977,2027-01-08 00:15:18.740977,2,198.53,2,3,Itagui,En construcción,Casa
cbd75bb9-5c74-4a56-aacf-c93e8155e683,592106284.54,"Av. calle 60 # 5-82 Torre 2 apartamento 40 685872 Chipatá, Santander","Se vende Oficina de 3 habitaciones, con un área de 221.8 m², ubicada en el barrio La Estrella, estrato 3. Ideal para familias o inversión.",2025-12-04 17:34:35.190066,2026-10-28 17:34:35.190066,3,221.8,4,3,La Estrella,En construcción,Oficina
647b2ef0-b937-4cff-a9a8-2d829f5ab0f9,411826797.86,"Cr. 29 # 39-1 Torre 4 apartamento 4 682606 Chima, Santander","Se vende Finca de 4 habitaciones, con un área de 248.24 m², ubicada en el barrio Laureles, estrato 5. Ideal para familias o inversión.",2026-06-08 11:38:18.925161,2026-07-20 11:38:18.925161,4,248.24,1,5,Laureles,Disponible,Finca
a16e3b6d-9765-441a-998a-6f6893821abd,189106970.63,"Cl. 104 # 1-1 Este 132847 El Carmen de Bolívar, Bolívar","Se vende Casa de 3 habitaciones, con un área de 232.55 m², ubicada en el barrio Belen, estrato 2. Ideal para familias o inversión.",2025-06-30 03:40:54.742918,2025-12-05 03:40:54.742918,3,232.55,1,2,Belen,Alquilado,Casa
9f2205ac-0494-4e40-9c17-f8d2ca70ed73,874633604.97,"Cl. 52 # 46Q-72 Este 768498 Obando, Valle del Cauca","Se vende Casa de 5 habitaciones, con un área de 38.72 m², ubicada en el barrio Laureles, estrato 4. Ideal para familias o inversión.",2026-04-08 00:53:51.090815,2027-03-19 00:53:51.090815,5,38.72,5,4,Laureles,Vendido,Casa
3f87ebf9-6048-49d6-ad37-f2c88403edb6,930160570.61,"Diagonal 46 # 2-61 Este 547566 Ocaña, Norte de Santander","Se vende Oficina de 4 habitaciones, con un área de 94.15 m², ubicada en el barrio Belen, estrato 6. Ideal para familias o inversión.",2024-11-16 06:06:17.854962,2025-01-09 06:06:17.854962,4,94.15,4,6,Belen,Reservado,Oficina
77e869bf-9449-4a01-b72e-9b70ac94f27a,639533610.83,"Cl. 40 # 1-89 Apartamento 42 503904 Acacías, Meta","Se vende Finca de 5 habitaciones, con un área de 44.53 m², ubicada en el barrio Belen, estrato 6. Ideal para familias o inversión.",2026-04-28 05:53:43.079984,2026-09-08 05:53:43.079984,5,44.53,4,6,Belen,Vendido,Finca
bda5916d-de68-41d8-a484-ee69d7f083a8,329468835.71,"Dg. 28 # 12-7 Sur 136521 Tiquisio, Bolívar","Se vende Finca de 5 habitaciones, con un área de 177.59 m², ubicada en el barrio Sabaneta, estrato 5. Ideal para familias o inversión.",2024-11-10 10:45:56.962940,2025-03-19 10:45:56.962940,5,177.59,2,5,Sabaneta,Disponible,Finca
f2551be6-cdb2-499f-bad1-86dd1625eb7b,457082423.68,"Cr. 8 Bis # 65-74 Etapa 3 apartamento 31 053228 Peñol, Antioquia","Se vende Casa de 2 habitaciones, con un área de 228.47 m², ubicada en el barrio Caldas, estrato 1. Ideal para familias o inversión.",2025-12-08 16:08:46.058982,2026-01-27 16:08:46.058982,2,228.47,5,1,Caldas,Alquilado,Casa
9d394f76-34c1-40b3-b181-460cc5f69d1f,493014771.3,"Carrera 124 # 5-6 Sur Torre 4 apartamento 21 542481 El Zulia, Norte de Santander","Se vende Casa de 2 habitaciones, con un área de 187.68 m², ubicada en el barrio Poblado, estrato 3. Ideal para familias o inversión.",2026-07-18 23:22:06.885541,2027-02-02 23:22:06.885541,2,187.68,2,3,Poblado,Disponible,Casa
a99f2004-fd25-4e28-8e3f-a98d9bfb9ca6,800412773.3,"Avenida carrera 76 # 8V-62 Este Bodega 542 199705 Buenos Aires, Cauca","Se vende Casa de 3 habitaciones, con un área de 191.16 m², ubicada en el barrio Belen, estrato 6. Ideal para familias o inversión.",2024-12-10 12:43:11.237738,2025-09-17 12:43:11.237738,3,191.16,5,6,Belen,Alquilado,Casa
dbe9ed08-b1c8-4fbb-84df-2320afa60cf7,201401967.89,"Dg. 5ª # 7-29 Local 284 449038 Albania, La Guajira","Se vende Apartamento de 3 habitaciones, con un área de 171.86 m², ubicada en el barrio Laureles, estrato 2. Ideal para familias o inversión.",2026-06-15 11:38:54.740347,2027-03-30 11:38:54.740347,3,171.86,5,2,Laureles,En construcción,Apartamento
e96452a2-e6e8-45bc-becc-c684413382c2,392757933.43,"Cl. 65 # 23P-57 Sur Apto. 671 702166 Ovejas, Sucre","Se vende Local Comercial de 1 habitaciones, con un área de 124.34 m², ubicada en el barrio Itagui, estrato 2. Ideal para familias o inversión.",2025-07-16 22:32:05.372926,2026-01-31 22:32:05.372926,1,124.34,2,2,Itagui,En construcción,Local Comercial
3d6229ee-06f1-4fcc-9db1-5eeba99253d6,685491544.59,Tr. 130G Sur # 56V-34 Bodega 39 179605 Manizales,"Se vende Oficina de 4 habitaciones, con un área de 299.09 m², ubicada en el barrio Poblado, estrato 6. Ideal para familias o inversión.",2024-11-03 07:32:35.322095,2025-01-30 07:32:35.322095,4,299.09,4,6,Poblado,Vendido,Oficina
bf31c627-9d50-458a-994f-649125627a26,920135808.78,"Avenida Archipiélago de San Andrés, Providencia y Santa Catalina # 3-44 Sur Oficina 278 254201 Ubalá, Cundinamarca","Se vende Oficina de 5 habitaciones, con un área de 95.83 m², ubicada en el barrio Itagui, estrato 1. Ideal para familias o inversión.",2025-01-17 21:16:34.587885,2025-08-30 21:16:34.587885,5,95.83,1,1,Itagui,Reservado,Oficina
3d4da636-2c78-449f-8e4b-a0cac3d9cb48,812675900.63,"Cr. 3ª # 1-35 Sur 730893 Natagaima, Tolima","Se vende Finca de 5 habitaciones, con un área de 225.47 m², ubicada en el barrio Itagui, estrato 1. Ideal para familias o inversión.",2026-08-25 10:03:51.599073,2027-06-14 10:03:51.599073,5,225.47,4,1,Itagui,Reservado,Finca
22e9bcbd-29a0-468d-98cf-2ece551d7507,128228175.65,"Cr. 4ª # 38-7 762791 El Dovio, Valle del Cauca","Se vende Apartamento de 3 habitaciones, con un área de 272.54 m², ubicada en el barrio Itagui, estrato 2. Ideal para familias o inversión.",2026-08-19 11:40:08.516004,2027-06-08 11:40:08.516004,3,272.54,1,2,Itagui,Vendido,Apartamento
1c80b466-8ac7-4bb6-99cd-115f53978754,784903153.05,"Diagonal 96 # 81K-72 Sur Apartamento 604 197766 San Sebastián, Cauca","Se vende Oficina de 5 habitaciones, con un área de 31.98 m², ubicada en el barrio Sabaneta, estrato 1. Ideal para familias o inversión.",2025-06-17 14:51:51.867047,2026-06-04 14:51:51.867047,5,31.98,4,1,Sabaneta,Disponible,Oficina
0bf3108e-6660-4104-a272-f18cfa8d6dd7,825916630.72,"Carrera 9P # 8-9 Este Oficina 769 171110 Pácora, Caldas","Se vende Casa de 5 habitaciones, con un área de 253.76 m², ubicada en el barrio Caldas, estrato 6. Ideal para familias o inversión.",2025-02-12 13:38:11.766793,2026-02-08 13:38:11.766793,5,253.76,1,6,Caldas,Vendido,Casa
c07189a6-83fe-457d-8c1b-ee92f528b299,101554667.35,"Cr. 77 # 16U-6 271371 Medio San Juan, Chocó","Se vende Apartamento de 4 habitaciones, con un área de 223.55 m², ubicada en el barrio Laureles, estrato 1. Ideal para familias o inversión.",2026-05-18 00:31:58.388284,2026-07-24 00:31:58.388284,4,223.55,3,1,Laureles,En construcción,Apartamento
f8295d3d-057b-4339-8e95-1dde190ce9ab,478569380.56,"Diagonal 152Q Bis # 73N-48 Este 250002 Supatá, Cundinamarca","Se vende Apartamento de 5 habitaciones, con un área de 251.84 m², ubicada en el barrio Caldas, estrato 3. Ideal para familias o inversión.",2025-10-12 02:42:29.225834,2026-05-28 02:42:29.225834,5,251.84,4,3,Caldas,Reservado,Apartamento
888204f4-29fa-4110-b22f-6d6a749e4c1d,734271396.98,"Cr. 5 Bis Y # 6F-4 Oficina 325 056312 Sonsón, Antioquia","Se vende Finca de 1 habitaciones, con un área de 135.17 m², ubicada en el barrio Poblado, estrato 1. Ideal para familias o inversión.",2026-01-20 02:18:33.817662,2027-01-13 02:18:33.817662,1,135.17,1,1,Poblado,En construcción,Finca
9c7806d5-4e53-4773-b961-f028eba28a17,797547302.78,"Cr. 53 # 4-7 Sur 680275 Málaga, Santander","Se vende Apartamento de 1 habitaciones, con un área de 126.58 m², ubicada en el barrio Laureles, estrato 5. Ideal para familias o inversión.",2024-12-13 11:28:47.651902,2025-06-09 11:28:47.651902,1,126.58,3,5,Laureles,En construcción,Apartamento
c5c6820e-6499-47a7-9f4e-c0da1eb058f2,831016251.65,"Cl. 22 # 6-4 Sur Apto. 3 257911 Une, Cundinamarca","Se vende Apartamento de 3 habitaciones, con un área de 236.62 m², ubicada en el barrio Caldas, estrato 4. Ideal para familias o inversión.",2026-01-30 22:11:06.103477,2026-09-19 22:11:06.103477,3,236.62,1,4,Caldas,Reservado,Apartamento
7f0e7bd9-62ad-4cb5-875b-7fe10895f5c3,330229545.85,"Calle 12 # 6-6 Sur 056572 El Bagre, Antioquia","Se vende Casa de 5 habitaciones, con un área de 89.36 m², ubicada en el barrio Caldas, estrato 6. Ideal para familias o inversión.",2024-12-18 21:19:25.762031,2025-10-23 21:19:25.762031,5,89.36,2,6,Caldas,Alquilado,Casa
879f1ad8-3ac6-407e-b954-6567fb0d181e,89684483.44,"Cl. 13L Sur # 2-33 Sur Apartamento 31 998088 Santa Rosalía, Vichada","Se vende Finca de 1 habitaciones, con un área de 179.45 m², ubicada en el barrio Envigado, estrato 5. Ideal para familias o inversión.",2026-10-03 02:47:10.185154,2027-01-04 02:47:10.185154,1,179.45,5,5,Envigado,En construcción,Finca
6740a5c1-66a0-4f0c-bac0-afe55c3db2f3,760881757.4,"Dg. 161I # 59-3 203423 Bosconia, Cesar","Se vende Local Comercial de 5 habitaciones, con un área de 177.83 m², ubicada en el barrio Belen, estrato 1. Ideal para familias o inversión.",2025-04-24 06:11:05.866812,2025-09-08 06:11:05.866812,5,177.83,3,1,Belen,Vendido,Local Comercial
9d2daeaa-e1d1-4806-a830-b3ea6abbb0fe,843010948.52,"Cl. 2U # 90-5 Este Oficina 895 739663 Santa Isabel, Tolima","Se vende Local Comercial de 5 habitaciones, con un área de 68.46 m², ubicada en el barrio Sabaneta, estrato 2. Ideal para familias o inversión.",2026-09-03 01:17:39.997773,2027-08-14 01:17:39.997773,5,68.46,2,2,Sabaneta,Disponible,Local Comercial
