id,valorPropiedad,direccionPropiedad,descripcion,fecha_inicio,fecha_fin,numeroHabitaciones,area,baños,estrato,barrio,estado,tipo_propiedad,fecha_iso,fecha_latin
98163c5a-c8a2-47cd-8984-1e87f08f3732,749647653.46,"Cl. 1ª # 78-4 Sur Etapa 4 apartamento 4 059600 Gómez Plata, Antioquia","Se vende Apartamento de 1 habitaciones, con un área de 230.22 m², ubicada en el barrio Sabaneta, estrato 2. Ideal para familias o inversión.",2026-01-16 10:11:45.340521,2026-04-27 10:11:45.340521,1,230.22,5,2,SABANETA,Disponible,Apartamento,2026-01-16 10:11:45,
a7e28e36-c0f6-4234-8572-2ebdf8cdb99f,450825728.7,"Cl. 55 # 8X-9 Casa 74 053511 Arboletes, Antioquia","Se vende Apartamento de 1 habitaciones, con un área de 230.22 m², ubicada en el barrio Sabaneta, estrato 2. Ideal para familias o inversión.",2025-12-10 18:47:43.239863,2026-11-07 18:47:43.239863,1,230.22,1,2,Sabaneta,Disponible,Apartamento,2025-12-10 18:47:43,
4666cb23-6608-4615-8c5c-80c795618bec,271027848.72,"Av. Chocontá # 8M-64 Apto. 999 521034 Tangua, Nariño","Se vende Apartamento de 1 habitaciones, con un área de 230.22 m², ubicada en el barrio Sabaneta, estrato 2. Ideal para familias o inversión.",2026-09-17 04:16:14.522671,2027-02-05 04:16:14.522671,1,230.22,5,2,Sabaneta,Disponible,Apartamento,2026-09-17 04:16:14,17/09/2026 04:16
2697b3fc-282b-46cd-a048-f681ab1b4de1,238895768.15,"Diagonal 103Y # 6Z-7 Sur 236483 Ayapel, Córdoba","Se vende Apartamento de 1 habitaciones, con un área de 230.22 m², ubicada en el barrio Sabaneta, estrato 2. Ideal para familias o inversión.",2025-07-03 17:54:26.103064,2026-05-16 17:54:26.103064,1,230.22,5,2,Sabaneta,Reservado,Apartamento,2025-07-03 17:54:26,
633f6b6f-007c-4c00-8108-088efc43c8f5,476748593.97,"Carrera 153 # 28E-17 Torre 8 apartamento 722 448849 Dibulla, La Guajira","Se vende Apartamento de 1 habitaciones, con un área de 230.22 m², ubicada en el barrio Sabaneta, estrato 2. Ideal para familias o inversión.",2024-11-23 16:27:32.681738,2025-04-14 16:27:32.681738,1,230.22,3,2,Sabaneta,Disponible,Apartamento,2024-11-23 16:27:32,
3c2c9ed0-f3ae-4987-80e6-ec54d08b6ab3,713232425.24,"Cr. 5K Sur # 17-5 Este 178018 Manzanares, Caldas","Se vende Apartamento de 1 habitaciones, con un área de 230.22 m², ubicada en el barrio Sabaneta, estrato 2. Ideal para familias o inversión.",2025-01-25 23:36:46.329129,2025-05-16 23:36:46.329129,1,230.22,3,2,Sabaneta,Alquilado,Apartamento,2025-01-25 23:36:46,
174fe90f-9ca3-45e7-96e1-ccb75f9b14d4,254548074.0,"Carrera 6D # 4Z-14 762880 Trujillo, Valle del Cauca","Se vende Apartamento de 1 habitaciones, con un área de 230.22 m², ubicada en el barrio Sabaneta, estrato 2. Ideal para familias o inversión.",2026-04-15 22:25:39.914931,2026-08-02 22:25:39.914931,1,230.22,3,2,Sabaneta,Disponible,Apartamento,2026-04-15 22:25:39,
a024411e-bf4b-407a-98e4-c0ac18224285,410930935.61,"Cr. 48 Este # 86-95 Sur Apto. 8 137824 El Carmen de Bolívar, Bolívar","Se vende Apartamento de 1 habitaciones, con un área de 230.22 m², ubicada en el barrio Sabaneta, estrato 2. Ideal para familias o inversión.",2026-07-09 16:54:54.255095,2026-09-24 16:54:54.255095,1,230.22,3,2,Sabaneta,Alquilado,Apartamento,2026-07-09 16:54:54,
cfb1f460-2d62-48cf-9baf-edc5e39c35e5,301294823.86,"Calle 6ª # 4-5 Este Apto. 6 250103 Anapoima, Cundinamarca","SE VENDE APARTAMENTO DE 1 HABITACIONES, CON UN ÁREA DE 230.22 M², UBICADA EN EL BARRIO SABANETA, ESTRATO 2. IDEAL PARA FAMILIAS O INVERSIÓN.",2025-01-02 17:27:34.927814,2025-12-07 17:27:34.927814,1,230.22,1,2,Sabaneta,Reservado,Apartamento,2025-01-02 17:27:34,02/01/2025 17:27
0c4022ca-e99c-406e-93bb-92c0e45999b8,168584854.71,"Cl. 17N # 71-60 946311 Cacahual, Guainía","Se vende Apartamento de 1 habitaciones, con un área de 230.22 m², ubicada en el barrio Sabaneta, estrato 2. Ideal para familias o inversión.",2025-09-25 22:07:34.400528,2026-07-26 22:07:34.400528,1,230.22,4,2,Sabaneta,Disponible,Apartamento,2025-09-25 22:07:34,
b041b336-8fb7-4546-aafa-e03a497b4905,328519367.34,"Tr. 1ª # 73Y-82 Sur Bodega 327 191781 Puracé, Cauca",,2025-04-05 23:23:44.568501,2026-02-11 23:23:44.568501,1,230.22,5,2,Sabaneta,Alquilado,Apartamento,2025-04-05 23:23:44,05/04/2025 23:23
64367f6c-d1be-4555-8844-1c72a290d239,232674160.74,"Cl. 90 # 6-1 634687 Calarcá, Quindío","Se vende Apartamento de 1 habitaciones, con un área de 230.22 m², ubicada en el barrio Sabaneta, estrato 2. Ideal para familias o inversión.",2025-03-11 11:23:14.183083,2026-01-30 11:23:14.183083,1,230.22,1,2, Sabaneta ,Disponible,Apartamento,2025-03-11 11:23:14,11/03/2025 11:23
2a745ea3-014f-49df-b767-cf56000ba175,784414923.75,"Transversal 193 # 20-7 Este Casa 1 761913 La Victoria, Valle del Cauca",,2025-12-07 01:35:36.250914,2026-05-02 01:35:36.250914,1,230.22,1,2,Sabaneta,Vendido,Apartamento,2025-12-07 01:35:36,07/12/2025 01:35
d4b7520e-f7e3-46d6-a5ed-9dc761ee38f2,411119913.79,"Cr. 11 # 29-2 Este 856247 Tauramena, Casanare","Se vende Apartamento de 1 habitaciones, con un área de 230.22 m², ubicada en el barrio Sabaneta, estrato 2. Ideal para familias o inversión.",2025-12-06 16:44:04.687358,2026-02-25 16:44:04.687358,1,230.22,4,2,Sabaneta,Alquilado,Apartamento,2025-12-06 16:44:04,
4c0ee1c7-3231-449a-b72e-8680c158fa72,401671918.76,"Avenida calle 149 # 98Z-50 Este Casa 6 255427 Simijaca, Cundinamarca","Se vende Apartamento de 1 habitaciones, con un área de 230.22 m², ubicada en el barrio Sabaneta, estrato 2. Ideal para familias o inversión.",2025-03-11 00:59:28.718945,2025-07-02 00:59:28.718945,1,230.22,2,2, Sabaneta ,Alquilado,Apartamento,2025-03-11 00:59:28,
ceb0cf1f-daf6-4db6-9329-2b174769fd2e,117832384.1,"Transversal 101 # 14-60 Etapa 2 apartamento 24 155348 Samacá, Boyacá","Se vende Apartamento de 1 habitaciones, con un área de 230.22 m², ubicada en el barrio Sabaneta, estrato 2. Ideal para familias o inversión.",2024-12-21 00:06:03.788393,2025-12-17 00:06:03.788393,1,230.22,2,2,Sabaneta,En construcción,Apartamento,2024-12-21 00:06:03,
5dfd50bc-1a00-4a79-9fdb-21390c29c893,205232369.07,"Cl. 9ª # 3-1 Sur Casa 88 251128 San Cayetano, Cundinamarca","Se vende Apartamento de 1 habitaciones, con un área de 230.22 m², ubicada en el barrio Sabaneta, estrato 2. Ideal para familias o inversión.",2026-01-14 17:38:17.299136,2026-06-18 17:38:17.299136,1,230.22,4,2,Sabaneta,Alquilado,Apartamento,2026-01-14 17:38:17,14/01/2026 17:38
815c42f9-0640-47e0-9840-920597d82e94,703753860.51,"Av. calle 33 # 12Z-36 Este 058692 Puerto Triunfo, Antioquia","Se vende Apartamento de 1 habitaciones, con un área de 230.22 m², ubicada en el barrio Sabaneta, estrato 2. Ideal para familias o inversión.",2025-06-29 16:58:03.202364,2026-06-21 16:58:03.202364,1,230.22,2,2,Sabaneta,Alquilado,Apartamento,2025-06-29 16:58:03,
80ac6e93-3a45-406c-bba9-c597efe9ae63,267595668.37,"Cr. 43 # 4-7 Sur 663375 Santa Rosa de Cabal, Risaralda","Se vende Apartamento de 1 habitaciones, con un área de 230.22 m², ubicada en el barrio Sabaneta, estrato 2. Ideal para familias o inversión.!!! ",2026-08-12 15:44:23.022583,2026-10-09 15:44:23.022583,1,230.22,1,2,Sabaneta,Alquilado,Apartamento,2026-08-12 15:44:23,
2577dd03-de5c-47f8-961f-35fe323ff346,304353832.18,"Carrera 6ª # 95-26 Sur Etapa 6 apartamento 980 084294 Santa Lucía, Atlántico","Se vende Apartamento de 1 habitaciones, con un área de 230.22 m², ubicada en el barrio Sabaneta, estrato 2. Ideal para familias o inversión.",2025-04-27 20:24:26.490990,2025-12-18 20:24:26.490990,1,230.22,2,2, Sabaneta ,En construcción,Apartamento,2025-04-27 20:24:26,
aa7dd5a3-86a4-46e6-ba42-4d526e5de8b5,251995216.85,"Diagonal 94 # 6-76 Este 196159 Puracé, Cauca","Se vende Apartamento de 1 habitaciones, con un área de 230.22 m², ubicada en el barrio Sabaneta, estrato 2. Ideal para familias o inversión.",2026-07-25 09:45:26.774458,2027-02-01 09:45:26.774458,1,230.22,4,2,Sabaneta,Reservado,Apartamento,2026-07-25 09:45:26,
92430f62-3b76-4b69-a2ab-69e8faad460b,485909259.96,"Cr. 173K Bis O # 22-5 Este Torre 7 apartamento 76 154436 Paipa, Boyacá","Se vende Apartamento de 1 habitaciones, con un área de 230.22 m², ubicada en el barrio Sabaneta, estrato 2. Ideal para familias o inversión.",2025-05-10 07:21:26.346276,2026-05-04 07:21:26.346276,1,230.22,3,2, SABANETA ,Vendido,Apartamento,2025-05-10 07:21:26,10/05/2025 07:21
071cd975-9a92-458b-829e-f0deeb1169a2,757739532.99,Cr. 7O # 7S-83 Sur Apto. 43 500037 Villavicencio,"Se vende Apartamento de 1 habitaciones, con un área de 230.22 m², ubicada en el barrio Sabaneta, estrato 2. Ideal para familias o inversión.",2026-02-03 06:26:20.509728,2026-07-09 06:26:20.509728,1,230.22,5,2,Sabaneta,Alquilado,Apartamento,2026-02-03 06:26:20,
ec27e318-4778-4917-b685-9adb744cc000,457012135.93,"Diagonal 188 # 97-7 Este 050831 Anzá, Antioquia","Se vende Apartamento de 1 habitaciones, con un área de 230.22 m², ubicada en el barrio Sabaneta, estrato 2. Ideal para familias o inversión.",2025-04-02 13:29:25.095769,2026-02-25 13:29:25.095769,1,230.22,5,2,Sabaneta,Reservado,Apartamento,2025-04-02 13:29:25,
88659613-f767-46a0-a5b2-1f5ab10ca7da,258354721.2,"Cl. 158K # 3-4 Sur 173471 La Dorada, Caldas","Se vende Apartamento de 1 habitaciones, con un área de 230.22 m², ubicada en el barrio Sabaneta, estrato 2. Ideal para familias o inversión.",2025-08-28 01:36:56.270222,2026-03-31 01:36:56.270222,1,230.22,2,2,Sabaneta,En construcción,Apartamento,2025-08-28 01:36:56,
0c3d9aca-f915-40fa-809d-4209cb9fe7ed,136363941.57,"Av. carrera 1ª # 7Y-89 Apto. 756 233669 Lorica, Córdoba","Se vende Apartamento de 1 habitaciones, con un área de 230.22 m², ubicada en el barrio Sabaneta, estrato 2. Ideal para familias o inversión.",2026-02-25 06:04:02.047941,2026-12-04 06:04:02.047941,1,230.22,1,2,Sabaneta,Disponible,Apartamento,2026-02-25 06:04:02,25/02/2026 06:04
a27b0007-76bd-4fc8-905b-e9008dc98fca,646073739.62,"Cr. 36 # 9E-1 Sur 416706 Campoalegre, Huila","Se vende Apartamento de 1 habitaciones, con un área de 230.22 m², ubicada en el barrio Sabaneta, estrato 2. Ideal para familias o inversión.",2026-08-25 23:45:59.199700,2026-12-11 23:45:59.199700,1,230.22,4,2,Sabaneta,En construcción,Apartamento,2026-08-25 23:45:59,
497cc8cb-1d5b-4f91-b98e-721ebd00bbc0,415528946.09,"Cl. 164 # 26-84 Apto. 72 054653 Guatapé, Antioquia","Se vende Apartamento de 1 habitaciones, con un área de 230.22 m², ubicada en el barrio Sabaneta, estrato 2. Ideal para familias o inversión.",2025-12-12 16:51:08.121594,2026-02-12 16:51:08.121594,1,230.22,5,dos, Sabaneta ,Reservado,Apartamento,2025-12-12 16:51:08,12/12/2025 16:51
cae356b5-5b02-417c-b0e0-51f9b1162493,288843413.98,"Calle 41 # 64-3 Este Local 4 053309 Sopetrán, Antioquia","Se vende Apartamento de 1 habitaciones, con un área de 230.22 m², ubicada en el barrio Sabaneta, estrato 2. Ideal para familias o inversión.",2026-04-06 11:36:21.729173,2027-01-31 11:36:21.729173,16,230.22,5,2,Sabaneta,Disponible,Apartamento,2026-04-06 11:36:21,06/04/2026 11:36
a9876fda-46a2-4c1e-84e6-2475bdf95f48,697624850.58,"Av. carrera 4ª # 4-2 Este Casa 5 154966 Guacamayas, Boyacá","Se vende Apartamento de 1 habitaciones, con un área de 230.22 m², ubicada en el barrio Sabaneta, estrato 2. Ideal para familias o inversión.",2025-12-23 22:02:37.702755,2026-03-21 22:02:37.702755,16,230.22,5,2,Sabaneta,Alquilado,Apartamento,2025-12-23 22:02:37,
ca9e8e64-a05a-4f99-a135-81eca5afa295,373166699.38,"Cl. 172 # 58-9 Sur 150671 Maripí, Boyacá","Se vende Apartamento de 1 habitaciones, con un área de 230.22 m², ubicada en el barrio Sabaneta, estrato 2. Ideal para familias o inversión.",2026-04-23 14:50:10.702904,2027-04-16 14:50:10.702904,1,230.22,3,2,SABANETA,Reservado,Apartamento,2026-04-23 14:50:10,
529117f9-32f4-4cf0-b2ee-496ec9f7048f,481037521.01,"Carrera 35 # 55-6 Sur Local 47 257996 Susa, Cundinamarca","Se vende Apartamento de 1 habitaciones, con un área de 230.22 m², ubicada en el barrio Sabaneta, estrato 2. Ideal para familias o inversión.",2025-09-10 22:00:57.769589,2025-12-29 22:00:57.769589,1,230.22,3,2,Sabaneta,En construcción,Apartamento,2025-09-10 22:00:57,
1db86da2-38df-4329-a373-7c3a98da9e78,532297590.87,"Cr. 170P # 4-7 Este Apartamento 9 256783 Vergara, Cundinamarca","Se vende Apartamento de 1 habitaciones, con un área de 230.22 m², ubicada en el barrio Sabaneta, estrato 2. Ideal para familias o inversión.",2026-07-11 09:25:10.393511,2026-11-09 09:25:10.393511,1,230.22,1,2, Sabaneta ,Alquilado,Apartamento,2026-07-11 09:25:10,11/07/2026 09:25
a73e5385-0f4d-430f-b0ef-b96915e57040,532279737.88,"Calle 91 # 42W-83 Sur 524443 Olaya Herrera, Nariño","Se  vende  Apartamento  de  1  habitaciones,  con  un  área  de  230.22  m²,  ubicada  en  el  barrio  Sabaneta,  estrato  2.  Ideal  para  familias  o  inversión. ",2025-04-02 01:34:53.647791,2026-03-25 01:34:53.647791,1,230.22,2,2,Sabaneta,Vendido,Apartamento,2025-04-02 01:34:53,02/04/2025 01:34
e3276342-2db2-4dfd-9952-0c72d4286d26,774385260.07,"Calle 5ª # 22-17 Este 860824 Colón, Putumayo","Se vende Apartamento de 1 habitaciones, con un área de 230.22 m², ubicada en el barrio Sabaneta, estrato 2. Ideal para familias o inversión.",2026-03-19 15:08:55.178106,2026-10-26 15:08:55.178106,1,230.22,5,2,Sabaneta,En construcción,Apartamento,2026-03-19 15:08:55,19/03/2026 15:08
ad708769-cdba-45da-9a89-5d69b68e2a2d,618997355.24,"Carrera 102 # 5-2 737116 Icononzo, Tolima","Se vende Apartamento de 1 habitaciones, con un área de 230.22 m², ubicada en el barrio Sabaneta, estrato 2. Ideal para familias o inversión.",2025-05-02 00:58:22.161769,2025-06-01 00:58:22.161769,1,230.22,4,2,Sabaneta,Disponible,Apartamento,2025-05-02 00:58:22,
8ff15779-df28-45c2-9f31-23fc40956280,932643685.45,"Cr. 4Y # 34-41 684990 Betulia, Santander","SE VENDE APARTAMENTO DE 1 HABITACIONES, CON UN ÁREA DE 230.22 M², UBICADA EN EL BARRIO SABANETA, ESTRATO 2. IDEAL PARA FAMILIAS O INVERSIÓN.",2024-12-31 20:42:29.354989,2025-03-28 20:42:29.354989,1,230.22,3,dos,SABANETA,Vendido,Apartamento,2024-12-31 20:42:29,
816c5575-0434-4c7f-b187-75042d4525de,278828012.82,"Cl. 5ª # 79-23 Este Apartamento 794 173447 Anserma, Caldas","Se vende Apartamento de 1 habitaciones, con un área de 230.22 m², ubicada en el barrio Sabaneta, estrato 2. Ideal para familias o inversión.",2025-11-13 13:20:07.135489,2026-01-11 13:20:07.135489,1,230.22,5,2,Sabaneta,Disponible,Apartamento,2025-11-13 13:20:07,
d7ea0998-ca5a-4d5a-99d0-8624c92db7ff,745312215.1,"Cr. 56 # 87-2 Este 159947 Tipacoque, Boyacá","Se vende Apartamento de 1 habitaciones, con un área de 230.22 m², ubicada en el barrio Sabaneta, estrato 2. Ideal para familias o inversión.",2025-03-19 13:19:24.944700,2025-05-31 13:19:24.944700,1,230.22,1,2,Sabaneta,En construcción,Apartamento,2025-03-19 13:19:24,
a0e045aa-f5a4-4bfb-bd82-473dfcdb24bc,171971891.27,"Cr. 8F # 57-3 Este Local 5 689904 Guavatá, Santander","Se vende Apartamento de 1 habitaciones, con un área de 230.22 m², ubicada en el barrio Sabaneta, estrato 2. Ideal para familias o inversión.",2024-11-04 10:53:32.486470,2025-02-06 10:53:32.486470,1,230.22,4,2, SABANETA ,En construcción,Apartamento,2024-11-04 10:53:32,
864dccfd-7e96-4038-a40f-32793f37b192,301803797.49,"Transversal 18 # 55-6 Apto. 865 762567 Andalucía, Valle del Cauca","Se vende Apartamento de 1 habitaciones, con un área de 230.22 m², ubicada en el barrio Sabaneta, estrato 2. Ideal para familias o inversión.",2025-08-20 17:47:54.927105,2025-12-12 17:47:54.927105,1,230.22,5,2, Sabaneta ,Reservado,Apartamento,2025-08-20 17:47:54,20/08/2025 17:47
348be9f7-9f5e-4a85-948e-b7d7271e2953,932467818.35,"Cr. 94G # 5-8 Este Apartamento 96 638597 Montenegro, Quindío","Se vende Apartamento de 1 habitaciones, con un área de 230.22 m², ubicada en el barrio Sabaneta, estrato 2. Ideal para familias o inversión.",2026-09-15 00:53:06.590261,2027-01-31 00:53:06.590261,1,230.22,2,2,Sabaneta,Alquilado,Apartamento,2026-09-15 00:53:06,
5f4d571b-910a-47ac-86a9-84fd289d12ec,995391888.83,"Cr. 184 # 87-4 Sur Torre 3 apartamento 51 051712 Ituango, Antioquia","Se vende Apartamento de 1 habitaciones, con un área de 230.22 m², ubicada en el barrio Sabaneta, estrato 2. Ideal para familias o inversión.",2025-09-25 09:48:24.424873,2026-05-17 09:48:24.424873,16,230.22,3,2,Sabaneta,Reservado,Apartamento,2025-09-25 09:48:24,25/09/2025 09:48
e02f05b5-3fc6-45c3-b4da-b3569666735a,478911834.32,"Diagonal 172S # 67-6 Este 548404 Cáchira, Norte de Santander","Se vende Apartamento de 1 habitaciones, con un área de 230.22 m², ubicada en el barrio Sabaneta, estrato 2. Ideal para familias o inversión.",2025-11-13 00:35:12.994273,2026-09-03 00:35:12.994273,1,230.22,2,2,Sabaneta,Vendido,Apartamento,2025-11-13 00:35:12,
452aeebe-79ce-4e19-a34e-ac85c9e16b54,371181284.04,"Cr. 3Z Bis M # 30-9 Este 523605 Santacruz, Nariño","Se vende Apartamento de 1 habitaciones, con un área de 230.22 m², ubicada en el barrio Sabaneta, estrato 2. Ideal para familias o inversión.",2026-04-16 14:23:23.378534,2026-06-17 14:23:23.378534,1,230.22,5,2, Sabaneta ,En construcción,Apartamento,2026-04-16 14:23:23,16/04/2026 14:23
3095f10b-3d00-4bdd-9137-06dea1c3ceaa,609018108.69,"Cr. 61 # 6R-86 Este 152174 Buenavista, Boyacá","Se vende Apartamento de 1 habitaciones, con un área de 230.22 m², ubicada en el barrio Sabaneta, estrato 2. Ideal para familias o inversión.",2025-06-05 20:26:38.450720,2025-10-30 20:26:38.450720,1,230.22,1,2,Sabaneta,Disponible,Apartamento,2025-06-05 20:26:38,
9b581a8a-1636-4418-812c-085204dec0aa,105930078.53,"Cr. 5ª # 3-46 Este Torre 5 apartamento 41 087240 Sabanagrande, Atlántico","Se vende Apartamento de 1 habitaciones, con un área de 230.22 m², ubicada en el barrio Sabaneta, estrato 2. Ideal para familias o inversión.",2024-11-01 13:26:16.832431,2025-10-20 13:26:16.832431,1,230.22,1,2,S@b@n3t@,Disponible,Apartamento,2024-11-01 13:26:16,
e36832b5-339a-4899-b8eb-8ed3a160c1f7,117314482.39,"Carrera 84 # 8-50 Este 199379 Caldono, Cauca","Se vende Apartamento de 1 habitaciones, con un área de 230.22 m², ubicada en el barrio Sabaneta, estrato 2. Ideal para familias o inversión.",2025-08-03 07:57:56.521521,2026-02-18 07:57:56.521521,1,230.22,2,2, Sabaneta ,Alquilado,Apartamento,2025-08-03 07:57:56,03/08/2025 07:57
df7795fe-8098-4f0c-82e5-de59b8f3f86c,253524967.0,"Carrera 59 # 50J-16 Este 133671 Altos del Rosario, Bolívar","Se vende Apartamento de 1 habitaciones, con un área de 230.22 m², ubicada en el barrio Sabaneta, estrato 2. Ideal para familias o inversión.",2025-11-09 14:46:06.252798,2026-08-14 14:46:06.252798,1,230.22,2,2,Sabaneta,En construcción,Apartamento,2025-11-09 14:46:06,09/11/2025 14:46
a4fbe6a2-2640-40bd-a746-a55b22a68317,499037475.0,"Av. Jaimes # 1-67 Este Bodega 53 059421 Santa Bárbara, Antioquia","Se vende Apartamento de 1 habitaciones, con un área de 230.22 m², ubicada en el barrio Sabaneta, estrato 2. Ideal para familias o inversión.",2026-06-30 06:01:06.982679,2027-05-21 06:01:06.982679,1,230.22,4,2,Sabaneta,Reservado,Apartamento,2026-06-30 06:01:06,30/06/2026 06:01
f473387d-5065-454a-a2c7-ab8e4fccd9fc,139609506.67,Av. calle 3ª # 5-67 Local 7 418588 Neiva,"Se vende Apartamento de 1 habitaciones, con un área de 230.22 m², ubicada en el barrio Sabaneta, estrato 2. Ideal para familias o inversión.",2025-01-10 07:55:15.364989,2025-05-17 07:55:15.364989,1,230.22,4,2,Sabaneta,Alquilado,Apartamento,2025-01-10 07:55:15,
651260a8-8881-400e-af11-0dd6eb59bcf3,440547162.25,"Carrera 79 Bis # 2L-4 Sur 131604 Arroyohondo, Bolívar","Se vende Apartamento de 1 habitaciones, con un área de 230.22 m², ubicada en el barrio Sabaneta, estrato 2. Ideal para familias o inversión.",2025-09-13 10:37:59.997076,2026-05-17 10:37:59.997076,1,230.22,1,2,Sabaneta,Disponible,Apartamento,2025-09-13 10:37:59,13/09/2025 10:37
35d0ff86-ff67-4659-84de-89ccb1e00605,432490218.0,"Cl. 38 # 9-75 Este Torre 2 apartamento 86 470047 Pijiño del Carmen, Magdalena","Se vende Apartamento de 1 habitaciones, con un área de 230.22 m², ubicada en el barrio Sabaneta, estrato 2. Ideal para familias o inversión.",2024-10-24 14:47:32.524773,2024-12-24 14:47:32.524773,1,230.22,3,2,Sabaneta,Disponible,Apartamento,2024-10-24 14:47:32,
a18ebee4-cf6f-433a-8907-7787961ec2db,232010568.53,"Av. carrera 25 # 18L-75 Sur Oficina 294 155377 Viracachá, Boyacá","Se vende Apartamento de 1 habitaciones, con un área de 230.22 m², ubicada en el barrio Sabaneta, estrato 2. Ideal para familias o inversión.",2026-04-01 13:10:34.679858,2026-09-05 13:10:34.679858,1,230.22,5,2,Sabaneta,Reservado,Apartamento,2026-04-01 13:10:34,
dc3b0b3f-d771-47d3-af12-cda21af0de5b,450787557.84,"Diagonal 48 # 63-3 Este Bodega 2 155329 Monguí, Boyacá","Se vende Apartamento de 1 habitaciones, con un área de 230.22 m², ubicada en el barrio Sabaneta, estrato 2. Ideal para familias o inversión.",2025-02-21 23:42:17.373314,2025-06-02 23:42:17.373314,1,230.22,3,dos, Sabaneta ,Reservado,Apartamento,2025-02-21 23:42:17,21/02/2025 23:42
65ed1fc4-e1a1-4791-a161-dfcecf62362a,880761656.37,"Cl. 124K Sur # 7-9 Casa 92 150205 Soracá, Boyacá","SE VENDE APARTAMENTO DE 1 HABITACIONES, CON UN ÁREA DE 230.22 M², UBICADA EN EL BARRIO SABANETA, ESTRATO 2. IDEAL PARA FAMILIAS O INVERSIÓN. ",2024-10-08 09:47:01.498939,2025-03-14 09:47:01.498939,1,230.22,1,2,Sabaneta,Reservado,Apartamento,2024-10-08 09:47:01,
68012c51-44d0-4580-b02c-318e19457c7a,143013291.79,"Tr. 107 # 2N-8 Este Bodega 68 739084 Flandes, Tolima","Se vende Apartamento de 1 habitaciones, con un área de 230.22 m², ubicada en el barrio Sabaneta, estrato 2. Ideal para familias o inversión.",2026-04-04 00:43:04.457230,2027-02-09 00:43:04.457230,1,230.22,5,2,Sabaneta,Disponible,Apartamento,2026-04-04 00:43:04,
a9acd48b-ae36-4e51-956a-d4a810ae7e1e,930048633.86,"Cl. 184T # 79-2 Este Apto. 6 134998 Achí, Bolívar","Se vende Apartamento de 1 habitaciones, con un área de 230.22 m², ubicada en el barrio Sabaneta, estrato 2. Ideal para familias o inversión.",2026-08-01 20:30:37.806741,2026-10-17 20:30:37.806741,1,230.22,2,2,Sabaneta,Vendido,Apartamento,2026-08-01 20:30:37,
3d7bc7f5-6300-4355-be0c-f15d91148251,511359069.18,"Cr. 152 # 27-21 236615 Momil, Córdoba","Se vende Apartamento de 1 habitaciones, con un área de 230.22 m², ubicada en el barrio Sabaneta, estrato 2. Ideal para familias o inversión.",2024-12-28 21:55:29.356722,2025-08-23 21:55:29.356722,1,230.22,2,2,Sabaneta,Reservado,Apartamento,2024-12-28 21:55:29,
49f1fe45-ab72-44fd-911c-20f5d052bafa,206405265.33,"Avenida carrera 104 # 95-41 521656 Ricaurte, Nariño","Se vende Apartamento de 1 habitaciones, con un área de 230.22 m², ubicada en el barrio Sabaneta, estrato 2. Ideal para familias o inversión.",2025-08-17 19:31:26.561073,2025-10-16 19:31:26.561073,1,230.22,1,2,Sabaneta,Reservado,Apartamento,2025-08-17 19:31:26,
fae8be9c-7f5a-4166-8633-0919183896ac,930192169.88,"Carrera 14T # 5-6 Sur Apto. 619 256899 Albán, Cundinamarca","Se vende Apartamento de 1 habitaciones, con un área de 230.22 m², ubicada en el barrio Sabaneta, estrato 2. Ideal para familias o inversión.",2026-01-29 01:39:28.270026,2026-07-13 01:39:28.270026,1,230.22,4,2,Sabaneta,Alquilado,Apartamento,2026-01-29 01:39:28,29/01/2026 01:39
536dc93b-8ae9-4282-baaf-2c0d306391aa,711761928.42,"Calle 145 # 29-19 Oficina 2 158366 Somondoco, Boyacá","Se  vende  Apartamento  de  1  habitaciones,  con  un  área  de  230.22  m²,  ubicada  en  el  barrio  Sabaneta,  estrato  2.  Ideal  para  familias  o  inversión. ",2024-10-10 19:06:57.568566,2025-06-13 19:06:57.568566,1,230.22,5,dos,S@b@n3t@,Reservado,Apartamento,2024-10-10 19:06:57,
90b53448-0d0a-4c99-a2d4-1db4ce297de8,230402973.9,"Carrera 84 # 14-4 Sur 056438 Santa Rosa de Osos, Antioquia","Se vende Apartamento de 1 habitaciones, con un área de 230.22 m², ubicada en el barrio Sabaneta, estrato 2. Ideal para familias o inversión.",2025-01-29 07:42:25.133595,2025-05-18 07:42:25.133595,1,230.22,2,2,Sabaneta,Disponible,Apartamento,2025-01-29 07:42:25,
99882c1f-3d3c-4e2a-8f1d-669ca14d36ab,748950319.85,"Carrera 126 # 93-9 Este 054510 Turbo, Antioquia","Se vende Apartamento de 1 habitaciones, con un área de 230.22 m², ubicada en el barrio Sabaneta, estrato 2. Ideal para familias o inversión.",2026-09-25 10:54:03.491971,2027-08-17 10:54:03.491971,1,230.22,1,dos,Sabaneta,Alquilado,Apartamento,2026-09-25 10:54:03,25/09/2026 10:54
6e79aa59-97fb-4d33-80e6-326e75d51efc,97635220.4,"Carrera 160D # 69F-27 Sur 089696 Usiacurí, Atlántico","Se vende Apartamento de 1 habitaciones, con un área de 230.22 m², ubicada en el barrio Sabaneta, estrato 2. Ideal para familias o inversión.!!! ",2026-05-18 05:59:12.901276,2026-07-16 05:59:12.901276,1,230.22,4,2,Sabaneta,En construcción,Apartamento,2026-05-18 05:59:12,18/05/2026 05:59
e2e3ef2b-d420-4b61-8826-440726c75004,199561091.54,"Calle 6 Este # 4-22 253521 Guataquí, Cundinamarca","Se vende Apartamento de 1 habitaciones, con un área de 230.22 m², ubicada en el barrio Sabaneta, estrato 2. Ideal para familias o inversión.",2026-06-15 05:09:59.997603,2027-04-12 05:09:59.997603,1,230.22,5,2,Sabaneta,Disponible,Apartamento,2026-06-15 05:09:59,15/06/2026 05:09
64131820-ddc0-4644-9aec-c69727027a19,115095266.07,"Dg. 195U # 3U-85 187997 Puerto Rico, Caquetá","Se vende Apartamento de 1 habitaciones, con un área de 230.22 m², ubicada en el barrio Sabaneta, estrato 2. Ideal para familias o inversión.",2025-04-11 07:35:03.212196,2025-08-14 07:35:03.212196,1,230.22,1,2,Sabaneta,Vendido,Apartamento,2025-04-11 07:35:03,11/04/2025 07:35
9cd36df9-ed4c-45c1-a378-7c1aeb221b1b,163892283.25,"Dg. 2ª # 88-96 Este 410054 La Argentina, Huila","Se vende Apartamento de 1 habitaciones, con un área de 230.22 m², ubicada en el barrio Sabaneta, estrato 2. Ideal para familias o inversión.",2025-09-13 20:58:17.675351,2026-05-07 20:58:17.675351,1,230.22,5,2, Sabaneta ,Vendido,Apartamento,2025-09-13 20:58:17,13/09/2025 20:58
9a0c789c-0d9f-420d-91c4-fcb0e0e31da6,614793195.86,"Calle 87W # 39-6 Sur 681518 Simacota, Santander","Se vende Apartamento de 1 habitaciones, con un área de 230.22 m², ubicada en el barrio Sabaneta, estrato 2. Ideal para familias o inversión.",2026-07-22 18:09:13.158420,2027-06-13 18:09:13.158420,1,230.22,5,2, Sabaneta ,Disponible,Apartamento,2026-07-22 18:09:13,
59c78237-3c91-4995-815d-a643bf5ccb58,674504506.25,"Dg. 39 # 3-69 Sur 541864 El Zulia, Norte de Santander","Se vende Apartamento de 1 habitaciones, con un área de 230.22 m², ubicada en el barrio Sabaneta, estrato 2. Ideal para familias o inversión.",2026-08-07 20:53:57.837703,2027-04-08 20:53:57.837703,16,230.22,5,2,Sabaneta,En construcción,Apartamento,2026-08-07 20:53:57,
4db61505-e694-48c0-bb10-64c88cca2b1d,937970944.85,"Carrera 60L # 6-83 545281 Mutiscua, Norte de Santander","Se vende Apartamento de 1 habitaciones, con un área de 230.22 m², ubicada en el barrio Sabaneta, estrato 2. Ideal para familias o inversión.",2026-09-13 05:15:46.442764,2027-03-23 05:15:46.442764,1,230.22,2,2,Sabaneta,Alquilado,Apartamento,2026-09-13 05:15:46,
f019e999-b302-44d5-9c51-e9398e9c5cb2,302333786.9,"Calle 39 # 60-46 Sur Casa 21 155929 San Pablo de Borbur, Boyacá",,2025-03-20 19:42:58.224211,2025-08-19 19:42:58.224211,1,230.22,2,2,Sabaneta,Alquilado,Apartamento,2025-03-20 19:42:58,20/03/2025 19:42
033d77b0-e58f-4afe-886f-b90b97b0c353,350368336.46,"Carrera 33N Este # 6B-97 689774 Santa Bárbara, Santander","Se vende Apartamento de 1 habitaciones, con un área de 230.22 m², ubicada en el barrio Sabaneta, estrato 2. Ideal para familias o inversión.",2025-12-26 08:44:17.077666,2026-09-16 08:44:17.077666,1,230.22,1,2,Sabaneta,Disponible,Apartamento,2025-12-26 08:44:17,
af673a5d-fd1e-4b78-bd8b-1277174ed02d,640101292.72,"Transversal 8ª # 1A-76 Este 857826 Chámeza, Casanare","Se vende Apartamento de 1 habitaciones, con un área de 230.22 m², ubicada en el barrio Sabaneta, estrato 2. Ideal para familias o inversión.",2026-03-10 00:00:45.650173,2026-11-29 00:00:45.650173,1,230.22,5,2,Sabaneta,Disponible,Apartamento,2026-03-10 00:00:45,10/03/2026 00:00
046ef8b2-d447-404d-adbd-9f5daae997f3,560752683.9,"Transversal 8ª # 82-17 541522 Durania, Norte de Santander","Se vende Apartamento de 1 habitaciones, con un área de 230.22 m², ubicada en el barrio Sabaneta, estrato 2. Ideal para familias o inversión.",2025-07-06 12:11:07.881708,2025-09-11 12:11:07.881708,1,230.22,5,2,Sabaneta,Alquilado,Apartamento,2025-07-06 12:11:07,
580b585f-586d-409e-85d6-e74da9be5f89,936596409.09,"Cr. 89 # 8-9 233410 Montelíbano, Córdoba","Se vende Apartamento de 1 habitaciones, con un área de 230.22 m², ubicada en el barrio Sabaneta, estrato 2. Ideal para familias o inversión.",2024-10-20 05:14:21.158220,2025-01-25 05:14:21.158220,1,230.22,1,dos,Sabaneta,Vendido,Apartamento,2024-10-20 05:14:21,
08ed7427-c111-4046-b180-500b5a04d7f9,320738021.66,"Calle 91L # 98-1 Sur 253962 Guachetá, Cundinamarca",,2026-01-10 23:12:10.538008,2026-08-17 23:12:10.538008,1,230.22,4,2,Sabaneta,En construcción,Apartamento,2026-01-10 23:12:10,
3e34284d-0691-448b-afac-1286bf363d9c,631093877.44,"Cl. 35 # 8V-8 Este 053195 San Carlos, Antioquia","Se vende Apartamento de 1 habitaciones, con un área de 230.22 m², ubicada en el barrio Sabaneta, estrato 2. Ideal para familias o inversión.",2026-07-06 06:53:59.292226,2027-01-06 06:53:59.292226,1,230.22,5,2,Sabaneta,Disponible,Apartamento,2026-07-06 06:53:59,06/07/2026 06:53
27852b18-940f-490a-a447-f1648f3b71f2,334409814.59,"Tr. 1 Bis I # 63-14 Este Apto. 83 153054 San Eduardo, Boyacá","Se vende Apartamento de 1 habitaciones, con un área de 230.22 m², ubicada en el barrio Sabaneta, estrato 2. Ideal para familias o inversión.",2025-02-16 11:40:57.349110,2025-12-26 11:40:57.349110,1,230.22,1,2,Sabaneta,Vendido,Apartamento,2025-02-16 11:40:57,
5de30811-e349-45a3-b3ee-205e9fb68622,159657236.9,"Calle 26 # 92-5 Sur Local 775 157758 Nobsa, Boyacá","Se vende Apartamento de 1 habitaciones, con un área de 230.22 m², ubicada en el barrio Sabaneta, estrato 2. Ideal para familias o inversión.",2025-06-05 19:12:59.400038,2025-11-17 19:12:59.400038,1,230.22,1,2,Sabaneta,En construcción,Apartamento,2025-06-05 19:12:59,05/06/2025 19:12
906fe64d-afb1-4d02-8f8f-ac3b5687e0c2,308730801.7,"Tr. 20 # 96-35 470596 Pijiño del Carmen, Magdalena","Se vende Apartamento de 1 habitaciones, con un área de 230.22 m², ubicada en el barrio Sabaneta, estrato 2. Ideal para familias o inversión.",2024-12-20 06:46:10.180065,2025-04-08 06:46:10.180065,1,230.22,5,2,Sabaneta,Vendido,Apartamento,2024-12-20 06:46:10,20/12/2024 06:46
a22793db-578c-4cd2-8b6b-be0e5b54c632,243417446.71,"Cr. 6L # 31-9 Sur 685690 Mogotes, Santander","Se vende Apartamento de 1 habitaciones, con un área de 230.22 m², ubicada en el barrio Sabaneta, estrato 2. Ideal para familias o inversión.",2025-01-18 15:12:47.978675,2025-08-11 15:12:47.978675,1,230.22,3,2,Sabaneta,En construcción,Apartamento,2025-01-18 15:12:47,18/01/2025 15:12
4e2be2f2-337b-46e3-b9a7-2a83fdfeb12c,288565189.47,"Cl. 147T # 2-82 258144 Viotá, Cundinamarca","Se vende Apartamento de 1 habitaciones, con un área de 230.22 m², ubicada en el barrio Sabaneta, estrato 2. Ideal para familias o inversión.!!! ",2025-07-24 02:12:50.614267,2026-04-30 02:12:50.614267,1,230.22,1,2, Sabaneta ,Disponible,Apartamento,2025-07-24 02:12:50,
0efc21e4-a387-4687-983b-7fa7cba893ef,452396983.94,"Cl. 42 # 90-65 Sur Apto. 614 682583 Sabana de Torres, Santander","Se vende Apartamento de 1 habitaciones, con un área de 230.22 m², ubicada en el barrio Sabaneta, estrato 2. Ideal para familias o inversión.",2026-07-24 19:16:53.846514,2027-07-13 19:16:53.846514,1,230.22,3,2,SABANETA,Disponible,Apartamento,2026-07-24 19:16:53,24/07/2026 19:16
0a7c521d-5a42-4ffc-8c8f-df0ab834d83e,366878711.67,"Av. Lorena Ruth Herrera # 3Y-38 Sur 156912 Paz de Río, Boyacá","Se vende Apartamento de 1 habitaciones, con un área de 230.22 m², ubicada en el barrio Sabaneta, estrato 2. Ideal para familias o inversión.",2026-05-16 09:29:01.859586,2026-06-16 09:29:01.859586,16,230.22,2,2,Sabaneta,Alquilado,Apartamento,2026-05-16 09:29:01,
16483e08-4c77-4259-8187-c372d274eced,754169362.93,"Avenida Caldas # 5-38 Este Apto. 92 055358 Uramita, Antioquia","Se vende Apartamento de 1 habitaciones, con un área de 230.22 m², ubicada en el barrio Sabaneta, estrato 2. Ideal para familias o inversión.!!! ",2025-10-08 16:02:19.505887,2026-01-28 16:02:19.505887,1,230.22,5,2,Sabaneta,Reservado,Apartamento,2025-10-08 16:02:19,
4da64b6d-283f-422d-9452-719aa3819947,59186214.63,"Dg. 2ª # 5-4 Este Apto. 9 919959 La Victoria, Amazonas","Se vende Apartamento de 1 habitaciones, con un área de 230.22 m², ubicada en el barrio Sabaneta, estrato 2. Ideal para familias o inversión.",2025-05-15 13:02:52.298563,2026-03-28 13:02:52.298563,1,230.22,1,2,Sabaneta,Vendido,Apartamento,2025-05-15 13:02:52,15/05/2025 13:02
ff1c0853-6a09-4506-90fa-cff84e5323ba,84226731.16,"Carrera 47 # 6-62 Este 054710 La Ceja, Antioquia","Se vende Apartamento de 1 habitaciones, con un área de 230.22 m², ubicada en el barrio Sabaneta, estrato 2. Ideal para familias o inversión.",2025-08-06 15:28:18.306300,2026-06-11 15:28:18.306300,1,230.22,3,2,Sabaneta,En construcción,Apartamento,2025-08-06 15:28:18,06/08/2025 15:28
208fc24a-ef0a-475b-98a5-bb4affcb6abd,190689096.29,"Calle 104 # 46T-3 Sur 503714 Puerto Lleras, Meta","Se vende Apartamento de 1 habitaciones, con un área de 230.22 m², ubicada en el barrio Sabaneta, estrato 2. Ideal para familias o inversión.",2026-09-28 01:37:25.264207,2027-08-06 01:37:25.264207,1,230.22,2,2,Sabaneta,Disponible,Apartamento,2026-09-28 01:37:25,
5e0b14a0-c390-43e0-b42e-010b959a27fc,396418939.56,"Av. carrera 139 # 5-80 Este Torre 3 apartamento 877 411687 Yaguará, Huila","Se vende Apartamento de 1 habitaciones, con un área de 230.22 m², ubicada en el barrio Sabaneta, estrato 2. Ideal para familias o inversión.",2026-08-19 10:09:21.374920,2027-02-22 10:09:21.374920,1,230.22,1,2,Sabaneta,Alquilado,Apartamento,2026-08-19 10:09:21,
19ebe4c2-67fc-41b1-97f7-25d657b690bb,697963353.9,"Carrera 135 # 71-9 Sur 735650 Armero, Tolima","Se vende Apartamento de 1 habitaciones, con un área de 230.22 m², ubicada en el barrio Sabaneta, estrato 2. Ideal para familias o inversión.",2026-07-12 20:49:27.836259,2026-11-26 20:49:27.836259,1,230.22,1,2,Sabaneta,Alquilado,Apartamento,2026-07-12 20:49:27,
b163a826-1d10-4f69-a9cc-d7b197106ecc,889927966.38,"Carrera 1B # 6-8 Este 258523 Zipacón, Cundinamarca","Se vende Apartamento de 1 habitaciones, con un área de 230.22 m², ubicada en el barrio Sabaneta, estrato 2. Ideal para familias o inversión.",2026-04-17 17:14:17.690260,2027-02-27 17:14:17.690260,1,230.22,4,2,Sabaneta,En construcción,Apartamento,2026-04-17 17:14:17,
1460ca10-3b4d-45a1-9f43-654584ec2f57,929475631.44,"Carrera 5 Bis W # 60-6 Este 859495 Aguazul, Casanare","Vendo Apartamento de 1 habitaciones, con un área de 230.22 m², ubicada en el barrio Sabaneta, estrato 2. Ideal para familias o inversión. ",2025-09-05 03:46:34.640620,2025-12-23 03:46:34.640620,1,230.22,2,2,Sabaneta,Vendido,Apartamento,2025-09-05 03:46:34,
e33a32ea-2dd7-41f3-b81f-1ab4839e4b00,887345394.43,"Cr. 42M # 2-4 Etapa 1 apartamento 89 689728 Bolívar, Santander","Se vende Apartamento de 1 habitaciones, con un área de 230.22 m², ubicada en el barrio Sabaneta, estrato 2. Ideal para familias o inversión.",2024-12-25 09:36:26.189932,2025-04-24 09:36:26.189932,1,230.22,1,2, Sabaneta ,Vendido,Apartamento,2024-12-25 09:36:26,25/12/2024 09:36
29dcf375-c1aa-43c0-a321-544ef6c38332,793267171.34,"Carrera 157R # 35-8 Este 688970 Carcasí, Santander","Se vende Apartamento de 1 habitaciones, con un área de 230.22 m², ubicada en el barrio Sabaneta, estrato 2. Ideal para familias o inversión.",2025-08-24 12:08:55.197820,2026-03-12 12:08:55.197820,1,230.22,4,2,Sabaneta,Vendido,Apartamento,2025-08-24 12:08:55,24/08/2025 12:08
b349d670-28ad-4125-8759-09c784e9a33d,201237950.83,"Carrera 158P # 54Z-2 Este 523443 Contadero, Nariño","Se vende Apartamento de 1 habitaciones, con un área de 230.22 m², ubicada en el barrio Sabaneta, estrato 2. Ideal para familias o inversión.",2025-06-13 09:35:06.645307,2025-11-26 09:35:06.645307,1,230.22,1,2,SABANETA,Reservado,Apartamento,2025-06-13 09:35:06,
4a25bba4-1cfd-4c0a-a532-4a7cea5c8452,865663588.77,"Cl. 9R Bis # 42-41 521574 Túquerres, Nariño","Se vende Apartamento de 1 habitaciones, con un área de 230.22 m², ubicada en el barrio Sabaneta, estrato 2. Ideal para familias o inversión.",2026-02-12 14:17:19.163774,2026-04-02 14:17:19.163774,1,230.22,2,2,Sabaneta,Vendido,Apartamento,2026-02-12 14:17:19,
f959ee90-e7e4-4cc0-9de8-9379c62c70dd,382175503.22,"Av. Adriana Betancur Monsalve # 53-6 Sur 881208 Providencia, Archipiélago de San Andrés, Providencia y Santa Catalina","Se vende Apartamento de 1 habitaciones, con un área de 230.22 m², ubicada en el barrio Sabaneta, estrato 2. Ideal para familias o inversión.",2026-02-07 15:16:47.187930,2026-10-30 15:16:47.187930,1,230.22,2,dos,Sabaneta,Vendido,Apartamento,2026-02-07 15:16:47,
355d2505-f560-4b07-8e31-05d546f75bfe,677031523.61,"Avenida Milena Agudelo # 84K-9 Este Torre 9 apartamento 12 136724 San Pablo, Bolívar",,2026-01-21 03:38:40.155626,2026-03-04 03:38:40.155626,1,230.22,4,dos,Sabaneta,Alquilado,Apartamento,2026-01-21 03:38:40,
6df2806c-8055-4750-90e2-09c4aef8e958,871135294.93,"Cl. 5ª # 33-7 Sur 152742 Sáchica, Boyacá","Se vende Apartamento de 1 habitaciones, con un área de 230.22 m², ubicada en el barrio Sabaneta, estrato 2. Ideal para familias o inversión.",2025-10-02 03:06:27.711696,2026-03-23 03:06:27.711696,1,230.22,3,2,Sabaneta,Alquilado,Apartamento,2025-10-02 03:06:27,02/10/2025 03:06
ef7dcc67-60d4-4d12-a43f-e4dfdae0b0b4,533935391.75,"Carrera 64 # 1-59 Este 135304 San Estanislao, Bolívar","Se vende Apartamento de 1 habitaciones, con un área de 230.22 m², ubicada en el barrio Sabaneta, estrato 2. Ideal para familias o inversión.",2025-10-17 17:43:31.441401,2026-10-10 17:43:31.441401,1,230.22,5,2,SABANETA,Alquilado,Apartamento,2025-10-17 17:43:31,17/10/2025 17:43
18f569bf-c98c-42aa-928f-a29ad0c4750b,159574664.26,"Cl. 82 # 6-7 Este 258414 Facatativá, Cundinamarca","Se vende Apartamento de 1 habitaciones, con un área de 230.22 m², ubicada en el barrio Sabaneta, estrato 2. Ideal para familias o inversión.",2025-06-25 23:34:00.800173,2025-08-08 23:34:00.800173,1,230.22,3,dos,Sabaneta,Vendido,Apartamento,2025-06-25 23:34:00,
29e3a10a-b2c9-405f-bbb1-f47a588e96f2,964407599.97,"Calle 9K # 83-2 Este Torre 4 apartamento 281 730883 Ataco, Tolima","Se vende Apartamento de 1 habitaciones, con un área de 230.22 m², ubicada en el barrio Sabaneta, estrato 2. Ideal para familias o inversión.",2025-11-11 12:59:16.793742,2026-10-04 12:59:16.793742,1,230.22,3,2,Sabaneta,Disponible,Apartamento,2025-11-11 12:59:16,11/11/2025 12:59
5bdf2199-8235-4afb-bff7-6db917570853,616742692.24,"Avenida calle 4ª # 70-6 Este 054064 Uramita, Antioquia",,2025-08-27 18:03:39.419843,2025-11-20 18:03:39.419843,1,230.22,3,2,Sabaneta,Alquilado,Apartamento,2025-08-27 18:03:39,27/08/2025 18:03
b262d23f-09f0-4ec5-8344-71a4ec28e5b9,625898410.64,"Transversal 166 # 9-3 Este Apto. 86 052656 Yondó, Antioquia","Se vende Apartamento de 1 habitaciones, con un área de 230.22 m², ubicada en el barrio Sabaneta, estrato 2. Ideal para familias o inversión.",2024-11-21 21:52:49.427809,2025-08-01 21:52:49.427809,1,230.22,5,2,SABANETA,Disponible,Apartamento,2024-11-21 21:52:49,
fb7485fa-7831-427d-a816-b34d79f7d711,904529496.27,"Cr. 168 # 4-83 Sur Casa 98 153004 La Capilla, Boyacá","Se vende Apartamento de 1 habitaciones, con un área de 230.22 m², ubicada en el barrio Sabaneta, estrato 2. Ideal para familias o inversión.",2026-06-26 18:12:13.049942,2027-02-08 18:12:13.049942,1,230.22,2,2,Sabaneta,Alquilado,Apartamento,2026-06-26 18:12:13,26/06/2026 18:12
62bae0a0-973e-4d5f-9024-d76c6430ce55,723346019.64,"Carrera 1ª # 7-80 Apto. 19 193119 Piamonte, Cauca","Se vende Apartamento de 1 habitaciones, con un área de 230.22 m², ubicada en el barrio Sabaneta, estrato 2. Ideal para familias o inversión.",2025-01-27 15:35:08.444298,2025-03-20 15:35:08.444298,1,230.22,1,2,Sabaneta,En construcción,Apartamento,2025-01-27 15:35:08,
2d7a711f-42f2-4f9c-a9f9-96b33b5355a0,702514289.57,"Calle 48 # 14-9 Este 059953 Valdivia, Antioquia","Se vende Apartamento de 1 habitaciones, con un área de 230.22 m², ubicada en el barrio Sabaneta, estrato 2. Ideal para familias o inversión.",2025-11-04 14:52:55.586204,2026-09-05 14:52:55.586204,1,230.22,2,2,Sabaneta,Alquilado,Apartamento,2025-11-04 14:52:55,
eaf9ac6f-25dd-466a-a140-ebb709f77c41,116475120.57,"Cr. 47 # 3J-8 186624 Solano, Caquetá","SE VENDE APARTAMENTO DE 1 HABITACIONES, CON UN ÁREA DE 230.22 M², UBICADA EN EL BARRIO SABANETA, ESTRATO 2. IDEAL PARA FAMILIAS O INVERSIÓN.",2026-07-10 22:47:38.025360,2027-03-17 22:47:38.025360,1,230.22,3,dos,Sabaneta,En construcción,Apartamento,2026-07-10 22:47:38,
80d2507b-fb8e-4a30-b473-6c66053e7307,680218102.45,"Avenida carrera 2ª # 13-5 Sur 683517 Bolívar, Santander","Se vende Apartamento de 1 habitaciones, con un área de 230.22 m², ubicada en el barrio Sabaneta, estrato 2. Ideal para familias o inversión.!!! ",2025-11-21 03:33:09.882447,2026-05-30 03:33:09.882447,1,230.22,1,2,Sabaneta,Alquilado,Apartamento,2025-11-21 03:33:09,
3cc66e66-428b-47ca-9354-0abfa19f53e7,343820429.1,"Av. carrera 117 # 49W-7 054033 Puerto Nare, Antioquia","Se vende Apartamento de 1 habitaciones, con un área de 230.22 m², ubicada en el barrio Sabaneta, estrato 2. Ideal para familias o inversión.",2026-02-10 10:33:53.900157,2026-11-26 10:33:53.900157,1,230.22,4,2,Sabaneta,Alquilado,Apartamento,2026-02-10 10:33:53,
3e4fedd2-e2d1-4809-962e-10c58bd3d173,712347993.48,"Av. calle 6ª # 4-30 277175 Bahía Solano, Chocó","Se  vende  Apartamento  de  1  habitaciones,  con  un  área  de  230.22  m²,  ubicada  en  el  barrio  Sabaneta,  estrato  2.  Ideal  para  familias  o  inversión. ",2025-11-13 14:51:40.971996,2026-07-07 14:51:40.971996,1,230.22,5,2,Sabaneta,Vendido,Apartamento,2025-11-13 14:51:40,
0a85a467-d7e5-4c69-8ad5-5965d1d8b8c7,449424017.08,"Carrera 62X Bis O # 9-8 Etapa 3 apartamento 439 687854 California, Santander","Se vende Apartamento de 1 habitaciones, con un área de 230.22 m², ubicada en el barrio Sabaneta, estrato 2. Ideal para familias o inversión.",2025-04-14 19:50:19.484115,2025-08-20 19:50:19.484115,1,230.22,4,2,Sabaneta,Vendido,Apartamento,2025-04-14 19:50:19,14/04/2025 19:50
bb098b08-a9f7-45a6-a052-e754f8e305cf,590649992.12,"Calle 4ª # 15-8 Este Apartamento 9 950623 Miraflores, Guaviare","SE VENDE APARTAMENTO DE 1 HABITACIONES, CON UN ÁREA DE 230.22 M², UBICADA EN EL BARRIO SABANETA, ESTRATO 2. IDEAL PARA FAMILIAS O INVERSIÓN.",2026-08-07 02:42:43.958292,2027-07-18 02:42:43.958292,1,230.22,4,2,sabaneta,En construcción,Apartamento,2026-08-07 02:42:43,07/08/2026 02:42
5ce162d1-f3a0-41f6-b878-85099aeba3bd,338681201.8,"Calle 42 # 9-5 Sur 050862 Arboletes, Antioquia","Se vende Apartamento de 1 habitaciones, con un área de 230.22 m², ubicada en el barrio Sabaneta, estrato 2. Ideal para familias o inversión.",2025-09-27 16:54:04.004855,2025-10-27 16:54:04.004855,16,230.22,2,2,Sabaneta,Reservado,Apartamento,2025-09-27 16:54:04,27/09/2025 16:54
ccf88a10-038a-4b4e-9bfc-0c5522868ef5,626328491.96,"Cl. 170 # 82-71 Este Apto. 67 544101 Sardinata, Norte de Santander","Se vende Apartamento de 1 habitaciones, con un área de 230.22 m², ubicada en el barrio Sabaneta, estrato 2. Ideal para familias o inversión.!!! ",2025-04-19 14:40:52.283148,2026-03-11 14:40:52.283148,1,230.22,3,2,S@b@n3t@,Reservado,Apartamento,2025-04-19 14:40:52,
1bb360a1-4fb2-4779-8dc1-0fd5b9c5cbff,470051809.34,Calle 40K # 26-5 Apartamento 44 151489 Tunja,"Se vende Apartamento de 1 habitaciones, con un área de 230.22 m², ubicada en el barrio Sabaneta, estrato 2. Ideal para familias o inversión.",2026-05-02 07:22:52.328515,2027-01-13 07:22:52.328515,1,230.22,2,2,Sabaneta,En construcción,Apartamento,2026-05-02 07:22:52,
c4ced225-a369-4eee-931b-c25d0719ae79,804048629.15,"Avenida calle 159 # 69-16 Este 540163 Herrán, Norte de Santander",,2025-11-22 07:07:00.041125,2026-08-21 07:07:00.041125,1,230.22,2,2,Sabaneta,Disponible,Apartamento,2025-11-22 07:07:00,
44a98e59-93c0-4a5d-ac1d-e0ee4f15ca08,539679409.42,"Cl. 21 # 3-76 Sur Bodega 486 689619 Socorro, Santander","S3 v3nd3 Ap@rt@m3nt0 d3 1 h@b1t@c10n3s, c0n vn ár3@ d3 230.22 m², vb1c@d@ 3n 3l b@rr10 S@b@n3t@, 3str@t0 2. Id3@l p@r@ f@m1l1@s 0 1nv3rs1ón. ",2025-04-23 23:54:37.768207,2025-10-15 23:54:37.768207,1,230.22,5,dos,Sabaneta,Alquilado,Apartamento,2025-04-23 23:54:37,
7722ca23-4f5b-4457-919b-eb2ab9a0bf9a,827502291.31,"Carrera 101 Sur # 6-71 Apartamento 551 131267 Simití, Bolívar","Se vende Apartamento de 1 habitaciones, con un área de 230.22 m², ubicada en el barrio Sabaneta, estrato 2. Ideal para familias o inversión.",2025-06-26 19:41:43.747470,2025-09-11 19:41:43.747470,1,230.22,2,2,Sabaneta,Alquilado,Apartamento,2025-06-26 19:41:43,
ce50d541-f9dd-4cae-8b70-1a51ca599c05,816234749.85,"Calle 72 # 8-24 Sur 542244 Gramalote, Norte de Santander","Se vende Apartamento de 1 habitaciones, con un área de 230.22 m², ubicada en el barrio Sabaneta, estrato 2. Ideal para familias o inversión.",2025-05-07 12:35:59.634315,2025-09-29 12:35:59.634315,1,230.22,2,2,Sabaneta,Disponible,Apartamento,2025-05-07 12:35:59,
0a9c6080-2ca5-47a5-90b4-4fc537430a31,282600416.87,"Dg. 67 # 39-5 Sur 250659 La Calera, Cundinamarca","Se vende Apartamento de 1 habitaciones, con un área de 230.22 m², ubicada en el barrio Sabaneta, estrato 2. Ideal para familias o inversión.",2025-04-08 04:45:04.353347,2025-05-31 04:45:04.353347,1,230.22,4,2,Sabaneta,En construcción,Apartamento,2025-04-08 04:45:04,
56880491-1177-42c6-812b-6691b0b0b26e,482645359.96,"Diagonal 66 # 4-9 207935 Curumaní, Cesar","Se vende Apartamento de 1 habitaciones, con un área de 230.22 m², ubicada en el barrio Sabaneta, estrato 2. Ideal para familias o inversión.",2025-12-20 23:16:57.497605,2026-02-25 23:16:57.497605,1,230.22,5,2,Sabaneta,Vendido,Apartamento,2025-12-20 23:16:57,
300df6c7-6bb1-4094-8807-88688ab4a35b,519658310.56,"Calle 76 # 8-7 Este 057243 Guatapé, Antioquia","Se vende Apartamento de 1 habitaciones, con un área de 230.22 m², ubicada en el barrio Sabaneta, estrato 2. Ideal para familias o inversión.",2026-02-16 07:31:51.183102,2026-09-30 07:31:51.183102,1,230.22,2,2,Sabaneta,Vendido,Apartamento,2026-02-16 07:31:51,
c3841451-3b12-4d74-b2dd-5acbabc6ef27,703241292.43,"Cr. 7U # 16K-21 Sur Apartamento 6 685290 Capitanejo, Santander","Se vende Apartamento de 1 habitaciones, con un área de 230.22 m², ubicada en el barrio Sabaneta, estrato 2. Ideal para familias o inversión.",2025-10-11 09:45:42.860689,2026-10-11 09:45:42.860689,1,230.22,1,2,Sabaneta,Reservado,Apartamento,2025-10-11 09:45:42,11/10/2025 09:45
20a58918-70c6-435d-80bd-b01b85d46d6b,217092347.62,"Tr. 112 # 8-45 Este 850714 Orocué, Casanare","Se vende Apartamento de 1 habitaciones, con un área de 230.22 m², ubicada en el barrio Sabaneta, estrato 2. Ideal para familias o inversión.",2025-03-17 12:05:18.918115,2025-08-06 12:05:18.918115,1,230.22,5,2,SABANETA,Reservado,Apartamento,2025-03-17 12:05:18,
e9f30215-b34b-4a78-8450-344982fdb13b,579535504.33,"Cr. 93F # 3-6 Este 730105 Flandes, Tolima","Se vende Apartamento de 1 habitaciones, con un área de 230.22 m², ubicada en el barrio Sabaneta, estrato 2. Ideal para familias o inversión.",2025-09-24 02:29:56.502035,2025-11-18 02:29:56.502035,1,230.22,1,2,Sabaneta,Reservado,Apartamento,2025-09-24 02:29:56,
a1f23aea-6d05-4633-8912-76a6162e8003,811345771.64,"Calle 133 # 2-91 Torre 7 apartamento 36 709379 Ovejas, Sucre","Se vende Apartamento de 1 habitaciones, con un área de 230.22 m², ubicada en el barrio Sabaneta, estrato 2. Ideal para familias o inversión.",2025-08-13 18:58:32.154864,2025-11-19 18:58:32.154864,1,230.22,5,2,Sabaneta,En construcción,Apartamento,2025-08-13 18:58:32,13/08/2025 18:58
9f8a8c07-16de-439a-aa4f-a8a6ae5e332e,351433059.59,Diagonal 39 # 5W-2 Este 209691 Valledupar,"Se vende Apartamento de 1 habitaciones, con un área de 230.22 m², ubicada en el barrio Sabaneta, estrato 2. Ideal para familias o inversión.",2025-06-30 12:58:48.119622,2026-05-30 12:58:48.119622,1,230.22,4,2,Sabaneta,En construcción,Apartamento,2025-06-30 12:58:48,30/06/2025 12:58
bc22fb00-9c59-44f5-b10f-d0c78a47e6b2,455403719.02,"Calle 38 # 57-3 156929 Labranzagrande, Boyacá","se vende apartamento de 1 habitaciones, con un área de 230.22 m², ubicada en el barrio sabaneta, estrato 2. ideal para familias o inversión. ",2025-01-12 04:22:48.809313,2025-10-27 04:22:48.809313,1,230.22,5,2,SABANETA,Reservado,Apartamento,2025-01-12 04:22:48,12/01/2025 04:22
a838d619-57e0-4219-81a9-c7b5003fd54b,756472670.05,"Carrera 177 # 1-4 Sur Apartamento 62 686887 Suaita, Santander","Se vende Apartamento de 1 habitaciones, con un área de 230.22 m², ubicada en el barrio Sabaneta, estrato 2. Ideal para familias o inversión.",2025-05-24 03:08:16.947057,2025-09-12 03:08:16.947057,1,230.22,4,2,Sabaneta,Reservado,Apartamento,2025-05-24 03:08:16,
98b7736e-5cee-4468-955d-1ac443e7ee12,764187947.18,"Avenida calle 80 # 26-4 Sur Etapa 3 apartamento 88 254858 Anapoima, Cundinamarca","Se vende Apartamento de 1 habitaciones, con un área de 230.22 m², ubicada en el barrio Sabaneta, estrato 2. Ideal para familias o inversión.",2024-10-30 05:16:00.448954,2025-04-10 05:16:00.448954,1,230.22,3,2,Sabaneta,En construcción,Apartamento,2024-10-30 05:16:00,
b3baceda-66c3-4201-bdfd-12c7aa19a905,645411015.13,"Calle 43E # 6S-9 Sur Bodega 511 053959 Liborina, Antioquia","Se vende Apartamento de 1 habitaciones, con un área de 230.22 m², ubicada en el barrio Sabaneta, estrato 2. Ideal para familias o inversión.",2026-07-07 08:49:06.738320,2027-04-11 08:49:06.738320,1,230.22,3,2,Sabaneta,Reservado,Apartamento,2026-07-07 08:49:06,
1bc53057-7b4a-48c3-aaf0-09299f8445df,727867619.48,"Avenida carrera 122 # 4-75 Sur Local 598 172604 Viterbo, Caldas","SE VENDE APARTAMENTO DE 1 HABITACIONES, CON UN ÁREA DE 230.22 M², UBICADA EN EL BARRIO SABANETA, ESTRATO 2. IDEAL PARA FAMILIAS O INVERSIÓN. ",2025-12-16 07:53:40.846062,2026-02-23 07:53:40.846062,1,230.22,2,2,Sabaneta,Alquilado,Apartamento,2025-12-16 07:53:40,16/12/2025 07:53
871fdda8-277e-49f4-9624-3a612f4ccc18,353724090.0,"Av. carrera 15 # 8X-61 258457 Sutatausa, Cundinamarca","Se vende Apartamento de 1 habitaciones, con un área de 230.22 m², ubicada en el barrio Sabaneta, estrato 2. Ideal para familias o inversión.",2025-01-18 04:33:25.383296,2025-08-07 04:33:25.383296,1,230.22,5,2,Sabaneta,Disponible,Apartamento,2025-01-18 04:33:25,18/01/2025 04:33
76c4dd0d-2fd4-44c1-a80f-b799a44e3540,193289125.11,"Avenida carrera 15 # 8-1 548929 Teorama, Norte de Santander","SE VENDE APARTAMENTO DE 1 HABITACIONES, CON UN ÁREA DE 230.22 M², UBICADA EN EL BARRIO SABANETA, ESTRATO 2. IDEAL PARA FAMILIAS O INVERSIÓN.",2026-05-10 13:30:56.544507,2026-08-18 13:30:56.544507,1,230.22,4,2,Sabaneta,Vendido,Apartamento,2026-05-10 13:30:56,10/05/2026 13:30
93f446eb-19de-4a45-aa3d-c68cf093a726,111017408.18,"Cl. 12L # 4-74 Este Bodega 83 174241 Chinchiná, Caldas","Se vende Apartamento de 1 habitaciones, con un área de 230.22 m², ubicada en el barrio Sabaneta, estrato 2. Ideal para familias o inversión.",2026-08-16 06:26:35.754125,2027-01-02 06:26:35.754125,1,230.22,4,2,Sabaneta,Alquilado,Apartamento,2026-08-16 06:26:35,16/08/2026 06:26
78d1251c-fd87-4f98-a5e5-e19d5a92ef19,492628088.18,"Diagonal 127N # 7-2 Este Apartamento 41 138700 Zambrano, Bolívar","SE VENDE APARTAMENTO DE 1 HABITACIONES, CON UN ÁREA DE 230.22 M², UBICADA EN EL BARRIO SABANETA, ESTRATO 2. IDEAL PARA FAMILIAS O INVERSIÓN.",2024-12-11 22:55:57.348836,2025-10-14 22:55:57.348836,1,230.22,1,2,Sabaneta,Vendido,Apartamento,2024-12-11 22:55:57,11/12/2024 22:55
e2bc6d64-1a9c-44ae-8fb3-bc64415ff058,420002972.03,"Calle 4L # 82-46 Local 622 151890 Chiquinquirá, Boyacá","Se vende Apartamento de 1 habitaciones, con un área de 230.22 m², ubicada en el barrio Sabaneta, estrato 2. Ideal para familias o inversión.",2026-05-18 01:43:14.064993,2027-01-18 01:43:14.064993,1,230.22,5,2,Sabaneta,Disponible,Apartamento,2026-05-18 01:43:14,
a5c96039-6b9b-4c7e-8591-99e4542a0edf,411361977.48,"Cr. 1J # 5V-4 Este Apto. 762 154138 Sativanorte, Boyacá","Se vende Apartamento de 1 habitaciones, con un área de 230.22 m², ubicada en el barrio Sabaneta, estrato 2. Ideal para familias o inversión.!!! ",2026-07-23 06:42:33.768090,2027-06-12 06:42:33.768090,1,230.22,1,2,Sabaneta,Alquilado,Apartamento,2026-07-23 06:42:33,23/07/2026 06:42
7efe46bb-889e-417d-9f8b-1348ad7d3d76,765801368.81,"Calle 65A # 7-6 Este 196137 Piamonte, Cauca","Se vende Apartamento de 1 habitaciones, con un área de 230.22 m², ubicada en el barrio Sabaneta, estrato 2. Ideal para familias o inversión.",2025-12-23 16:25:21.995089,2026-06-23 16:25:21.995089,1,230.22,4,2,Sabaneta,En construcción,Apartamento,2025-12-23 16:25:21,
7b346e83-405b-4571-ac6a-7261549a0c9f,809874762.39,"Cr. 7 Bis N # 9-9 Este 733006 Ataco, Tolima","Se vende Apartamento de 1 habitaciones, con un área de 230.22 m², ubicada en el barrio Sabaneta, estrato 2. Ideal para familias o inversión.",2026-02-17 05:05:03.887337,2026-12-23 05:05:03.887337,1,230.22,2,2,Sabaneta,Reservado,Apartamento,2026-02-17 05:05:03,17/02/2026 05:05
8f35baf6-bb70-4eb7-b122-440047b570b3,309288546.18,"Cr. 103H # 7-2 Sur 136914 Morales, Bolívar","Se vende Apartamento de 1 habitaciones, con un área de 230.22 m², ubicada en el barrio Sabaneta, estrato 2. Ideal para familias o inversión.",2025-01-25 20:47:32.915001,2025-06-16 20:47:32.915001,1,230.22,4,2,Sabaneta,Disponible,Apartamento,2025-01-25 20:47:32,
45d6e9c7-71b1-4b22-b9be-476bcba35dfb,369323066.51,"Diagonal 3 Bis # 2-14 Sur Etapa 3 apartamento 2 052758 Turbo, Antioquia","Vendo Apartamento de 1 habitaciones, con un área de 230.22 m², ubicada en el barrio Sabaneta, estrato 2. Ideal para familias o inversión. ",2025-12-27 14:33:56.590362,2026-08-13 14:33:56.590362,1,230.22,4,2,Sabaneta,Vendido,Apartamento,2025-12-27 14:33:56,
a799eb8b-fef5-404e-9939-d5cb33cbf36f,923564539.64,"Cl. 21 # 1-18 250792 Tocaima, Cundinamarca","Se vende Apartamento de 1 habitaciones, con un área de 230.22 m², ubicada en el barrio Sabaneta, estrato 2. Ideal para familias o inversión.",2026-05-18 21:53:58.480990,2027-02-11 21:53:58.480990,1,230.22,5,2,Sabaneta,En construcción,Apartamento,2026-05-18 21:53:58,18/05/2026 21:53
49738bbd-8f43-40fe-83e2-3106d2bb4934,911582419.46,"Transversal 55 # 6S-2 Este Local 7 738635 Carmen de Apicalá, Tolima","SE VENDE APARTAMENTO DE 1 HABITACIONES, CON UN ÁREA DE 230.22 M², UBICADA EN EL BARRIO SABANETA, ESTRATO 2. IDEAL PARA FAMILIAS O INVERSIÓN.",2025-04-02 23:25:51.114647,2025-05-15 23:25:51.114647,1,230.22,5,2, Sabaneta ,En construcción,Apartamento,2025-04-02 23:25:51,
9a2f18a9-33e8-4b1d-9852-c8adde5d1e45,129750089.05,"Carrera 60 # 5-49 Sur 051744 Támesis, Antioquia","SE VENDE APARTAMENTO DE 1 HABITACIONES, CON UN ÁREA DE 230.22 M², UBICADA EN EL BARRIO SABANETA, ESTRATO 2. IDEAL PARA FAMILIAS O INVERSIÓN.",2026-02-10 04:29:43.768999,2026-03-25 04:29:43.768999,1,230.22,4,2,SABANETA,Vendido,Apartamento,2026-02-10 04:29:43,
a160c5cf-8e9f-4b93-94ee-c3462c36fb1a,222642575.19,"Cr. 15A # 26-44 Este 760385 Bolívar, Valle del Cauca","S3 v3nd3 Ap@rt@m3nt0 d3 1 h@b1t@c10n3s, c0n vn ár3@ d3 230.22 m², vb1c@d@ 3n 3l b@rr10 S@b@n3t@, 3str@t0 2. Id3@l p@r@ f@m1l1@s 0 1nv3rs1ón. ",2025-07-02 08:28:07.289937,2026-03-25 08:28:07.289937,1,230.22,3,2,Sabaneta,Reservado,Apartamento,2025-07-02 08:28:07,
1bd8e4ae-3eef-4897-b2af-e9b8587a5800,251077270.0,"Cr. 191 # 26-1 Sur Bodega 11 683865 Cerrito, Santander","Se vende Apartamento de 1 habitaciones, con un área de 230.22 m², ubicada en el barrio Sabaneta, estrato 2. Ideal para familias o inversión.",2026-09-24 11:35:07.848843,2027-04-09 11:35:07.848843,1,230.22,3,2,Sabaneta,Alquilado,Apartamento,2026-09-24 11:35:07,24/09/2026 11:35
3e260c76-f72c-4f26-8b5d-6fb656d16578,314343784.86,"Cr. 31 # 8-8 Sur 154313 Pisba, Boyacá","Se vende Apartamento de 1 habitaciones, con un área de 230.22 m², ubicada en el barrio Sabaneta, estrato 2. Ideal para familias o inversión.",2026-02-02 05:43:16.311114,2026-09-14 05:43:16.311114,1,230.22,4,2,Sabaneta,Alquilado,Apartamento,2026-02-02 05:43:16,
f03934e0-7625-436d-b019-43e909b39a4c,496791494.4,"Diagonal 6ª # 4-6 Sur Local 444 911249 Puerto Santander, Amazonas",,2025-07-30 06:51:18.562571,2025-10-09 06:51:18.562571,1,230.22,5,2,Sabaneta,Disponible,Apartamento,2025-07-30 06:51:18,
736d53c6-ce56-48eb-9b70-9a11b24bb853,263011057.43,"Diagonal 4ª # 7-6 Este Etapa 3 apartamento 17 417121 Colombia, Huila","Se vende Apartamento de 1 habitaciones, con un área de 230.22 m², ubicada en el barrio Sabaneta, estrato 2. Ideal para familias o inversión.",2025-10-16 09:48:02.845145,2026-05-13 09:48:02.845145,1,230.22,1,2,Sabaneta,Disponible,Apartamento,2025-10-16 09:48:02,16/10/2025 09:48
d1409479-7053-4eed-95ab-13c5f9eef71b,952131146.08,"Carrera 3ª # 86N-1 Sur 132151 Norosí, Bolívar","Se vende Apartamento de 1 habitaciones, con un área de 230.22 m², ubicada en el barrio Sabaneta, estrato 2. Ideal para familias o inversión.",2026-01-09 18:08:46.685476,2026-02-23 18:08:46.685476,1,230.22,2,2,Sabaneta,Disponible,Apartamento,2026-01-09 18:08:46,
7fe81196-14ed-4170-a485-f5e681cd4679,194763228.5,"Cr. 7P # 2P-50 Sur 182099 Milán, Caquetá","Se vende Apartamento de 1 habitaciones, con un área de 230.22 m², ubicada en el barrio Sabaneta, estrato 2. Ideal para familias o inversión.",2026-02-17 09:49:59.291446,2027-01-31 09:49:59.291446,1,230.22,2,2,Sabaneta,Reservado,Apartamento,2026-02-17 09:49:59,
1db5d68b-ed9b-4a0c-94a7-8f5ecd9e07ff,585771102.83,"Calle 45 # 5-1 Sur 205985 Bosconia, Cesar","Se vende Apartamento de 1 habitaciones, con un área de 230.22 m², ubicada en el barrio Sabaneta, estrato 2. Ideal para familias o inversión.",2025-01-14 14:01:41.524656,2025-04-12 14:01:41.524656,1,230.22,2,2,Sabaneta,Reservado,Apartamento,2025-01-14 14:01:41,
95943c5d-e6ff-47b7-92fa-54f9ca53dd6c,778553193.44,"Tr. 6M # 42F-6 Este Casa 2 254803 Chocontá, Cundinamarca","Se vende Apartamento de 1 habitaciones, con un área de 230.22 m², ubicada en el barrio Sabaneta, estrato 2. Ideal para familias o inversión.",2025-10-28 01:49:30.134856,2026-04-07 01:49:30.134856,1,230.22,2,2,Sabaneta,En construcción,Apartamento,2025-10-28 01:49:30,
c9985dd2-fc75-48e5-b9c0-51fc75073aa4,965548006.9,"Cr. 1ª # 60-4 052701 Hispania, Antioquia","Se vende Apartamento de 1 habitaciones, con un área de 230.22 m², ubicada en el barrio Sabaneta, estrato 2. Ideal para familias o inversión.",2026-02-27 22:31:34.588198,2027-02-02 22:31:34.588198,1,230.22,1,2,Sabaneta,Vendido,Apartamento,2026-02-27 22:31:34,
21543bfd-378e-4ed1-a7a2-0772192453b5,152693812.17,"Transversal 26 # 3-35 Este Local 1 191851 Argelia, Cauca","Se vende Apartamento de 1 habitaciones, con un área de 230.22 m², ubicada en el barrio Sabaneta, estrato 2. Ideal para familias o inversión.",2025-06-12 06:05:46.399078,2025-12-18 06:05:46.399078,1,230.22,1,dos,Sabaneta,Alquilado,Apartamento,2025-06-12 06:05:46,
6746aeda-5893-41d5-a0e1-56db88946df5,693479922.51,"Transversal 169S # 6-4 Este 734422 San Antonio, Tolima","Se vende Apartamento de 1 habitaciones, con un área de 230.22 m², ubicada en el barrio Sabaneta, estrato 2. Ideal para familias o inversión.",2026-08-30 08:06:42.670125,2027-07-20 08:06:42.670125,1,230.22,4,2,Sabaneta,Reservado,Apartamento,2026-08-30 08:06:42,30/08/2026 08:06
5c403d81-d23d-4c81-acd0-ea8bb440214a,122196653.95,"Avenida calle 85 # 4-4 Este Casa 6 765521 Candelaria, Valle del Cauca","Se vende Apartamento de 1 habitaciones, con un área de 230.22 m², ubicada en el barrio Sabaneta, estrato 2. Ideal para familias o inversión.",2025-11-23 11:01:39.623108,2026-04-03 11:01:39.623108,1,230.22,2,dos,Sabaneta,Disponible,Apartamento,2025-11-23 11:01:39,
19630999-566a-4236-9aca-efdb21b6abfc,857778577.13,"Cl. 47 # 2-1 Sur 252676 Paratebueno, Cundinamarca","Se vende Apartamento de 1 habitaciones, con un área de 230.22 m², ubicada en el barrio Sabaneta, estrato 2. Ideal para familias o inversión.!!! ",2024-11-24 20:37:03.953330,2025-05-27 20:37:03.953330,1,230.22,5,2,Sabaneta,Disponible,Apartamento,2024-11-24 20:37:03,24/11/2024 20:37
583d6c52-a1d4-4640-9c95-6d0f05cdb914,793503579.04,"Av. Palocabildo # 76-32 Apto. 222 258159 San Antonio del Tequendama, Cundinamarca","Se vende Apartamento de 1 habitaciones, con un área de 230.22 m², ubicada en el barrio Sabaneta, estrato 2. Ideal para familias o inversión.",2024-10-21 00:04:12.185452,2025-09-05 00:04:12.185452,1,230.22,3,2,Sabaneta,En construcción,Apartamento,2024-10-21 00:04:12,
8eef16b6-630e-4c82-8093-85e3f5d9cbb3,678445273.65,"Avenida calle 120 # 2-56 Este Torre 7 apartamento 943 200698 Pelaya, Cesar","Se vende Apartamento de 1 habitaciones, con un área de 230.22 m², ubicada en el barrio Sabaneta, estrato 2. Ideal para familias o inversión.",2024-12-19 07:16:32.017647,2025-08-25 07:16:32.017647,1,230.22,1,2,Sabaneta,En construcción,Apartamento,2024-12-19 07:16:32,19/12/2024 07:16
f19f8d97-2a87-42d0-bb7c-167d75d5e33c,374169616.12,"Carrera 118V Bis # 7-65 731714 San Sebastián de Mariquita, Tolima","Se vende Apartamento de 1 habitaciones, con un área de 230.22 m², ubicada en el barrio Sabaneta, estrato 2. Ideal para familias o inversión.",2026-01-05 22:52:00.404385,2027-01-01 22:52:00.404385,1,230.22,4,dos,Sabaneta,Reservado,Apartamento,2026-01-05 22:52:00,
c8107f73-d013-454a-8e45-4a4bac0e9a01,461847231.26,"Avenida Peña # 13-78 Este Bodega 839 252115 Sasaima, Cundinamarca","Se vende Apartamento de 1 habitaciones, con un área de 230.22 m², ubicada en el barrio Sabaneta, estrato 2. Ideal para familias o inversión.",2025-08-27 23:11:25.071579,2025-11-19 23:11:25.071579,1,230.22,3,2,Sabaneta,Reservado,Apartamento,2025-08-27 23:11:25,
6136ddeb-867b-4b86-a7f5-054619545db6,463712787.76,"Avenida Buitrago # 31-37 910898 Puerto Nariño, Amazonas","Se vende Apartamento de 1 habitaciones, con un área de 230.22 m², ubicada en el barrio Sabaneta, estrato 2. Ideal para familias o inversión.",2025-08-08 03:19:43.739677,2025-11-24 03:19:43.739677,1,230.22,5,dos,Sabaneta,Alquilado,Apartamento,2025-08-08 03:19:43,
d55bc256-e6a8-468a-bb04-1c1c40d39b07,817789257.87,"Carrera 9ª # 9-84 Apartamento 73 159451 Pachavita, Boyacá","Se vende Apartamento de 1 habitaciones, con un área de 230.22 m², ubicada en el barrio Sabaneta, estrato 2. Ideal para familias o inversión.",2026-05-19 21:37:03.098089,2027-04-29 21:37:03.098089,1,230.22,5,2,Sabaneta,Reservado,Apartamento,2026-05-19 21:37:03,19/05/2026 21:37
c73ca344-9ca7-4881-9336-ea44e131fe3d,463795768.35,"Avenida carrera 156 # 8-17 Oficina 22 851914 Tauramena, Casanare","SE VENDE APARTAMENTO DE 1 HABITACIONES, CON UN ÁREA DE 230.22 M², UBICADA EN EL BARRIO SABANETA, ESTRATO 2. IDEAL PARA FAMILIAS O INVERSIÓN.",2026-05-03 21:30:01.720239,2027-01-26 21:30:01.720239,1,230.22,5,dos,Sabaneta,Alquilado,Apartamento,2026-05-03 21:30:01,03/05/2026 21:30
30426548-f001-45cc-a1d0-05a16059c16f,859127502.02,"Cr. 54 # 2W-4 Oficina 15 157450 Sora, Boyacá","Se vende Apartamento de 1 habitaciones, con un área de 230.22 m², ubicada en el barrio Sabaneta, estrato 2. Ideal para familias o inversión.",2025-04-25 12:30:02.741714,2025-11-06 12:30:02.741714,1,230.22,1,2,SABANETA,Alquilado,Apartamento,2025-04-25 12:30:02,
760879d5-ce5d-493f-b823-406534db469d,281670267.23,"Dg. 2B Este # 7-38 Este Local 59 687367 Puente Nacional, Santander","Se vende Apartamento de 1 habitaciones, con un área de 230.22 m², ubicada en el barrio Sabaneta, estrato 2. Ideal para familias o inversión.",2025-05-13 19:57:04.310942,2026-01-28 19:57:04.310942,1,230.22,4,2,SABANETA,En construcción,Apartamento,2025-05-13 19:57:04,
296422ff-600a-4dde-ba49-356cfe15fa94,684779046.92,"Av. calle 4ª # 9-77 Este Casa 4 053070 Ituango, Antioquia","Se vende Apartamento de 1 habitaciones, con un área de 230.22 m², ubicada en el barrio Sabaneta, estrato 2. Ideal para familias o inversión.",2026-07-10 16:06:32.883478,2027-06-17 16:06:32.883478,1,230.22,3,2,Sabaneta,Disponible,Apartamento,2026-07-10 16:06:32,
b85c18dd-5328-4f7b-a3c0-20e70854c81a,858405194.5,"Cl. 42 # 4U-53 Este 055241 La Ceja, Antioquia","Se vende Apartamento de 1 habitaciones, con un área de 230.22 m², ubicada en el barrio Sabaneta, estrato 2. Ideal para familias o inversión.",2026-08-11 14:57:17.811448,2027-05-21 14:57:17.811448,1,230.22,2,2,Sabaneta,Reservado,Apartamento,2026-08-11 14:57:17,11/08/2026 14:57
93f9527c-8a6b-4d2b-8f1e-bba7a3bc7564,387083717.87,"Cr. 166I # 4O-84 Sur Apartamento 8 053494 Dabeiba, Antioquia","S3 v3nd3 Ap@rt@m3nt0 d3 1 h@b1t@c10n3s, c0n vn ár3@ d3 230.22 m², vb1c@d@ 3n 3l b@rr10 S@b@n3t@, 3str@t0 2. Id3@l p@r@ f@m1l1@s 0 1nv3rs1ón. ",2025-08-01 11:21:20.979820,2025-12-17 11:21:20.979820,1,230.22,3,2,Sabaneta,Alquilado,Apartamento,2025-08-01 11:21:20,
651bcbfd-a963-40c5-94ab-f5a0b6e962a5,886303980.77,"Dg. 44I # 4-1 Este Apto. 184 547154 Silos, Norte de Santander","Se vende Apartamento de 1 habitaciones, con un área de 230.22 m², ubicada en el barrio Sabaneta, estrato 2. Ideal para familias o inversión.!!! ",2026-02-13 00:21:00.654658,2026-08-05 00:21:00.654658,1,230.22,3,2,Sabaneta,En construcción,Apartamento,2026-02-13 00:21:00,
fac025a2-366b-4d7b-a65a-9e00ee27c170,540795889.13,"Tr. 6G # 83-68 Este 446660 Urumita, La Guajira","Se vende Apartamento de 1 habitaciones, con un área de 230.22 m², ubicada en el barrio Sabaneta, estrato 2. Ideal para familias o inversión.",2025-07-28 12:31:54.710787,2025-09-01 12:31:54.710787,1,230.22,2,2,Sabaneta,Disponible,Apartamento,2025-07-28 12:31:54,28/07/2025 12:31
14ec2894-28bb-43c4-8191-e709d794d032,734070930.9,"Av. carrera 6ª # 43-55 Sur 182482 Cartagena del Chairá, Caquetá","SE VENDE APARTAMENTO DE 1 HABITACIONES, CON UN ÁREA DE 230.22 M², UBICADA EN EL BARRIO SABANETA, ESTRATO 2. IDEAL PARA FAMILIAS O INVERSIÓN.",2025-05-13 14:56:37.906277,2025-10-13 14:56:37.906277,1,230.22,4,2,SABANETA,En construcción,Apartamento,2025-05-13 14:56:37,
52d8f16e-b86d-4987-9af2-2125cf675dc8,706078872.47,"Dg. 9ª # 7-9 Sur 470999 San Sebastián de Buenavista, Magdalena","Se vende Apartamento de 1 habitaciones, con un área de 230.22 m², ubicada en el barrio Sabaneta, estrato 2. Ideal para familias o inversión.",2026-05-05 00:29:43.716924,2026-10-05 00:29:43.716924,1,230.22,4,2,Sabaneta,Reservado,Apartamento,2026-05-05 00:29:43,
d9f8b206-6b8b-4335-adf6-34ee9a17e531,138400683.03,"Cr. 125 # 50-47 152521 Tópaga, Boyacá","Se vende Apartamento de 1 habitaciones, con un área de 230.22 m², ubicada en el barrio Sabaneta, estrato 2. Ideal para familias o inversión.",2025-08-04 02:28:13.109202,2025-09-11 02:28:13.109202,1,230.22,2,2,Sabaneta,Reservado,Apartamento,2025-08-04 02:28:13,04/08/2025 02:28
96602300-c1a1-4e87-b61e-2d16c3f68fef,340895728.62,"Calle 6ª # 18K-13 Este 176760 Filadelfia, Caldas","Se vende Apartamento de 1 habitaciones, con un área de 230.22 m², ubicada en el barrio Sabaneta, estrato 2. Ideal para familias o inversión.",2025-12-01 07:07:03.212539,2026-05-04 07:07:03.212539,1,230.22,5,2,Sabaneta,Alquilado,Apartamento,2025-12-01 07:07:03,01/12/2025 07:07
f822ee38-8dd1-4da7-8cfc-69e9437ff586,575799307.26,"Calle 5ª # 98-6 Sur 258942 Beltrán, Cundinamarca","Se vende Apartamento de 1 habitaciones, con un área de 230.22 m², ubicada en el barrio Sabaneta, estrato 2. Ideal para familias o inversión.",2026-03-26 05:15:07.604492,2026-12-23 05:15:07.604492,16,230.22,3,dos,Sabaneta,Reservado,Apartamento,2026-03-26 05:15:07,26/03/2026 05:15
b57c9339-f8a0-4e5a-8cd9-4be61074c8a8,364251732.34,"Calle 38 # 1-7 Este 150332 Sáchica, Boyacá","Se vende Apartamento de 1 habitaciones, con un área de 230.22 m², ubicada en el barrio Sabaneta, estrato 2. Ideal para familias o inversión.",2026-07-16 23:36:24.952436,2027-05-23 23:36:24.952436,1,230.22,4,2,Sabaneta,Alquilado,Apartamento,2026-07-16 23:36:24,16/07/2026 23:36
19eccbdb-816d-4dfe-9998-b43d11486ed1,288833492.39,"Cl. 42 # 70-24 Este Apartamento 1 911676 Puerto Arica, Amazonas","VENDO APARTAMENTO DE 1 HABITACIONES, CON UN ÁREA DE 230.22 M², UBICADA EN EL BARRIO SABANETA, ESTRATO 2. IDEAL PARA FAMILIAS O INVERSIÓN. ",2025-04-11 04:26:42.866437,2025-10-14 04:26:42.866437,1,230.22,1,2,Sabaneta,Vendido,Apartamento,2025-04-11 04:26:42,
f52cd34c-4b42-4401-ad77-6670b260c2a1,163577004.19,"Diagonal 56G Bis # 9-8 Oficina 21 157393 San Miguel de Sema, Boyacá","Se  vende  Apartamento  de  1  habitaciones,  con  un  área  de  230.22  m²,  ubicada  en  el  barrio  Sabaneta,  estrato  2.  Ideal  para  familias  o  inversión. ",2025-10-21 09:53:02.283192,2026-04-30 09:53:02.283192,1,230.22,5,2,Sabaneta,Vendido,Apartamento,2025-10-21 09:53:02,
6c420bbe-bf9d-4799-8b37-02af996741bb,255565407.88,"Av. carrera 9ª # 2-5 Este Local 4 731972 Melgar, Tolima","Se vende Apartamento de 1 habitaciones, con un área de 230.22 m², ubicada en el barrio Sabaneta, estrato 2. Ideal para familias o inversión.",2026-02-21 01:19:58.548383,2026-06-29 01:19:58.548383,1,230.22,4,2,Sabaneta,Alquilado,Apartamento,2026-02-21 01:19:58,
8351d7d8-41c5-4e6d-8fc9-09b515d8d421,977776671.74,"Calle 100Y # 6V-62 Sur Etapa 8 apartamento 1 414556 Agrado, Huila","Se vende Apartamento de 1 habitaciones, con un área de 230.22 m², ubicada en el barrio Sabaneta, estrato 2. Ideal para familias o inversión.",2025-03-24 04:39:48.269009,2026-02-18 04:39:48.269009,1,230.22,5,2,Sabaneta,En construcción,Apartamento,2025-03-24 04:39:48,
ba27925e-529f-40e9-b9a0-9d29baa7e7cb,981485098.94,"Carrera 121N # 1-3 256746 Susa, Cundinamarca","Se vende Apartamento de 1 habitaciones, con un área de 230.22 m², ubicada en el barrio Sabaneta, estrato 2. Ideal para familias o inversión.",2026-09-04 00:14:12.735768,2027-02-25 00:14:12.735768,1,230.22,2,2, Sabaneta ,Alquilado,Apartamento,2026-09-04 00:14:12,
69bed783-f7c5-4c77-b008-e737b589f8b0,392837015.69,"Calle 150 # 48-69 Este Bodega 35 737716 Palocabildo, Tolima","Se vende Apartamento de 1 habitaciones, con un área de 230.22 m², ubicada en el barrio Sabaneta, estrato 2. Ideal para familias o inversión.",2025-08-06 05:40:13.644808,2025-12-30 05:40:13.644808,1,230.22,3,2, Sabaneta ,Disponible,Apartamento,2025-08-06 05:40:13,
e00b123a-c869-4679-9c92-914877b03257,170253811.86,Avenida carrera 22 # 65-53 Oficina 452 150287 Tunja,"Se vende Apartamento de 1 habitaciones, con un área de 230.22 m², ubicada en el barrio Sabaneta, estrato 2. Ideal para familias o inversión.",2025-10-23 10:51:57.602654,2026-08-22 10:51:57.602654,1,230.22,1,2,Sabaneta,Disponible,Apartamento,2025-10-23 10:51:57,23/10/2025 10:51
5a70f0af-d952-4491-8972-fd12e4f44e76,327529812.33,"Carrera 20 # 90-9 521775 Tangua, Nariño","SE VENDE APARTAMENTO DE 1 HABITACIONES, CON UN ÁREA DE 230.22 M², UBICADA EN EL BARRIO SABANETA, ESTRATO 2. IDEAL PARA FAMILIAS O INVERSIÓN. ",2025-10-11 15:18:50.212968,2026-08-20 15:18:50.212968,1,230.22,2,2, Sabaneta ,Reservado,Apartamento,2025-10-11 15:18:50,11/10/2025 15:18
22bd7e77-6694-42fa-b7cd-7ef9df27d214,879083748.25,"Cr. 171 # 4-1 Sur 415899 Oporapa, Huila","Se vende Apartamento de 1 habitaciones, con un área de 230.22 m², ubicada en el barrio Sabaneta, estrato 2. Ideal para familias o inversión.",2026-06-01 15:30:29.299313,2026-08-22 15:30:29.299313,1,230.22,5,2,Sabaneta,Alquilado,Apartamento,2026-06-01 15:30:29,
58371b1e-ad9b-46dc-8008-b083bbd02fd7,504778498.18,"Calle 4M # 63-2 Sur 272614 Río Quito, Chocó","Se vende Apartamento de 1 habitaciones, con un área de 230.22 m², ubicada en el barrio Sabaneta, estrato 2. Ideal para familias o inversión.",2025-06-22 18:11:53.981016,2026-03-19 18:11:53.981016,1,230.22,3,2,Sabaneta,Vendido,Apartamento,2025-06-22 18:11:53,
de2a53a6-c4a8-42da-8b9d-eeb0d1edf29b,289854470.97,"Av. calle 32 # 72-61 Este Bodega 80 158697 Motavita, Boyacá","Se vende Apartamento de 1 habitaciones, con un área de 230.22 m², ubicada en el barrio Sabaneta, estrato 2. Ideal para familias o inversión.",2024-11-09 07:17:39.289344,2025-01-04 07:17:39.289344,1,230.22,4,2,Sabaneta,Disponible,Apartamento,2024-11-09 07:17:39,
e9f624a7-4dcd-4567-abcf-e3d97b59f3eb,430672070.14,"Avenida carrera 9ª # 4W-48 Torre 5 apartamento 742 686984 Carcasí, Santander","Se vende Apartamento de 1 habitaciones, con un área de 230.22 m², ubicada en el barrio Sabaneta, estrato 2. Ideal para familias o inversión.!!! ",2026-07-12 04:11:18.872026,2026-09-13 04:11:18.872026,1,230.22,1,dos,Sabaneta,En construcción,Apartamento,2026-07-12 04:11:18,
07c9f36a-b7f1-4564-9dae-e7c8408d8dfe,702128467.34,"Av. carrera 7ª # 78-14 Este 278799 Nuquí, Chocó","Se vende Apartamento de 1 habitaciones, con un área de 230.22 m², ubicada en el barrio Sabaneta, estrato 2. Ideal para familias o inversión.",2026-01-05 06:40:43.664622,2026-12-23 06:40:43.664622,1,230.22,2,2, Sabaneta ,Vendido,Apartamento,2026-01-05 06:40:43,05/01/2026 06:40
eb8e0e57-94d2-40c3-8194-b8de754d8a14,951669360.24,"Calle 44 # 80-25 Este Casa 1 544244 Ábrego, Norte de Santander","Se vende Apartamento de 1 habitaciones, con un área de 230.22 m², ubicada en el barrio Sabaneta, estrato 2. Ideal para familias o inversión.",2024-12-23 02:39:40.765149,2025-11-06 02:39:40.765149,1,230.22,1,2,Sabaneta,Vendido,Apartamento,2024-12-23 02:39:40,
5a5bcffa-af2f-43df-b43c-aeeb79859ca5,580169382.89,"Cl. 6Y Bis H # 48-49 Sur 255800 Albán, Cundinamarca","Se vende Apartamento de 1 habitaciones, con un área de 230.22 m², ubicada en el barrio Sabaneta, estrato 2. Ideal para familias o inversión.",2026-07-02 10:03:06.250147,2026-09-30 10:03:06.250147,1,230.22,4,2,SABANETA,En construcción,Apartamento,2026-07-02 10:03:06,02/07/2026 10:03
113cbcd2-4fc6-4b4f-a077-1ba440479416,801203788.35,"Calle 14 # 1-32 Sur 130648 Arenal, Bolívar","Se vende Apartamento de 1 habitaciones, con un área de 230.22 m², ubicada en el barrio Sabaneta, estrato 2. Ideal para familias o inversión.",2025-08-30 04:28:48.038263,2026-07-31 04:28:48.038263,1,230.22,2,2,SABANETA,En construcción,Apartamento,2025-08-30 04:28:48,30/08/2025 04:28
2e80eef4-5208-4e9f-a9ac-7ac56a4e1459,477988741.64,"Carrera 26 # 6-63 Sur Bodega 918 412818 Guadalupe, Huila","Se vende Apartamento de 1 habitaciones, con un área de 230.22 m², ubicada en el barrio Sabaneta, estrato 2. Ideal para familias o inversión.",2025-12-16 08:17:30.121940,2026-07-28 08:17:30.121940,1,230.22,4,2,Sabaneta,Alquilado,Apartamento,2025-12-16 08:17:30,
2751acb1-c40e-41ef-a206-6f114b615fbb,990529697.44,Calle 75 # 56D-9 Este 887399 San Andrés,"Se vende Apartamento de 1 habitaciones, con un área de 230.22 m², ubicada en el barrio Sabaneta, estrato 2. Ideal para familias o inversión.",2025-05-08 18:52:36.971180,2026-04-04 18:52:36.971180,1,230.22,3,2,Sabaneta,En construcción,Apartamento,2025-05-08 18:52:36,08/05/2025 18:52
6dbd6409-9e5c-4fc8-b67a-9b01e5e1b3ea,107218789.15,"Av. carrera 3ª # 18Y-28 853581 La Salina, Casanare","Se vende Apartamento de 1 habitaciones, con un área de 230.22 m², ubicada en el barrio Sabaneta, estrato 2. Ideal para familias o inversión.",2025-04-30 22:29:39.811241,2026-04-12 22:29:39.811241,1,230.22,1,2,S@b@n3t@,Vendido,Apartamento,2025-04-30 22:29:39,
b6626c33-f69c-4de2-bd93-a7f4dd990da6,250473935.54,"Calle 5ª # 49-5 Sur Oficina 21 230750 Cotorra, Córdoba","Se vende Apartamento de 1 habitaciones, con un área de 230.22 m², ubicada en el barrio Sabaneta, estrato 2. Ideal para familias o inversión.",2026-02-08 00:03:57.214446,2027-01-24 00:03:57.214446,1,230.22,1,2,Sabaneta,Vendido,Apartamento,2026-02-08 00:03:57,
4d87de96-86ee-4f3b-bf91-70527df3505b,215122870.91,"Calle 114Q # 24-59 Sur Oficina 61 639190 Pijao, Quindío","Se vende Apartamento de 1 habitaciones, con un área de 230.22 m², ubicada en el barrio Sabaneta, estrato 2. Ideal para familias o inversión.",2025-07-16 18:52:24.865221,2025-12-15 18:52:24.865221,1,230.22,1,2,Sabaneta,Vendido,Apartamento,2025-07-16 18:52:24,
d1e8884f-c91b-482b-a23f-e571ca0d0349,438091694.03,"Transversal 15Z # 38-2 058424 La Estrella, Antioquia","Vendo Apartamento de 1 habitaciones, con un área de 230.22 m², ubicada en el barrio Sabaneta, estrato 2. Ideal para familias o inversión. ",2025-07-11 22:49:54.953386,2025-08-11 22:49:54.953386,1,230.22,5,2,Sabaneta,Reservado,Apartamento,2025-07-11 22:49:54,11/07/2025 22:49
d64bc3c8-1261-4067-8eae-8aecd9d6bb96,81007862.61,"Diagonal 23 # 1-9 Sur 548222 Ragonvalia, Norte de Santander","Se vende Apartamento de 1 habitaciones, con un área de 230.22 m², ubicada en el barrio Sabaneta, estrato 2. Ideal para familias o inversión.",2024-10-10 00:15:10.607562,2025-04-07 00:15:10.607562,1,230.22,3,2,Sabaneta,Alquilado,Apartamento,2024-10-10 00:15:10,
f2f94f2c-b9a3-45a9-859b-bbc29f9f2174,117620772.15,Cr. 63 # 55-3 Este 135523 Cartagena de Indias,"Se vende Apartamento de 1 habitaciones, con un área de 230.22 m², ubicada en el barrio Sabaneta, estrato 2. Ideal para familias o inversión.",2026-01-20 06:11:46.879556,2026-10-09 06:11:46.879556,1,230.22,2,2,Sabaneta,Alquilado,Apartamento,2026-01-20 06:11:46,20/01/2026 06:11
eca3faf3-067e-4c62-a2a0-30ec133d64dc,610300109.74,"Cl. 87P # 8-94 Oficina 33 446452 Fonseca, La Guajira","Se vende Apartamento de 1 habitaciones, con un área de 230.22 m², ubicada en el barrio Sabaneta, estrato 2. Ideal para familias o inversión.",2025-11-24 10:01:22.209961,2026-11-09 10:01:22.209961,1,230.22,2,2, Sabaneta ,Reservado,Apartamento,2025-11-24 10:01:22,
a39be4a7-fe3f-4b25-bbf6-2cef371c1eb9,567334259.78,"Cr. 1G # 98-8 Este Etapa 3 apartamento 91 130809 Margarita, Bolívar","Se vende Apartamento de 1 habitaciones, con un área de 230.22 m², ubicada en el barrio Sabaneta, estrato 2. Ideal para familias o inversión.",2025-02-11 17:35:25.128096,2025-05-10 17:35:25.128096,1,230.22,2,dos,Sabaneta,Alquilado,Apartamento,2025-02-11 17:35:25,
7c8a2fb9-0e5d-4e7d-83ec-2b6dd3e3f016,117839345.01,"Diagonal 39Z # 32-37 Este Oficina 428 526580 Linares, Nariño","Se vende Apartamento de 1 habitaciones, con un área de 230.22 m², ubicada en el barrio Sabaneta, estrato 2. Ideal para familias o inversión.",2026-04-25 14:27:29.227843,2026-08-05 14:27:29.227843,1,230.22,2,2,Sabaneta,Alquilado,Apartamento,2026-04-25 14:27:29,25/04/2026 14:27
a605ba80-6f35-4f24-8a5b-5ce10cd395cf,761509835.97,"Cr. 68 # 1-17 Este 153145 Sutatenza, Boyacá","Se vende Apartamento de 1 habitaciones, con un área de 230.22 m², ubicada en el barrio Sabaneta, estrato 2. Ideal para familias o inversión.",2026-08-30 08:25:57.620574,2027-07-30 08:25:57.620574,1,230.22,5,2,Sabaneta,Alquilado,Apartamento,2026-08-30 08:25:57,
244417ab-cf2e-4664-b546-dfb95f256680,168135975.27,"Transversal 78 # 8-85 Este 859184 Sácama, Casanare","Se vende Apartamento de 1 habitaciones, con un área de 230.22 m², ubicada en el barrio Sabaneta, estrato 2. Ideal para familias o inversión.",2025-05-31 01:31:52.931032,2026-02-09 01:31:52.931032,1,230.22,3,2,Sabaneta,Reservado,Apartamento,2025-05-31 01:31:52,31/05/2025 01:31
b28f79a2-7d1a-46db-b4d9-1beb93306f9a,525448568.26,"Cr. 41 # 25-8 Este 153222 Santa Rosa de Viterbo, Boyacá",,2024-10-11 03:44:22.906768,2025-03-29 03:44:22.906768,1,230.22,4,2, Sabaneta ,Reservado,Apartamento,2024-10-11 03:44:22,11/10/2024 03:44
1cd2a4c4-7d1c-4e66-a3b2-810d1bda4753,618134828.94,"Cr. 30 # 5-3 Este Casa 7 230299 Canalete, Córdoba","Se vende Apartamento de 1 habitaciones, con un área de 230.22 m², ubicada en el barrio Sabaneta, estrato 2. Ideal para familias o inversión.",2025-09-21 02:25:14.546504,2025-12-01 02:25:14.546504,1,230.22,4,2,Sabaneta,Alquilado,Apartamento,2025-09-21 02:25:14,
5aaafecd-0772-41c4-a836-3ace7cdd30d2,287849507.29,"Diagonal 125F Bis # 29T-4 Sur Etapa 2 apartamento 497 053692 Concepción, Antioquia","S3 v3nd3 Ap@rt@m3nt0 d3 1 h@b1t@c10n3s, c0n vn ár3@ d3 230.22 m², vb1c@d@ 3n 3l b@rr10 S@b@n3t@, 3str@t0 2. Id3@l p@r@ f@m1l1@s 0 1nv3rs1ón. ",2026-09-06 07:26:48.419044,2027-08-11 07:26:48.419044,1,230.22,1,2,Sabaneta,Vendido,Apartamento,2026-09-06 07:26:48,
5d353c22-6182-4ae0-89d2-d4efb7948d81,607766785.12,"Avenida Luz Sofía Pabón # 70-9 Sur Apartamento 42 157990 Cucaita, Boyacá","Se vende Apartamento de 1 habitaciones, con un área de 230.22 m², ubicada en el barrio Sabaneta, estrato 2. Ideal para familias o inversión.",2025-07-14 21:48:17.743495,2026-06-03 21:48:17.743495,1,230.22,1,2,Sabaneta,Alquilado,Apartamento,2025-07-14 21:48:17,
8aaedfcf-7dcb-41d5-8a02-cc36a88089db,88220089.49,"Transversal 99C Bis # 13-1 Este Oficina 469 056247 San Andrés de Cuerquía, Antioquia","Se vende Apartamento de 1 habitaciones, con un área de 230.22 m², ubicada en el barrio Sabaneta, estrato 2. Ideal para familias o inversión.",2025-07-03 21:21:06.835708,2026-05-24 21:21:06.835708,1,230.22,2,dos,Sabaneta,Reservado,Apartamento,2025-07-03 21:21:06,03/07/2025 21:21
fdf49468-6693-41b0-ad55-685a9c40ad14,668934014.96,"Dg. 66 # 76-93 Este 851269 Pore, Casanare","Se vende Apartamento de 1 habitaciones, con un área de 230.22 m², ubicada en el barrio Sabaneta, estrato 2. Ideal para familias o inversión.",2025-10-23 01:00:13.406985,2026-08-14 01:00:13.406985,1,230.22,3,2,Sabaneta,Vendido,Apartamento,2025-10-23 01:00:13,23/10/2025 01:00
f97db247-216f-4786-9bff-503691ef39ae,464090737.72,"Carrera 95 # 70-12 Bodega 596 521372 Policarpa, Nariño","Se vende Apartamento de 1 habitaciones, con un área de 230.22 m², ubicada en el barrio Sabaneta, estrato 2. Ideal para familias o inversión.",2025-09-23 18:27:55.272757,2026-08-18 18:27:55.272757,1,230.22,4,2,Sabaneta,Disponible,Apartamento,2025-09-23 18:27:55,23/09/2025 18:27
c41a5f16-fa38-4eb9-8bf5-e23bdeb42eb5,380563003.48,"Av. calle 169 # 14-39 Este 731906 Cajamarca, Tolima","SE VENDE APARTAMENTO DE 1 HABITACIONES, CON UN ÁREA DE 230.22 M², UBICADA EN EL BARRIO SABANETA, ESTRATO 2. IDEAL PARA FAMILIAS O INVERSIÓN. ",2026-05-30 16:59:30.771780,2027-02-24 16:59:30.771780,1,230.22,3,2,Sabaneta,Alquilado,Apartamento,2026-05-30 16:59:30,
6e86b7d6-8839-416c-ac16-de2bddf708b2,864846439.68,"Calle 22 # 76Y-75 Este Torre 9 apartamento 5 059205 Ciudad Bolívar, Antioquia","Se vende Apartamento de 1 habitaciones, con un área de 230.22 m², ubicada en el barrio Sabaneta, estrato 2. Ideal para familias o inversión.",2025-10-02 11:06:04.758497,2025-12-24 11:06:04.758497,1,230.22,3,2,Sabaneta,Reservado,Apartamento,2025-10-02 11:06:04,02/10/2025 11:06
319e7d39-b6de-4203-98b4-3efb594d3202,323806905.59,"Av. calle 19 # 9-26 Este 053937 Carepa, Antioquia","Se vende Apartamento de 1 habitaciones, con un área de 230.22 m², ubicada en el barrio Sabaneta, estrato 2. Ideal para familias o inversión.",2025-03-01 15:49:03.756620,2025-12-09 15:49:03.756620,1,230.22,4,2,Sabaneta,En construcción,Apartamento,2025-03-01 15:49:03,
2d50b2ee-aba4-4e32-b976-18d9a41b0c75,482084613.17,"Av. carrera 177 # 2A-57 279735 Unguía, Chocó","Se vende Apartamento de 1 habitaciones, con un área de 230.22 m², ubicada en el barrio Sabaneta, estrato 2. Ideal para familias o inversión.",2024-11-28 05:06:29.924030,2025-01-15 05:06:29.924030,1,230.22,3,dos,Sabaneta,Alquilado,Apartamento,2024-11-28 05:06:29,
40a2d3db-9d3f-46d8-b5c8-935eb3061cf2,160125521.36,"Diagonal 38C # 45-5 233416 San Bernardo del Viento, Córdoba","S3 v3nd3 Ap@rt@m3nt0 d3 1 h@b1t@c10n3s, c0n vn ár3@ d3 230.22 m², vb1c@d@ 3n 3l b@rr10 S@b@n3t@, 3str@t0 2. Id3@l p@r@ f@m1l1@s 0 1nv3rs1ón. ",2025-07-12 20:54:57.191471,2026-01-23 20:54:57.191471,1,230.22,4,2,Sabaneta,En construcción,Apartamento,2025-07-12 20:54:57,
4582d599-df9e-4ec8-b76c-903e794b1e20,674777367.16,"Avenida calle 152 # 81-11 Este 193333 Puracé, Cauca","Se vende Apartamento de 1 habitaciones, con un área de 230.22 m², ubicada en el barrio Sabaneta, estrato 2. Ideal para familias o inversión.",2026-08-29 04:29:32.257071,2026-09-28 04:29:32.257071,1,230.22,5,2,SABANETA,Reservado,Apartamento,2026-08-29 04:29:32,29/08/2026 04:29
f8731b37-185e-47f2-97a0-48d3ea7d17df,101493881.11,"Calle 9Q Bis P # 6-7 Este Local 697 738463 Ortega, Tolima","Se vende Apartamento de 1 habitaciones, con un área de 230.22 m², ubicada en el barrio Sabaneta, estrato 2. Ideal para familias o inversión.",2026-09-06 03:08:50.091422,2027-05-05 03:08:50.091422,1,230.22,5,2,Sabaneta,Alquilado,Apartamento,2026-09-06 03:08:50,
85274bff-5777-4ee9-a21b-5446c6f40dae,768620996.35,"Cr. 34 # 53-8 Este Apto. 95 703691 Corozal, Sucre","Se vende Apartamento de 1 habitaciones, con un área de 230.22 m², ubicada en el barrio Sabaneta, estrato 2. Ideal para familias o inversión.",2026-04-26 02:50:53.097446,2027-04-09 02:50:53.097446,1,230.22,4,2,Sabaneta,Disponible,Apartamento,2026-04-26 02:50:53,26/04/2026 02:50
17b925a7-350a-4a8e-bfb3-b187a2a7a46f,303703426.36,"Tr. 4V # 5X-4 Este 196472 Jambaló, Cauca","Se vende Apartamento de 1 habitaciones, con un área de 230.22 m², ubicada en el barrio Sabaneta, estrato 2. Ideal para familias o inversión.",2025-06-13 23:04:28.830858,2025-10-25 23:04:28.830858,1,230.22,2,2,Sabaneta,Alquilado,Apartamento,2025-06-13 23:04:28,
182cb2de-5198-458b-8001-59115fbc8c40,886804286.49,"Cr. 148J # 2B-36 547288 Ábrego, Norte de Santander","Se vende Apartamento de 1 habitaciones, con un área de 230.22 m², ubicada en el barrio Sabaneta, estrato 2. Ideal para familias o inversión.",2025-08-18 01:31:26.085239,2026-04-29 01:31:26.085239,1,230.22,4,2,Sabaneta,Disponible,Apartamento,2025-08-18 01:31:26,
16a9bc4e-6b93-4bc4-a387-d91c67d18964,974489475.03,"Calle 4ª # 38-5 Sur 258845 Nocaima, Cundinamarca","Se vende Apartamento de 1 habitaciones, con un área de 230.22 m², ubicada en el barrio Sabaneta, estrato 2. Ideal para familias o inversión.",2025-03-12 17:32:30.980519,2025-04-25 17:32:30.980519,1,230.22,5,2,Sabaneta,Vendido,Apartamento,2025-03-12 17:32:30,
173563df-bb07-4c9b-97a1-caea6a58b87d,345212631.47,"Cr. 161 # 6-4 Sur 767225 Yumbo, Valle del Cauca","Se vende Apartamento de 1 habitaciones, con un área de 230.22 m², ubicada en el barrio Sabaneta, estrato 2. Ideal para familias o inversión.",2025-05-31 19:23:56.705914,2025-09-19 19:23:56.705914,1,230.22,1,2,Sabaneta,En construcción,Apartamento,2025-05-31 19:23:56,
cc8788b7-e7a1-4650-9d88-0f9ed517b91f,138548741.22,"Transversal 41W # 2-2 Etapa 7 apartamento 556 272023 Río Iró, Chocó","Se vende Apartamento de 1 habitaciones, con un área de 230.22 m², ubicada en el barrio Sabaneta, estrato 2. Ideal para familias o inversión.",2025-05-25 19:25:46.034662,2026-01-18 19:25:46.034662,1,230.22,1,2,sabaneta,Reservado,Apartamento,2025-05-25 19:25:46,
a135c044-bb45-46d8-a6cb-ff1e46fe3b3d,665324204.34,"Dg. 43J # 37-92 Apartamento 18 734921 Coello, Tolima","Se vende Apartamento de 1 habitaciones, con un área de 230.22 m², ubicada en el barrio Sabaneta, estrato 2. Ideal para familias o inversión.",2026-08-21 15:29:20.537723,2026-11-19 15:29:20.537723,1,230.22,2,2,Sabaneta,Reservado,Apartamento,2026-08-21 15:29:20,21/08/2026 15:29
62c4a5e6-96fc-497b-b463-92f07417f217,533428414.32,"Cr. 7U # 58-6 Sur 522829 Chachagüí, Nariño","Se vende Apartamento de 1 habitaciones, con un área de 230.22 m², ubicada en el barrio Sabaneta, estrato 2. Ideal para familias o inversión.",2024-10-27 04:58:13.502016,2025-04-24 04:58:13.502016,1,230.22,3,2,Sabaneta,Reservado,Apartamento,2024-10-27 04:58:13,
97b4ffae-34cf-4144-962e-24860bf61b27,981232400.97,"Carrera 80 # 14P-7 Sur 130082 San Pablo, Bolívar","Se vende Apartamento de 1 habitaciones, con un área de 230.22 m², ubicada en el barrio Sabaneta, estrato 2. Ideal para familias o inversión.",2025-11-04 13:16:28.915727,2026-08-08 13:16:28.915727,1,230.22,2,dos, SABANETA ,Reservado,Apartamento,2025-11-04 13:16:28,04/11/2025 13:16
7260df97-045e-4844-b7c6-56e1af6deb77,187409870.06,"Carrera 93 # 59-94 Sur Local 486 052663 Argelia, Antioquia","Se vende Apartamento de 1 habitaciones, con un área de 230.22 m², ubicada en el barrio Sabaneta, estrato 2. Ideal para familias o inversión.",2025-12-16 10:27:19.599995,2026-10-24 10:27:19.599995,1,230.22,2,2,Sabaneta,En construcción,Apartamento,2025-12-16 10:27:19,
86431dcb-fc30-407d-ba44-802d3d5d5901,758977918.22,"Cl. 120 # 52A-51 089749 Sabanagrande, Atlántico","Se vende Apartamento de 1 habitaciones, con un área de 230.22 m², ubicada en el barrio Sabaneta, estrato 2. Ideal para familias o inversión.",2025-08-03 22:54:17.249010,2026-05-20 22:54:17.249010,1,230.22,2,dos,Sabaneta,Disponible,Apartamento,2025-08-03 22:54:17,03/08/2025 22:54
0d26c51a-56b7-47c7-a82a-505095e57790,784041376.04,"Cr. 151 # 1E-5 Sur 056475 Barbosa, Antioquia","Se vende Apartamento de 1 habitaciones, con un área de 230.22 m², ubicada en el barrio Sabaneta, estrato 2. Ideal para familias o inversión.",2026-03-12 18:32:39.073265,2026-08-30 18:32:39.073265,1,230.22,4,2,Sabaneta,Alquilado,Apartamento,2026-03-12 18:32:39,
f49ee025-e523-4a90-815e-9241f70aec01,303814029.91,"Tr. 83 # 41-88 Sur Casa 46 731367 Anzoátegui, Tolima","S3 v3nd3 Ap@rt@m3nt0 d3 1 h@b1t@c10n3s, c0n vn ár3@ d3 230.22 m², vb1c@d@ 3n 3l b@rr10 S@b@n3t@, 3str@t0 2. Id3@l p@r@ f@m1l1@s 0 1nv3rs1ón. ",2024-11-27 11:33:15.933273,2025-09-12 11:33:15.933273,1,230.22,1,2,SABANETA,Alquilado,Apartamento,2024-11-27 11:33:15,
f2adfa57-0881-4f36-ae2c-fd81c9170493,845602126.48,"Avenida Puerto Libertador # 16H-35 Sur 417435 Villavieja, Huila","Se vende Apartamento de 1 habitaciones, con un área de 230.22 m², ubicada en el barrio Sabaneta, estrato 2. Ideal para familias o inversión.",2026-02-16 02:47:30.786586,2026-08-17 02:47:30.786586,1,230.22,5,2,Sabaneta,Reservado,Apartamento,2026-02-16 02:47:30,16/02/2026 02:47
9dc6b2ba-b454-4473-8c40-db7aac66aa1f,474220023.39,"Cr. 1ª # 3-9 541327 San Cayetano, Norte de Santander","Se vende Apartamento de 1 habitaciones, con un área de 230.22 m², ubicada en el barrio Sabaneta, estrato 2. Ideal para familias o inversión.",2025-12-07 10:41:48.902905,2026-03-23 10:41:48.902905,1,230.22,4,2,Sabaneta,Alquilado,Apartamento,2025-12-07 10:41:48,
ac0c63ac-b91d-4b58-9ae0-65a1ca83b125,574321546.22,"Avenida Vaupés # 98-84 Local 97 256524 Chocontá, Cundinamarca","Se vende Apartamento de 1 habitaciones, con un área de 230.22 m², ubicada en el barrio Sabaneta, estrato 2. Ideal para familias o inversión.",2025-01-06 06:01:07.726186,2025-07-25 06:01:07.726186,1,230.22,5,2,Sabaneta,Reservado,Apartamento,2025-01-06 06:01:07,
f9c084df-f71b-4918-9995-79eb64b47969,936209642.93,"Avenida calle 9ª # 9-70 Este Local 64 978274 Pacoa, Vaupés","Se vende Apartamento de 1 habitaciones, con un área de 230.22 m², ubicada en el barrio Sabaneta, estrato 2. Ideal para familias o inversión.",2025-11-24 07:12:54.019038,2026-08-14 07:12:54.019038,1,230.22,2,2, Sabaneta ,Vendido,Apartamento,2025-11-24 07:12:54,
b10009ee-4a8b-4cb7-a270-b3d63e6910a2,413822306.48,"Cr. 21 # 11-3 058294 Concepción, Antioquia","S3 v3nd3 Ap@rt@m3nt0 d3 1 h@b1t@c10n3s, c0n vn ár3@ d3 230.22 m², vb1c@d@ 3n 3l b@rr10 S@b@n3t@, 3str@t0 2. Id3@l p@r@ f@m1l1@s 0 1nv3rs1ón. ",2025-02-18 20:46:13.223086,2026-01-06 20:46:13.223086,1,230.22,4,2,Sabaneta,Disponible,Apartamento,2025-02-18 20:46:13,
a3f75d29-2f5c-425f-9b44-77cf57229b1a,757469893.99,"Carrera 45B # 41-80 Apto. 8 209678 El Paso, Cesar","Se vende Apartamento de 1 habitaciones, con un área de 230.22 m², ubicada en el barrio Sabaneta, estrato 2. Ideal para familias o inversión.!!! ",2026-07-06 09:43:41.960034,2027-01-14 09:43:41.960034,1,230.22,4,2,Sabaneta,Reservado,Apartamento,2026-07-06 09:43:41,
27527141-3f88-4a2a-b4c2-06a827db823b,981777231.73,"Cl. 9ª # 4-9 Sur 058014 Zaragoza, Antioquia","SE VENDE APARTAMENTO DE 1 HABITACIONES, CON UN ÁREA DE 230.22 M², UBICADA EN EL BARRIO SABANETA, ESTRATO 2. IDEAL PARA FAMILIAS O INVERSIÓN.",2025-09-13 05:51:37.643316,2026-09-11 05:51:37.643316,1,230.22,4,2, Sabaneta ,Disponible,Apartamento,2025-09-13 05:51:37,
fe8cd779-8659-44d3-b3ee-eeb5c90d0493,527176592.63,"Cl. 128 # 95O-65 Sur 861228 Puerto Caicedo, Putumayo","Se vende Apartamento de 1 habitaciones, con un área de 230.22 m², ubicada en el barrio Sabaneta, estrato 2. Ideal para familias o inversión.",2025-02-21 17:36:04.477717,2025-05-26 17:36:04.477717,1,230.22,5,2,Sabaneta,Alquilado,Apartamento,2025-02-21 17:36:04,21/02/2025 17:36
b78105f3-0499-42cb-a8f3-b6bcf7550fea,880480855.35,"Calle 5ª # 38-5 685776 Guaca, Santander","SE VENDE APARTAMENTO DE 1 HABITACIONES, CON UN ÁREA DE 230.22 M², UBICADA EN EL BARRIO SABANETA, ESTRATO 2. IDEAL PARA FAMILIAS O INVERSIÓN.",2025-08-03 13:04:36.793294,2025-10-23 13:04:36.793294,1,230.22,4,2,Sabaneta,Disponible,Apartamento,2025-08-03 13:04:36,
2ae7bdad-3583-4b19-bf4b-10c6bf4a80ea,914919593.81,"Cl. 49 # 2-74 Este Torre 6 apartamento 18 230752 San Pelayo, Córdoba","Se vende Apartamento de 1 habitaciones, con un área de 230.22 m², ubicada en el barrio Sabaneta, estrato 2. Ideal para familias o inversión.",2025-05-13 17:22:59.084180,2026-03-08 17:22:59.084180,1,230.22,1,2,sabaneta,Vendido,Apartamento,2025-05-13 17:22:59,13/05/2025 17:22
b629fc44-b72b-4604-9188-832d6b7b279f,877386322.78,"Cr. 65 # 2N-46 Este Local 89 139409 Cicuco, Bolívar","Se vende Apartamento de 1 habitaciones, con un área de 230.22 m², ubicada en el barrio Sabaneta, estrato 2. Ideal para familias o inversión.!!! ",2026-08-07 19:56:07.494691,2027-04-03 19:56:07.494691,1,230.22,2,2,Sabaneta,Disponible,Apartamento,2026-08-07 19:56:07,
1cb1e13b-2ddf-4a2d-92e0-d965b19f7b5e,792449026.71,"Cl. 7 Sur # 99Y-29 058925 Buriticá, Antioquia","SE VENDE APARTAMENTO DE 1 HABITACIONES, CON UN ÁREA DE 230.22 M², UBICADA EN EL BARRIO SABANETA, ESTRATO 2. IDEAL PARA FAMILIAS O INVERSIÓN. ",2026-01-26 04:17:00.698574,2026-10-23 04:17:00.698574,1,230.22,3,2,Sabaneta,Alquilado,Apartamento,2026-01-26 04:17:00,
275489aa-cab4-492f-a7ff-286c84e159b8,708069368.66,"Cl. 36 # 47-88 Sur 549086 Ragonvalia, Norte de Santander","Se vende Apartamento de 1 habitaciones, con un área de 230.22 m², ubicada en el barrio Sabaneta, estrato 2. Ideal para familias o inversión.",2025-08-17 20:33:39.823857,2026-08-01 20:33:39.823857,1,230.22,1,2,Sabaneta,Alquilado,Apartamento,2025-08-17 20:33:39,17/08/2025 20:33
f9a5dd59-cb92-4e29-ae75-fc8c36367c60,411008927.65,"Cl. 19 # 82-35 Sur Torre 4 apartamento 269 191665 Totoró, Cauca","Se vende Apartamento de 1 habitaciones, con un área de 230.22 m², ubicada en el barrio Sabaneta, estrato 2. Ideal para familias o inversión.",2026-01-25 18:58:43.590555,2026-11-24 18:58:43.590555,1,230.22,3,2,Sabaneta,Reservado,Apartamento,2026-01-25 18:58:43,25/01/2026 18:58
b8da0e74-4b9f-4b9e-9f50-6dd56259a611,84104144.85,"Cr. 2ª # 1-67 Torre 6 apartamento 3 253924 Cota, Cundinamarca","Se vende Apartamento de 1 habitaciones, con un área de 230.22 m², ubicada en el barrio Sabaneta, estrato 2. Ideal para familias o inversión.",2024-11-08 02:50:38.054136,2025-09-11 02:50:38.054136,1,230.22,1,2,Sabaneta,Vendido,Apartamento,2024-11-08 02:50:38,08/11/2024 02:50
3570b6dd-d690-42e7-b71b-fb99b0a250bb,700179595.69,"Calle 5ª # 5-19 Sur Torre 9 apartamento 989 230698 Chimá, Córdoba","Se vende Apartamento de 1 habitaciones, con un área de 230.22 m², ubicada en el barrio Sabaneta, estrato 2. Ideal para familias o inversión.!!! ",2026-03-30 21:37:28.808814,2027-03-18 21:37:28.808814,1,230.22,3,2,Sabaneta,Vendido,Apartamento,2026-03-30 21:37:28,
9d55986d-f505-45b5-8069-72a42d413ddd,462272898.33,"Cr. 8 Bis # 3R-41 Este Apto. 75 054636 Belmira, Antioquia",,2026-01-27 14:58:22.609600,2026-04-13 14:58:22.609600,1,230.22,1,2,Sabaneta,Disponible,Apartamento,2026-01-27 14:58:22,27/01/2026 14:58
996bb8f8-5ed0-46a9-9c18-dd71d4e5197a,208046547.39,"Cl. 14Q # 96-50 Apartamento 456 050555 El Bagre, Antioquia","Se vende Apartamento de 1 habitaciones, con un área de 230.22 m², ubicada en el barrio Sabaneta, estrato 2. Ideal para familias o inversión.",2026-09-12 13:23:40.213904,2027-05-27 13:23:40.213904,1,230.22,3,2,SABANETA,Disponible,Apartamento,2026-09-12 13:23:40,12/09/2026 13:23
a80b0c7b-6172-48f7-bc0e-28e16d35b49c,358155933.44,"Cl. 195 # 42-3 Este Casa 28 546392 Pamplona, Norte de Santander","Se vende Apartamento de 1 habitaciones, con un área de 230.22 m², ubicada en el barrio Sabaneta, estrato 2. Ideal para familias o inversión.!!! ",2025-01-25 03:44:50.019115,2025-03-19 03:44:50.019115,1,230.22,1,2,Sabaneta,Alquilado,Apartamento,2025-01-25 03:44:50,25/01/2025 03:44
d82f6f98-7cc6-4a37-8756-7ca7732212b8,406099035.29,"Carrera 2ª # 3-1 Sur 202925 Gamarra, Cesar","Se vende Apartamento de 1 habitaciones, con un área de 230.22 m², ubicada en el barrio Sabaneta, estrato 2. Ideal para familias o inversión.",2025-11-05 18:49:39.593054,2026-06-06 18:49:39.593054,1,230.22,2,2,Sabaneta,Vendido,Apartamento,2025-11-05 18:49:39,
0fd1d9a8-6578-4636-a568-93e599cc30c0,441449161.53,"Cr. 49I Este # 6-20 Este Oficina 54 681220 Albania, Santander","Se vende Apartamento de 1 habitaciones, con un área de 230.22 m², ubicada en el barrio Sabaneta, estrato 2. Ideal para familias o inversión.",2026-07-11 06:07:20.033809,2027-05-08 06:07:20.033809,1,230.22,2,2, Sabaneta ,Vendido,Apartamento,2026-07-11 06:07:20,
db18c7a4-0feb-4466-b763-147c1c79c585,125019933.13,"Cr. 1ª # 43N-4 152233 Sáchica, Boyacá","Se vende Apartamento de 1 habitaciones, con un área de 230.22 m², ubicada en el barrio Sabaneta, estrato 2. Ideal para familias o inversión.",2026-04-28 23:36:42.178648,2026-08-25 23:36:42.178648,1,230.22,4,2,Sabaneta,En construcción,Apartamento,2026-04-28 23:36:42,28/04/2026 23:36
d705751c-cdc6-49bb-ade6-c3443bd762bf,522783889.75,"Cr. 9T # 90-2 Sur Bodega 636 689656 Ocamonte, Santander","Se vende Apartamento de 1 habitaciones, con un área de 230.22 m², ubicada en el barrio Sabaneta, estrato 2. Ideal para familias o inversión.",2025-02-12 16:31:20.132611,2025-07-15 16:31:20.132611,1,230.22,5,2, Sabaneta ,Vendido,Apartamento,2025-02-12 16:31:20,
2c8e73ea-550e-4efe-89be-41af9b06cfc6,488092417.69,"Avenida Condoto # 56-1 Este Torre 9 apartamento 908 053476 Sabaneta, Antioquia","Se vende Apartamento de 1 habitaciones, con un área de 230.22 m², ubicada en el barrio Sabaneta, estrato 2. Ideal para familias o inversión.",2025-09-05 02:13:52.114793,2026-01-31 02:13:52.114793,1,230.22,3,2,Sabaneta,Reservado,Apartamento,2025-09-05 02:13:52,
399ee2a1-38fa-4731-a6f5-d3d8301f9393,683498681.4,"Carrera 127 # 83-2 Sur Bodega 8 159826 Socha, Boyacá","Se vende Apartamento de 1 habitaciones, con un área de 230.22 m², ubicada en el barrio Sabaneta, estrato 2. Ideal para familias o inversión.",2025-10-18 23:20:09.546922,2026-03-27 23:20:09.546922,1,230.22,4,2,Sabaneta,Alquilado,Apartamento,2025-10-18 23:20:09,18/10/2025 23:20
82cd069e-e71b-4a58-8341-64d05bafafaf,200076840.97,"Av. carrera 7ª # 30-6 Este Apto. 25 178689 Pensilvania, Caldas","Se vende Apartamento de 1 habitaciones, con un área de 230.22 m², ubicada en el barrio Sabaneta, estrato 2. Ideal para familias o inversión.",2025-05-31 01:35:44.561909,2026-04-05 01:35:44.561909,1,230.22,4,2,Sabaneta,Alquilado,Apartamento,2025-05-31 01:35:44,31/05/2025 01:35
c2564446-f0bb-4110-a5f0-fb5a91c55310,334196536.67,"Calle 42 # 5-1 Sur Casa 3 156447 Togüí, Boyacá","SE VENDE APARTAMENTO DE 1 HABITACIONES, CON UN ÁREA DE 230.22 M², UBICADA EN EL BARRIO SABANETA, ESTRATO 2. IDEAL PARA FAMILIAS O INVERSIÓN.",2026-07-04 19:22:49.190837,2027-05-30 19:22:49.190837,1,230.22,4,2,Sabaneta,Alquilado,Apartamento,2026-07-04 19:22:49,
218df0cc-c544-4dec-9594-841d083df72f,853038728.89,"Calle 5R # 18-33 767671 El Cerrito, Valle del Cauca","Se vende Apartamento de 1 habitaciones, con un área de 230.22 m², ubicada en el barrio Sabaneta, estrato 2. Ideal para familias o inversión.",2025-10-04 20:14:26.066117,2026-06-24 20:14:26.066117,1,230.22,2,2,Sabaneta,Reservado,Apartamento,2025-10-04 20:14:26,
76dcf86f-6462-43be-9f43-fed2d607d463,151320604.05,"Cl. 99 # 8-6 Apartamento 35 500162 Vistahermosa, Meta","Se vende Apartamento de 1 habitaciones, con un área de 230.22 m², ubicada en el barrio Sabaneta, estrato 2. Ideal para familias o inversión.",2024-11-15 13:25:36.309259,2025-08-19 13:25:36.309259,1,230.22,4,2,Sabaneta,En construcción,Apartamento,2024-11-15 13:25:36,
6324f965-bcfb-486b-9b45-b77d8c9a388a,596071333.67,"Cl. 168Q # 1-23 Este Local 618 414721 Colombia, Huila","Se  vende  Apartamento  de  1  habitaciones,  con  un  área  de  230.22  m²,  ubicada  en  el  barrio  Sabaneta,  estrato  2.  Ideal  para  familias  o  inversión. ",2024-12-13 08:43:03.358903,2025-07-14 08:43:03.358903,1,230.22,3,2,Sabaneta,Disponible,Apartamento,2024-12-13 08:43:03,
45a617d5-a465-48ff-9b6f-82d7fa69d91c,310756361.17,"Cr. 3 Bis Z # 4H-14 862997 Santiago, Putumayo","Se vende Apartamento de 1 habitaciones, con un área de 230.22 m², ubicada en el barrio Sabaneta, estrato 2. Ideal para familias o inversión.",2026-03-23 09:19:20.499643,2026-11-10 09:19:20.499643,1,230.22,5,2,Sabaneta,Disponible,Apartamento,2026-03-23 09:19:20,
85b88ff1-5ae2-4f71-8d08-5afb9e9164b9,757913546.43,"Cl. 101Q Bis # 15-36 Torre 7 apartamento 75 150344 Labranzagrande, Boyacá","Se vende Apartamento de 1 habitaciones, con un área de 230.22 m², ubicada en el barrio Sabaneta, estrato 2. Ideal para familias o inversión.",2024-10-23 20:35:50.073533,2025-09-28 20:35:50.073533,1,230.22,3,2,Sabaneta,Vendido,Apartamento,2024-10-23 20:35:50,23/10/2024 20:35
0fd2b487-dc81-4f49-92b6-7683eddf34e3,811835359.67,"Diagonal 108 # 9-95 502785 Cumaral, Meta",,2025-06-04 18:29:58.600887,2026-05-10 18:29:58.600887,1,230.22,2,2,Sabaneta,Vendido,Apartamento,2025-06-04 18:29:58,04/06/2025 18:29
cd0d3fe6-f9d9-4579-bf57-a8caff2d6b7a,288095460.04,"Calle 5D # 55-70 476829 San Zenón, Magdalena","Se vende Apartamento de 1 habitaciones, con un área de 230.22 m², ubicada en el barrio Sabaneta, estrato 2. Ideal para familias o inversión.",2025-03-07 11:13:47.581377,2026-02-17 11:13:47.581377,1,230.22,2,2,Sabaneta,Disponible,Apartamento,2025-03-07 11:13:47,
fc2d7d0b-92f6-477f-a3ff-43b0ebd94bb1,664023578.45,"Calle 178 # 6-8 Este Local 832 255031 Funza, Cundinamarca","Se vende Apartamento de 1 habitaciones, con un área de 230.22 m², ubicada en el barrio Sabaneta, estrato 2. Ideal para familias o inversión.",2025-10-04 10:11:31.127771,2026-09-20 10:11:31.127771,1,230.22,3,2,Sabaneta,Reservado,Apartamento,2025-10-04 10:11:31,
97577e39-6add-4492-a33f-c1917da63c23,600595115.1,"Cl. 20 # 2-90 Este Local 3 410768 Tesalia, Huila","Se vende Apartamento de 1 habitaciones, con un área de 230.22 m², ubicada en el barrio Sabaneta, estrato 2. Ideal para familias o inversión.",2026-07-06 16:30:03.721267,2026-08-22 16:30:03.721267,1,230.22,2,2,SABANETA,Disponible,Apartamento,2026-07-06 16:30:03,06/07/2026 16:30
1abaad10-485e-40ec-b146-383f2865ce48,360383169.43,"Cl. 24F # 9-9 054857 Envigado, Antioquia","Se vende Apartamento de 1 habitaciones, con un área de 230.22 m², ubicada en el barrio Sabaneta, estrato 2. Ideal para familias o inversión.",2026-04-03 22:46:47.271719,2026-10-01 22:46:47.271719,1,230.22,4,2,SABANETA,Vendido,Apartamento,2026-04-03 22:46:47,
63fdcf47-8396-47a9-a194-acbd5a3d16aa,175551807.86,"Avenida Amazonas # 1-8 Este Local 59 522149 Aldana, Nariño","Vendo Apartamento de 1 habitaciones, con un área de 230.22 m², ubicada en el barrio Sabaneta, estrato 2. Ideal para familias o inversión. ",2025-03-06 05:41:15.661536,2025-07-16 05:41:15.661536,1,230.22,5,2,Sabaneta,Alquilado,Apartamento,2025-03-06 05:41:15,
43652d53-24a0-47e7-9b07-cc073850429b,526705024.15,"Avenida calle 9ª # 8-3 549545 Cáchira, Norte de Santander","Se vende Apartamento de 1 habitaciones, con un área de 230.22 m², ubicada en el barrio Sabaneta, estrato 2. Ideal para familias o inversión.",2024-11-12 04:38:34.011883,2025-09-09 04:38:34.011883,1,230.22,3,2,Sabaneta,Vendido,Apartamento,2024-11-12 04:38:34,
93325b23-9743-4115-ae59-951cfb253bd8,918346505.86,"Cr. 65 # 20-8 Apto. 873 732945 Alpujarra, Tolima","Se vende Apartamento de 1 habitaciones, con un área de 230.22 m², ubicada en el barrio Sabaneta, estrato 2. Ideal para familias o inversión.",2026-05-23 02:35:09.947741,2026-10-31 02:35:09.947741,1,230.22,4,2,Sabaneta,Alquilado,Apartamento,2026-05-23 02:35:09,23/05/2026 02:35
34ccf04d-49c9-410a-8226-24c90c07708d,814020911.67,"Cr. 94 # 79-4 Este Casa 59 708161 Majagual, Sucre","Se vende Apartamento de 1 habitaciones, con un área de 230.22 m², ubicada en el barrio Sabaneta, estrato 2. Ideal para familias o inversión.",2025-06-20 01:21:50.395892,2026-01-09 01:21:50.395892,1,230.22,4,dos,Sabaneta,Disponible,Apartamento,2025-06-20 01:21:50,20/06/2025 01:21
1f852a89-c692-4507-a374-b5cae5a38518,766443918.41,"Calle 119V # 8D-6 Este 176958 La Dorada, Caldas","Se vende Apartamento de 1 habitaciones, con un área de 230.22 m², ubicada en el barrio Sabaneta, estrato 2. Ideal para familias o inversión.",2025-04-02 08:20:48.958187,2025-07-13 08:20:48.958187,1,230.22,2,2,Sabaneta,Reservado,Apartamento,2025-04-02 08:20:48,
7a256bfd-8e2c-4476-914f-85853ca34786,397486296.94,"Calle 12G # 92-57 Sur Casa 51 689657 Sabana de Torres, Santander","Se vende Apartamento de 1 habitaciones, con un área de 230.22 m², ubicada en el barrio Sabaneta, estrato 2. Ideal para familias o inversión.",2024-12-16 16:05:37.263458,2025-10-27 16:05:37.263458,1,230.22,4,2,Sabaneta,Disponible,Apartamento,2024-12-16 16:05:37,
887673fc-7d12-480b-bfaa-b119c3e34972,559743692.86,"Av. Montenegro # 1J-6 Este 681909 San Joaquín, Santander","Se vende Apartamento de 1 habitaciones, con un área de 230.22 m², ubicada en el barrio Sabaneta, estrato 2. Ideal para familias o inversión.",2025-12-29 23:59:16.680394,2026-06-12 23:59:16.680394,1,230.22,4,2,Sabaneta,Alquilado,Apartamento,2025-12-29 23:59:16,29/12/2025 23:59
931875bd-68db-4e03-9437-2a334f45f8ac,605332087.07,"Carrera 132 # 93-7 Sur 059656 Abejorral, Antioquia","Se vende Apartamento de 1 habitaciones, con un área de 230.22 m², ubicada en el barrio Sabaneta, estrato 2. Ideal para familias o inversión.",2026-09-13 08:49:19.041054,2027-02-24 08:49:19.041054,1,230.22,3,2,SABANETA,Disponible,Apartamento,2026-09-13 08:49:19,
9fbf2819-9ef9-48b5-aefd-1becec503bcb,497903024.58,"Cr. 7ª # 7Z-39 Sur Etapa 3 apartamento 3 152762 Ventaquemada, Boyacá","Se vende Apartamento de 1 habitaciones, con un área de 230.22 m², ubicada en el barrio Sabaneta, estrato 2. Ideal para familias o inversión.",2026-06-11 21:53:41.509771,2026-11-07 21:53:41.509771,1,230.22,5,dos,Sabaneta,En construcción,Apartamento,2026-06-11 21:53:41,11/06/2026 21:53
a2766278-98c9-4492-a6f9-0995b9217b3e,919493113.31,"Avenida carrera 4ª # 94-66 689097 Simacota, Santander","Se vende Apartamento de 1 habitaciones, con un área de 230.22 m², ubicada en el barrio Sabaneta, estrato 2. Ideal para familias o inversión.",2025-10-13 10:53:23.938267,2026-04-28 10:53:23.938267,1,230.22,2,2,Sabaneta,Disponible,Apartamento,2025-10-13 10:53:23,13/10/2025 10:53
8d542b16-57d9-44ac-94a8-4d5c83de7b4a,832662583.82,"Avenida San Juan Nepomuceno # 9-51 Este 737818 Piedras, Tolima","Se vende Apartamento de 1 habitaciones, con un área de 230.22 m², ubicada en el barrio Sabaneta, estrato 2. Ideal para familias o inversión.",2026-09-20 21:59:29.420895,2027-09-10 21:59:29.420895,1,230.22,3,2,Sabaneta,Reservado,Apartamento,2026-09-20 21:59:29,
2fb7d5b7-44ee-4279-b8a9-3aff6291d8ee,182788161.88,"Cr. 59 # 19-84 Este 506544 Lejanías, Meta","Se vende Apartamento de 1 habitaciones, con un área de 230.22 m², ubicada en el barrio Sabaneta, estrato 2. Ideal para familias o inversión.",2024-11-13 21:17:07.547076,2025-02-10 21:17:07.547076,1,230.22,1,2,Sabaneta,Alquilado,Apartamento,2024-11-13 21:17:07,13/11/2024 21:17
cfe77c56-2a1b-446d-81ba-d6713c3af69f,160314456.69,"Dg. 20 # 89-62 Etapa 1 apartamento 51 054429 Sonsón, Antioquia","Se vende Apartamento de 1 habitaciones, con un área de 230.22 m², ubicada en el barrio Sabaneta, estrato 2. Ideal para familias o inversión.",2025-02-06 20:17:17.939755,2025-11-15 20:17:17.939755,1,230.22,2,2,Sabaneta,En construcción,Apartamento,2025-02-06 20:17:17,06/02/2025 20:17
5cec314f-7c2f-46a1-a203-560bbc66f41b,419213539.59,"Cl. 63O Este # 5-2 Bodega 31 259276 Facatativá, Cundinamarca","Se vende Apartamento de 1 habitaciones, con un área de 230.22 m², ubicada en el barrio Sabaneta, estrato 2. Ideal para familias o inversión.",2025-04-15 04:13:37.891575,2025-07-23 04:13:37.891575,1,230.22,3,2,Sabaneta,En construcción,Apartamento,2025-04-15 04:13:37,15/04/2025 04:13
dba921b2-53f9-4c0e-b8db-fadd01fef83b,607973328.27,"Carrera 77 Bis # 28-90 Este 546742 Toledo, Norte de Santander","Se vende Apartamento de 1 habitaciones, con un área de 230.22 m², ubicada en el barrio Sabaneta, estrato 2. Ideal para familias o inversión.!!! ",2025-02-05 18:21:42.947626,2025-10-07 18:21:42.947626,1,230.22,2,2,Sabaneta,Reservado,Apartamento,2025-02-05 18:21:42,
4479b3f1-06ca-48b3-b1a0-64659256774b,144070552.98,"Cr. 6 Este # 20-1 Sur 687393 Guavatá, Santander","se vende apartamento de 1 habitaciones, con un área de 230.22 m², ubicada en el barrio sabaneta, estrato 2. ideal para familias o inversión. ",2025-06-21 19:12:59.539659,2026-06-21 19:12:59.539659,1,230.22,4,2,Sabaneta,En construcción,Apartamento,2025-06-21 19:12:59,
f54848ef-ad5b-4c87-a558-79e80cfeba8c,942100412.43,"Carrera 4ª # 21U-31 Sur Bodega 64 150091 Chiscas, Boyacá","SE VENDE APARTAMENTO DE 1 HABITACIONES, CON UN ÁREA DE 230.22 M², UBICADA EN EL BARRIO SABANETA, ESTRATO 2. IDEAL PARA FAMILIAS O INVERSIÓN.",2024-12-16 16:52:47.920613,2025-08-11 16:52:47.920613,1,230.22,3,2,Sabaneta,Disponible,Apartamento,2024-12-16 16:52:47,16/12/2024 16:52
fede8006-a99e-4c6f-b18e-2f3324f241e7,256406200.46,"Calle 70 # 5-50 194654 La Vega, Cauca","Se vende Apartamento de 1 habitaciones, con un área de 230.22 m², ubicada en el barrio Sabaneta, estrato 2. Ideal para familias o inversión.",2026-01-28 19:40:04.032734,2026-09-04 19:40:04.032734,1,230.22,4,2,SABANETA,Vendido,Apartamento,2026-01-28 19:40:04,
fa06575f-9287-4ba8-9712-5e67f24a77f7,144386893.38,"Calle 119C # 87-30 Este 763917 Andalucía, Valle del Cauca","Se vende Apartamento de 1 habitaciones, con un área de 230.22 m², ubicada en el barrio Sabaneta, estrato 2. Ideal para familias o inversión.",2025-08-24 04:01:07.372418,2026-03-27 04:01:07.372418,1,230.22,3,2,Sabaneta,En construcción,Apartamento,2025-08-24 04:01:07,
f84ba921-009e-45d9-a6b0-7e7564afa484,390740149.15,"Cr. 118 # 8-26 Este Oficina 56 058776 Peque, Antioquia","Se vende Apartamento de 1 habitaciones, con un área de 230.22 m², ubicada en el barrio Sabaneta, estrato 2. Ideal para familias o inversión.",2026-01-17 02:07:22.088239,2027-01-12 02:07:22.088239,1,230.22,4,2,Sabaneta,Alquilado,Apartamento,2026-01-17 02:07:22,
d650dd44-a1af-4261-9786-c2e11cea0ccc,969796532.14,"Cl. 18G Este # 73V-24 Este 528517 El Tambo, Nariño","Se vende Apartamento de 1 habitaciones, con un área de 230.22 m², ubicada en el barrio Sabaneta, estrato 2. Ideal para familias o inversión.",2025-11-01 08:45:58.842763,2026-03-08 08:45:58.842763,1,230.22,4,2,Sabaneta,Disponible,Apartamento,2025-11-01 08:45:58,01/11/2025 08:45
7cf087a4-f456-4344-b06b-9f309aec201f,659619243.87,"Calle 184 # 17-1 Sur Apto. 8 733093 Saldaña, Tolima","Se vende Apartamento de 1 habitaciones, con un área de 230.22 m², ubicada en el barrio Sabaneta, estrato 2. Ideal para familias o inversión.",2026-02-21 12:31:47.036654,2026-07-09 12:31:47.036654,1,230.22,5,2,Sabaneta,Disponible,Apartamento,2026-02-21 12:31:47,21/02/2026 12:31
763bd72c-269a-48ba-9d88-607289d74047,797454860.93,"Carrera 179A # 3-1 Oficina 28 059310 Salgar, Antioquia","Se vende Apartamento de 1 habitaciones, con un área de 230.22 m², ubicada en el barrio Sabaneta, estrato 2. Ideal para familias o inversión.",2024-11-16 06:47:31.155428,2025-01-10 06:47:31.155428,1,230.22,2,2,SABANETA,Vendido,Apartamento,2024-11-16 06:47:31,16/11/2024 06:47
9e42b559-224b-4c12-862a-590e59a90fa3,244945296.39,"Diagonal 66 # 7X-6 Apto. 8 411799 Rivera, Huila","Se vende Apartamento de 1 habitaciones, con un área de 230.22 m², ubicada en el barrio Sabaneta, estrato 2. Ideal para familias o inversión.",2026-01-11 11:35:21.009955,2026-11-26 11:35:21.009955,1,230.22,5,2,Sabaneta,Vendido,Apartamento,2026-01-11 11:35:21,
d427fed0-d3e3-4194-9d48-4010a36c3e3b,255153784.32,Calle 36 # 88-42 Este Casa 6 999251 Puerto Carreño,"S3 v3nd3 Ap@rt@m3nt0 d3 1 h@b1t@c10n3s, c0n vn ár3@ d3 230.22 m², vb1c@d@ 3n 3l b@rr10 S@b@n3t@, 3str@t0 2. Id3@l p@r@ f@m1l1@s 0 1nv3rs1ón. ",2026-09-19 04:15:47.996195,2027-08-15 04:15:47.996195,1,230.22,2,2,Sabaneta,Alquilado,Apartamento,2026-09-19 04:15:47,
ac27685d-ad6d-458d-955c-f5cf8d798ad6,799211566.56,"Avenida Betulia # 47-32 Este Oficina 31 150219 Briceño, Boyacá","S3 v3nd3 Ap@rt@m3nt0 d3 1 h@b1t@c10n3s, c0n vn ár3@ d3 230.22 m², vb1c@d@ 3n 3l b@rr10 S@b@n3t@, 3str@t0 2. Id3@l p@r@ f@m1l1@s 0 1nv3rs1ón. ",2024-11-05 01:35:08.529743,2025-02-18 01:35:08.529743,1,230.22,5,2, Sabaneta ,Disponible,Apartamento,2024-11-05 01:35:08,
389b3bc4-a836-4983-ab9a-b500044b212a,865485820.06,"Calle 43 # 9-2 Este Oficina 4 687914 Socorro, Santander","Se vende Apartamento de 1 habitaciones, con un área de 230.22 m², ubicada en el barrio Sabaneta, estrato 2. Ideal para familias o inversión.",2025-04-22 06:13:59.307639,2025-10-10 06:13:59.307639,1,230.22,2,2,Sabaneta,Vendido,Apartamento,2025-04-22 06:13:59,
8ddecb96-bc53-4e0d-b850-8b395d13d122,288121486.89,"Transversal 60 # 5-66 Este Torre 8 apartamento 40 942772 Pana Pana, Guainía","SE VENDE APARTAMENTO DE 1 HABITACIONES, CON UN ÁREA DE 230.22 M², UBICADA EN EL BARRIO SABANETA, ESTRATO 2. IDEAL PARA FAMILIAS O INVERSIÓN. ",2025-06-27 16:45:07.854204,2026-04-29 16:45:07.854204,1,230.22,2,2,Sabaneta,Disponible,Apartamento,2025-06-27 16:45:07,
84432409-ded0-4f6a-934a-fb682f2677c3,175213068.08,"Cl. 8ª # 75-4 Este Apartamento 2 680781 Vélez, Santander","Se vende Apartamento de 1 habitaciones, con un área de 230.22 m², ubicada en el barrio Sabaneta, estrato 2. Ideal para familias o inversión.",2026-05-17 11:38:23.894938,2026-06-29 11:38:23.894938,1,230.22,3,2,Sabaneta,Vendido,Apartamento,2026-05-17 11:38:23,17/05/2026 11:38
d1fbd790-7267-4643-9f6a-033db180e938,357582888.86,"Carrera 1ª # 8E-33 Sur Torre 2 apartamento 6 476363 Fundación, Magdalena","Se vende Apartamento de 1 habitaciones, con un área de 230.22 m², ubicada en el barrio Sabaneta, estrato 2. Ideal para familias o inversión.",2026-02-12 18:19:34.202217,2027-01-09 18:19:34.202217,1,230.22,2,2,Sabaneta,Alquilado,Apartamento,2026-02-12 18:19:34,12/02/2026 18:19
48d44c86-c105-4e82-9a7c-84e506948682,170420616.53,"Carrera 36 # 33-34 Este Torre 6 apartamento 52 709042 Coveñas, Sucre","Se vende Apartamento de 1 habitaciones, con un área de 230.22 m², ubicada en el barrio Sabaneta, estrato 2. Ideal para familias o inversión.",2025-07-06 03:50:00.259803,2025-08-31 03:50:00.259803,1,230.22,4,2,Sabaneta,En construcción,Apartamento,2025-07-06 03:50:00,
25640a85-4e7e-4db1-8297-950f001a7d0f,758382011.28,"Carrera 39 # 16A-1 Sur 250633 Cáqueza, Cundinamarca","Se vende Apartamento de 1 habitaciones, con un área de 230.22 m², ubicada en el barrio Sabaneta, estrato 2. Ideal para familias o inversión.",2026-09-15 00:01:41.294691,2026-12-12 00:01:41.294691,1,230.22,4,2,Sabaneta,Reservado,Apartamento,2026-09-15 00:01:41,
b518dfa8-2f71-4d23-9c2a-4b30eeb80f74,537576059.73,"Cr. 3N Este # 2-13 Sur 767318 Pradera, Valle del Cauca","Se vende Apartamento de 1 habitaciones, con un área de 230.22 m², ubicada en el barrio Sabaneta, estrato 2. Ideal para familias o inversión.",2026-03-26 03:01:36.035927,2026-10-27 03:01:36.035927,1,230.22,1,2,Sabaneta,Reservado,Apartamento,2026-03-26 03:01:36,
7414cca0-dc90-4d65-856c-37bbb7f7e3db,260472268.6,"Avenida carrera 116 # 1K-58 Sur 172570 Neira, Caldas","Vendo Apartamento de 1 habitaciones, con un área de 230.22 m², ubicada en el barrio Sabaneta, estrato 2. Ideal para familias o inversión. ",2026-02-07 01:17:00.135072,2026-11-21 01:17:00.135072,1,230.22,5,2,SABANETA,Disponible,Apartamento,2026-02-07 01:17:00,07/02/2026 01:17
41ddbeb5-1506-431c-9f82-6c244e98ea20,336548812.58,"Cl. 9ª # 38-63 Torre 2 apartamento 60 956579 Miraflores, Guaviare","Se vende Apartamento de 1 habitaciones, con un área de 230.22 m², ubicada en el barrio Sabaneta, estrato 2. Ideal para familias o inversión.",2026-04-09 07:20:36.399000,2027-01-30 07:20:36.399000,1,230.22,1,2,Sabaneta,Disponible,Apartamento,2026-04-09 07:20:36,09/04/2026 07:20
ab41cd67-df79-43dc-b332-f5788faa3cb0,854933616.01,"Carrera 117 # 88-64 Este Torre 4 apartamento 644 731557 Honda, Tolima","Se vende Apartamento de 1 habitaciones, con un área de 230.22 m², ubicada en el barrio Sabaneta, estrato 2. Ideal para familias o inversión.",2025-11-04 12:40:24.384381,2026-08-06 12:40:24.384381,1,230.22,4,2,Sabaneta,Disponible,Apartamento,2025-11-04 12:40:24,
e9155dc4-ff7d-44d5-8129-ae9c3dcac025,726781249.15,"Calle 42 # 50-7 Este 081124 Palmar de Varela, Atlántico","Se vende Apartamento de 1 habitaciones, con un área de 230.22 m², ubicada en el barrio Sabaneta, estrato 2. Ideal para familias o inversión.",2026-08-27 21:45:47.800694,2027-06-04 21:45:47.800694,16,230.22,4,2,Sabaneta,Disponible,Apartamento,2026-08-27 21:45:47,
ff6ff8d7-b50f-4cb4-a256-8fdd7ebc8b75,356006228.76,"Avenida calle 185 # 65-8 Este 153103 Ramiriquí, Boyacá","Se vende Apartamento de 1 habitaciones, con un área de 230.22 m², ubicada en el barrio Sabaneta, estrato 2. Ideal para familias o inversión.",2025-11-05 20:15:00.065874,2026-01-15 20:15:00.065874,1,230.22,2,2,Sabaneta,Disponible,Apartamento,2025-11-05 20:15:00,05/11/2025 20:15
3e502555-af32-40ab-942c-87ab3f43bb20,311265199.58,"Cl. 30 # 3-37 Este 862437 Villagarzón, Putumayo","SE VENDE APARTAMENTO DE 1 HABITACIONES, CON UN ÁREA DE 230.22 M², UBICADA EN EL BARRIO SABANETA, ESTRATO 2. IDEAL PARA FAMILIAS O INVERSIÓN.",2026-02-04 17:31:42.726459,2026-05-09 17:31:42.726459,1,230.22,5,2,Sabaneta,En construcción,Apartamento,2026-02-04 17:31:42,04/02/2026 17:31
ea40b815-3ce9-4f46-a431-4cf93ba47fb3,411859178.88,"Cl. 42 # 60-6 Casa 3 191059 Guachené, Cauca","Se  vende  Apartamento  de  1  habitaciones,  con  un  área  de  230.22  m²,  ubicada  en  el  barrio  Sabaneta,  estrato  2.  Ideal  para  familias  o  inversión. ",2025-11-01 08:59:14.640001,2026-05-16 08:59:14.640001,1,230.22,5,2, Sabaneta ,En construcción,Apartamento,2025-11-01 08:59:14,
5fa76138-2695-45c1-952a-0b297f2be239,481029646.7,"Av. calle 12 # 58R-85 Sur Casa 91 946727 Pana Pana, Guainía","Vendo Apartamento de 1 habitaciones, con un área de 230.22 m², ubicada en el barrio Sabaneta, estrato 2. Ideal para familias o inversión. ",2025-07-05 17:50:16.372203,2026-01-01 17:50:16.372203,1,230.22,5,dos,Sabaneta,Reservado,Apartamento,2025-07-05 17:50:16,
cca913ed-b8d5-4c40-88b9-605ec29aeb9c,803441288.45,"Diagonal 175 # 1-4 Este Bodega 60 158140 Tenza, Boyacá","Se vende Apartamento de 1 habitaciones, con un área de 230.22 m², ubicada en el barrio Sabaneta, estrato 2. Ideal para familias o inversión.",2026-09-14 14:43:53.185599,2026-12-03 14:43:53.185599,1,230.22,1,dos,Sabaneta,En construcción,Apartamento,2026-09-14 14:43:53,
c8c0bf29-d7a3-4814-9779-b82cdb09d4e4,458566444.58,"Av. carrera 6ª # 6-76 Sur 255998 Villeta, Cundinamarca","Se vende Apartamento de 1 habitaciones, con un área de 230.22 m², ubicada en el barrio Sabaneta, estrato 2. Ideal para familias o inversión.",2025-10-25 21:15:27.550020,2026-03-14 21:15:27.550020,1,230.22,2,2,Sabaneta,Reservado,Apartamento,2025-10-25 21:15:27,
bc9bc4bc-5597-4c44-bc78-5d7dbff029dd,836048263.54,"Cr. 76 # 2-3 Local 58 507674 Puerto López, Meta",,2024-10-15 05:47:43.153070,2025-05-06 05:47:43.153070,1,230.22,4,2,Sabaneta,Reservado,Apartamento,2024-10-15 05:47:43,
00f8eb54-5a5f-41f9-a907-5e4191d8bb7a,346920932.5,"Carrera 123 # 7-5 Este 864628 Orito, Putumayo","Se vende Apartamento de 1 habitaciones, con un área de 230.22 m², ubicada en el barrio Sabaneta, estrato 2. Ideal para familias o inversión.",2025-05-15 20:10:29.972206,2025-08-01 20:10:29.972206,1,230.22,3,2,Sabaneta,Alquilado,Apartamento,2025-05-15 20:10:29,
b4a5799d-9901-4c24-91aa-eba63be8307f,955912891.74,"Cr. 74 # 4-1 Etapa 8 apartamento 93 412447 Íquira, Huila","Se vende Apartamento de 1 habitaciones, con un área de 230.22 m², ubicada en el barrio Sabaneta, estrato 2. Ideal para familias o inversión.",2025-09-29 16:47:01.667501,2026-05-08 16:47:01.667501,1,230.22,4,2,Sabaneta,Disponible,Apartamento,2025-09-29 16:47:01,
922e982a-ecd8-4dfb-9b87-a0f1ba9686c5,840183294.05,"Cl. 1ª # 8-3 Sur 761589 Argelia, Valle del Cauca","Se vende Apartamento de 1 habitaciones, con un área de 230.22 m², ubicada en el barrio Sabaneta, estrato 2. Ideal para familias o inversión.",2026-04-17 22:44:50.537537,2026-07-02 22:44:50.537537,1,230.22,1,2,Sabaneta,Reservado,Apartamento,2026-04-17 22:44:50,
7b0dea6e-497b-4893-8665-41fd8a71bcdc,757359520.73,"Calle 6K # 5V-5 Este Local 704 258321 Tocancipá, Cundinamarca","Se vende Apartamento de 1 habitaciones, con un área de 230.22 m², ubicada en el barrio Sabaneta, estrato 2. Ideal para familias o inversión.",2025-02-02 15:07:28.646374,2025-04-22 15:07:28.646374,1,230.22,3,2, SABANETA ,Vendido,Apartamento,2025-02-02 15:07:28,
7236608f-9209-4262-9eb5-84384f86fa52,106981929.07,"Transversal 121 # 4-48 Este Apto. 92 528457 Ipiales, Nariño","Se vende Apartamento de 1 habitaciones, con un área de 230.22 m², ubicada en el barrio Sabaneta, estrato 2. Ideal para familias o inversión.",2026-02-28 04:30:13.030174,2027-01-08 04:30:13.030174,1,230.22,5,2, Sabaneta ,En construcción,Apartamento,2026-02-28 04:30:13,28/02/2026 04:30
916edb13-3bf3-4d64-ad13-fe27aad7aa33,686512601.5,"Calle 198O # 55-12 Este Apto. 71 860754 Puerto Asís, Putumayo","Se vende Apartamento de 1 habitaciones, con un área de 230.22 m², ubicada en el barrio Sabaneta, estrato 2. Ideal para familias o inversión.",2025-12-28 10:24:13.585100,2026-07-14 10:24:13.585100,1,230.22,4,2,Sabaneta,Alquilado,Apartamento,2025-12-28 10:24:13,28/12/2025 10:24
aa458ad2-2477-4d20-92cd-da44154d5ae6,874687541.43,"Cr. 111 # 8-7 232321 Tierralta, Córdoba","Se vende Apartamento de 1 habitaciones, con un área de 230.22 m², ubicada en el barrio Sabaneta, estrato 2. Ideal para familias o inversión.",2026-05-24 08:47:40.183145,2027-01-25 08:47:40.183145,1,230.22,1,2,Sabaneta,Alquilado,Apartamento,2026-05-24 08:47:40,
a24665f8-50d2-456e-a7d3-036c38695a04,346826454.13,"Av. calle 43 # 6-1 Apartamento 80 054011 Maceo, Antioquia","Se vende Apartamento de 1 habitaciones, con un área de 230.22 m², ubicada en el barrio Sabaneta, estrato 2. Ideal para familias o inversión.",2025-02-26 18:24:12.869165,2026-01-29 18:24:12.869165,1,230.22,1,2,Sabaneta,En construcción,Apartamento,2025-02-26 18:24:12,26/02/2025 18:24
5f01c12f-d2a2-4c67-b172-dbb237c04a0d,252101865.39,"Calle 34 # 20R-4 Este Local 6 251908 Villapinzón, Cundinamarca","Se vende Apartamento de 1 habitaciones, con un área de 230.22 m², ubicada en el barrio Sabaneta, estrato 2. Ideal para familias o inversión.",2025-01-20 15:54:26.238552,2025-11-05 15:54:26.238552,1,230.22,4,2,Sabaneta,Vendido,Apartamento,2025-01-20 15:54:26,20/01/2025 15:54
3ac3c4dd-e2c4-47c9-b54a-ff31fb09c0b1,382608294.51,"Calle 25 # 38-8 Sur 736638 Dolores, Tolima","Se vende Apartamento de 1 habitaciones, con un área de 230.22 m², ubicada en el barrio Sabaneta, estrato 2. Ideal para familias o inversión.",2026-06-20 04:35:57.389105,2026-09-13 04:35:57.389105,1,230.22,5,2,Sabaneta,Alquilado,Apartamento,2026-06-20 04:35:57,20/06/2026 04:35
0af87b82-fad0-4931-98ec-31279ba55a6d,774475350.34,"Cl. 117 Bis G # 12L-8 Este 059473 Retiro, Antioquia","Se vende Apartamento de 1 habitaciones, con un área de 230.22 m², ubicada en el barrio Sabaneta, estrato 2. Ideal para familias o inversión.",2026-03-05 03:04:34.883430,2026-06-01 03:04:34.883430,1,230.22,5,2,Sabaneta,Vendido,Apartamento,2026-03-05 03:04:34,05/03/2026 03:04
06c1238a-e84e-4dec-83d5-3360a8aea564,852897403.26,"Carrera 26 # 8-56 Este Apto. 26 682153 Mogotes, Santander","Se vende Apartamento de 1 habitaciones, con un área de 230.22 m², ubicada en el barrio Sabaneta, estrato 2. Ideal para familias o inversión.",2024-12-22 03:53:42.791952,2025-08-28 03:53:42.791952,1,230.22,5,2,Sabaneta,En construcción,Apartamento,2024-12-22 03:53:42,
20dff18c-fe6a-4202-99c2-138ead99bc76,578902767.41,"Carrera 12 # 1-2 Sur 252711 Topaipí, Cundinamarca","Se vende Apartamento de 1 habitaciones, con un área de 230.22 m², ubicada en el barrio Sabaneta, estrato 2. Ideal para familias o inversión.",2026-04-18 20:43:42.734138,2027-04-12 20:43:42.734138,1,230.22,5,dos,Sabaneta,Alquilado,Apartamento,2026-04-18 20:43:42,
a83cf87d-5e79-46fe-92bb-c0ff6de7ecbd,221395268.36,"Cr. 97 # 9-95 Oficina 69 191877 Buenos Aires, Cauca","Se vende Apartamento de 1 habitaciones, con un área de 230.22 m², ubicada en el barrio Sabaneta, estrato 2. Ideal para familias o inversión.",2026-02-13 16:19:34.969777,2026-03-29 16:19:34.969777,1,230.22,3,2,Sabaneta,Alquilado,Apartamento,2026-02-13 16:19:34,
796ad831-43ae-4b56-8a0a-9aa6ac45d256,55800499.93,"Dg. 127 Bis # 74-8 057002 La Pintada, Antioquia","SE VENDE APARTAMENTO DE 1 HABITACIONES, CON UN ÁREA DE 230.22 M², UBICADA EN EL BARRIO SABANETA, ESTRATO 2. IDEAL PARA FAMILIAS O INVERSIÓN. ",2026-09-02 04:15:22.393262,2027-03-30 04:15:22.393262,1,230.22,2,2,Sabaneta,En construcción,Apartamento,2026-09-02 04:15:22,
3a58f1e9-51bd-4cb7-981c-6342b211e695,116106150.19,"Cl. 6J # 1-3 Sur 734796 Villarrica, Tolima","Se vende Apartamento de 1 habitaciones, con un área de 230.22 m², ubicada en el barrio Sabaneta, estrato 2. Ideal para familias o inversión.",2025-11-25 20:58:08.227908,2026-07-18 20:58:08.227908,1,230.22,1,2,Sabaneta,Disponible,Apartamento,2025-11-25 20:58:08,25/11/2025 20:58
fb62e1b8-e295-4ca0-b311-7b06555d5fd6,254376236.03,"Cr. 29 # 24C-6 056503 Guatapé, Antioquia","Se vende Apartamento de 1 habitaciones, con un área de 230.22 m², ubicada en el barrio Sabaneta, estrato 2. Ideal para familias o inversión.",2025-06-18 04:24:45.377842,2026-04-15 04:24:45.377842,1,230.22,4,2,Sabaneta,Reservado,Apartamento,2025-06-18 04:24:45,18/06/2025 04:24
bbee1ea6-852f-42d8-9785-b563544f05d2,199538812.05,"Cl. 29 # 4D-6 Sur Apartamento 894 477905 Fundación, Magdalena","Se vende Apartamento de 1 habitaciones, con un área de 230.22 m², ubicada en el barrio Sabaneta, estrato 2. Ideal para familias o inversión.",2024-10-20 17:39:12.141277,2025-05-12 17:39:12.141277,1,230.22,3,2,Sabaneta,Alquilado,Apartamento,2024-10-20 17:39:12,20/10/2024 17:39
b48fdd50-748d-49bc-805b-dedc2c6843a6,616412583.59,"Calle 79 # 2T-2 Este Casa 56 507183 El Dorado, Meta","Se vende Apartamento de 1 habitaciones, con un área de 230.22 m², ubicada en el barrio Sabaneta, estrato 2. Ideal para familias o inversión.",2025-10-08 14:22:07.072735,2026-08-24 14:22:07.072735,1,230.22,1,2,Sabaneta,Vendido,Apartamento,2025-10-08 14:22:07,08/10/2025 14:22
f43127f9-2fdc-4675-93e6-a536dbe2111d,766714085.17,"Carrera 94 # 38-1 Este 088468 Ponedera, Atlántico","Se vende Apartamento de 1 habitaciones, con un área de 230.22 m², ubicada en el barrio Sabaneta, estrato 2. Ideal para familias o inversión.",2025-06-09 09:21:19.541812,2025-09-27 09:21:19.541812,1,230.22,1,2,Sabaneta,Disponible,Apartamento,2025-06-09 09:21:19,09/06/2025 09:21
29431d84-050d-4a39-aad3-164b4509362b,470957325.61,"Calle 74 # 41-7 Sur Bodega 449 198357 Morales, Cauca","Se vende Apartamento de 1 habitaciones, con un área de 230.22 m², ubicada en el barrio Sabaneta, estrato 2. Ideal para familias o inversión.",2026-03-04 02:32:42.127539,2026-08-20 02:32:42.127539,1,230.22,4,2,SABANETA,Reservado,Apartamento,2026-03-04 02:32:42,04/03/2026 02:32
1b17ca02-99e8-4d21-bbcd-faa2b280a3ff,469941977.36,"Carrera 166 # 30-53 Etapa 4 apartamento 7 173034 Marmato, Caldas","Se vende Apartamento de 1 habitaciones, con un área de 230.22 m², ubicada en el barrio Sabaneta, estrato 2. Ideal para familias o inversión.",2026-05-31 00:58:22.484455,2027-05-06 00:58:22.484455,1,230.22,3,2,Sabaneta,Vendido,Apartamento,2026-05-31 00:58:22,31/05/2026 00:58
775ce9ce-6c64-4749-a4b2-be10b08f2002,158126632.7,"Avenida carrera 165 # 31-46 Casa 10 251594 Villapinzón, Cundinamarca","Se vende Apartamento de 1 habitaciones, con un área de 230.22 m², ubicada en el barrio Sabaneta, estrato 2. Ideal para familias o inversión.",2024-10-27 14:58:24.444541,2025-08-15 14:58:24.444541,1,230.22,4,2,Sabaneta,Disponible,Apartamento,2024-10-27 14:58:24,27/10/2024 14:58
63d2af25-ffca-4153-b559-54e6295c0d31,694306998.29,"Avenida calle 163 # 22G-3 Apto. 97 769155 Ginebra, Valle del Cauca","Se vende Apartamento de 1 habitaciones, con un área de 230.22 m², ubicada en el barrio Sabaneta, estrato 2. Ideal para familias o inversión.",2025-11-27 10:06:12.394885,2026-05-21 10:06:12.394885,1,230.22,5,2,Sabaneta,Reservado,Apartamento,2025-11-27 10:06:12,
59019a86-25c3-4ab1-9082-9e8e4fab238c,683775930.8,"Cl. 142 # 5-15 Este 681586 Oiba, Santander","Se vende Apartamento de 1 habitaciones, con un área de 230.22 m², ubicada en el barrio Sabaneta, estrato 2. Ideal para familias o inversión.",2026-09-14 20:18:18.140890,2027-07-10 20:18:18.140890,1,230.22,1,2, Sabaneta ,Vendido,Apartamento,2026-09-14 20:18:18,
ced70ffa-53a5-4c4b-9bda-bc48ba49c279,985223375.41,"Transversal 56 # 5-43 051837 Mutatá, Antioquia","Se vende Apartamento de 1 habitaciones, con un área de 230.22 m², ubicada en el barrio Sabaneta, estrato 2. Ideal para familias o inversión.!!! ",2026-09-12 13:38:10.353431,2027-05-02 13:38:10.353431,1,230.22,1,2,Sabaneta,Disponible,Apartamento,2026-09-12 13:38:10,
9103c593-a7d7-47b4-b39e-00e49fb98b1e,336348393.92,"Carrera 169L # 88-15 445612 La Jagua del Pilar, La Guajira","SE VENDE APARTAMENTO DE 1 HABITACIONES, CON UN ÁREA DE 230.22 M², UBICADA EN EL BARRIO SABANETA, ESTRATO 2. IDEAL PARA FAMILIAS O INVERSIÓN.",2026-08-06 09:01:48.439266,2026-12-18 09:01:48.439266,1,230.22,2,2,Sabaneta,Vendido,Apartamento,2026-08-06 09:01:48,06/08/2026 09:01
6194a7f8-7adc-4292-8718-b7cf3c60e407,324974774.66,"Carrera 72 # 85-37 Sur 195911 Jambaló, Cauca","Se vende Apartamento de 1 habitaciones, con un área de 230.22 m², ubicada en el barrio Sabaneta, estrato 2. Ideal para familias o inversión.",2026-01-17 20:18:44.077834,2026-06-26 20:18:44.077834,1,230.22,1,2,Sabaneta,Disponible,Apartamento,2026-01-17 20:18:44,17/01/2026 20:18
1bf3f5c1-d747-4033-b92e-35542edf985d,759663417.26,"Av. carrera 9ª # 83-41 Sur 476930 Pedraza, Magdalena","Se vende Apartamento de 1 habitaciones, con un área de 230.22 m², ubicada en el barrio Sabaneta, estrato 2. Ideal para familias o inversión.",2025-02-10 01:25:23.632214,2025-11-21 01:25:23.632214,1,230.22,2,2,Sabaneta,Vendido,Apartamento,2025-02-10 01:25:23,
553d130b-19d4-4638-8459-645ca2a4181d,555953230.47,Carrera 8ª # 2P-4 Este Apartamento 792 185291 Florencia,"Se vende Apartamento de 1 habitaciones, con un área de 230.22 m², ubicada en el barrio Sabaneta, estrato 2. Ideal para familias o inversión.",2026-03-02 14:14:46.220501,2026-10-12 14:14:46.220501,1,230.22,2,dos, Sabaneta ,En construcción,Apartamento,2026-03-02 14:14:46,02/03/2026 14:14
f4219216-0d5d-4334-878b-0cb14b05735c,841686492.3,"Calle 144 # 4-67 Este Etapa 8 apartamento 73 254362 Sopó, Cundinamarca","Se vende Apartamento de 1 habitaciones, con un área de 230.22 m², ubicada en el barrio Sabaneta, estrato 2. Ideal para familias o inversión.",2025-03-03 17:31:09.233683,2026-01-13 17:31:09.233683,1,230.22,3,2,Sabaneta,Disponible,Apartamento,2025-03-03 17:31:09,
04fea72c-0f88-420e-b51e-cf829c6da4ba,868676143.92,"Carrera 1ª # 8-63 Este Apto. 126 706694 Chalán, Sucre","se vende apartamento de 1 habitaciones, con un área de 230.22 m², ubicada en el barrio sabaneta, estrato 2. ideal para familias o inversión. ",2026-02-18 04:18:51.581780,2026-10-09 04:18:51.581780,1,230.22,1,2,Sabaneta,Reservado,Apartamento,2026-02-18 04:18:51,
197f1e0f-1032-46bb-95e5-7e4fa41d72fd,486766537.84,"Carrera 85 # 6-9 Sur Apartamento 545 058092 San Juan de Urabá, Antioquia","Se vende Apartamento de 1 habitaciones, con un área de 230.22 m², ubicada en el barrio Sabaneta, estrato 2. Ideal para familias o inversión.",2026-08-23 11:48:48.970197,2026-10-01 11:48:48.970197,1,230.22,1,2,Sabaneta,Alquilado,Apartamento,2026-08-23 11:48:48,23/08/2026 11:48
aca29cfc-609a-4e79-8cee-1bc0ed6ba2ac,457820071.99,"Avenida calle 94 # 6-82 156449 Jenesano, Boyacá","Se vende Apartamento de 1 habitaciones, con un área de 230.22 m², ubicada en el barrio Sabaneta, estrato 2. Ideal para familias o inversión.",2025-01-17 21:58:01.088861,2025-12-07 21:58:01.088861,1,230.22,4,2,Sabaneta,Reservado,Apartamento,2025-01-17 21:58:01,
c1b3f1e0-9ff6-4fef-ae51-ca3737844c26,159414704.03,"Carrera 81 # 6-9 Sur Apartamento 4 682074 Onzaga, Santander","Se vende Apartamento de 1 habitaciones, con un área de 230.22 m², ubicada en el barrio Sabaneta, estrato 2. Ideal para familias o inversión.",2025-11-16 05:53:40.142434,2026-05-13 05:53:40.142434,1,230.22,1,2, Sabaneta ,Alquilado,Apartamento,2025-11-16 05:53:40,
9461a96d-aa2b-4008-8908-3f5f3764e41d,811256046.59,"Avenida calle 49 # 90-3 Sur Casa 21 154228 Floresta, Boyacá","Se vende Apartamento de 1 habitaciones, con un área de 230.22 m², ubicada en el barrio Sabaneta, estrato 2. Ideal para familias o inversión.",2025-09-05 17:17:44.285658,2025-12-31 17:17:44.285658,1,230.22,5,2,Sabaneta,Reservado,Apartamento,2025-09-05 17:17:44,
de2fa194-717d-4a39-a425-3bfdd926c1d1,133723387.23,"Calle 87 # 14-69 255915 Junín, Cundinamarca","Se vende Apartamento de 1 habitaciones, con un área de 230.22 m², ubicada en el barrio Sabaneta, estrato 2. Ideal para familias o inversión.",2026-08-09 16:18:52.515790,2027-03-12 16:18:52.515790,1,230.22,1,2,S@b@n3t@,Vendido,Apartamento,2026-08-09 16:18:52,
64f2e942-b66c-4fa7-a3db-5f646fba2d8b,609427723.89,"Av. carrera 26 # 4-72 685018 Valle de San José, Santander","Se vende Apartamento de 1 habitaciones, con un área de 230.22 m², ubicada en el barrio Sabaneta, estrato 2. Ideal para familias o inversión.",2026-01-28 15:46:40.927177,2026-10-08 15:46:40.927177,1,230.22,5,2,Sabaneta,Disponible,Apartamento,2026-01-28 15:46:40,
4a8bc876-efe9-4f34-9972-7e9ab2f3f2fb,876998195.39,"Transversal 192V # 6-91 Casa 74 201476 San Martín, Cesar","SE VENDE APARTAMENTO DE 1 HABITACIONES, CON UN ÁREA DE 230.22 M², UBICADA EN EL BARRIO SABANETA, ESTRATO 2. IDEAL PARA FAMILIAS O INVERSIÓN. ",2024-10-21 07:40:45.802118,2025-06-10 07:40:45.802118,1,230.22,3,2,SABANETA,Vendido,Apartamento,2024-10-21 07:40:45,
fff69b17-da40-46b8-87a1-a1a349c661a7,790161975.17,"Tr. 3 Este # 28Q-5 Sur Bodega 515 546610 Gramalote, Norte de Santander","Se vende Apartamento de 1 habitaciones, con un área de 230.22 m², ubicada en el barrio Sabaneta, estrato 2. Ideal para familias o inversión.",2025-09-28 23:54:29.762354,2026-04-16 23:54:29.762354,1,230.22,1,2, Sabaneta ,En construcción,Apartamento,2025-09-28 23:54:29,
dd253dc9-a66b-49fc-96c1-f26d4f4c43fb,158325307.85,"Carrera 81 # 69-54 Este Etapa 3 apartamento 334 738108 Herveo, Tolima","Se vende Apartamento de 1 habitaciones, con un área de 230.22 m², ubicada en el barrio Sabaneta, estrato 2. Ideal para familias o inversión.",2025-08-21 19:34:45.298099,2026-08-10 19:34:45.298099,1,230.22,5,2, SABANETA ,Vendido,Apartamento,2025-08-21 19:34:45,
9fdd4c66-ca51-462a-9449-c18b45f78220,383544748.21,"Cr. 57 # 4-32 760164 Palmira, Valle del Cauca","Se vende Apartamento de 1 habitaciones, con un área de 230.22 m², ubicada en el barrio Sabaneta, estrato 2. Ideal para familias o inversión.",2024-12-05 01:37:00.932327,2025-07-01 01:37:00.932327,1,230.22,2,2,Sabaneta,Vendido,Apartamento,2024-12-05 01:37:00,
8d5dbaee-3314-4b7e-86e1-3beb247bb090,189122007.36,"Carrera 197 # 6-79 Sur 251027 Quipile, Cundinamarca","Se vende Apartamento de 1 habitaciones, con un área de 230.22 m², ubicada en el barrio Sabaneta, estrato 2. Ideal para familias o inversión.",2026-04-05 00:37:54.025105,2026-06-26 00:37:54.025105,1,230.22,2,2,Sabaneta,Vendido,Apartamento,2026-04-05 00:37:54,
d7f98fbd-453c-4989-ad0e-10f9826a4345,195226299.56,"Carrera 48U # 8-3 Sur Apartamento 4 150372 San Eduardo, Boyacá",,2024-12-09 08:26:57.362738,2025-11-12 08:26:57.362738,1,230.22,1,2,Sabaneta,Vendido,Apartamento,2024-12-09 08:26:57,09/12/2024 08:26
270ccd9c-80a7-431d-a58d-d5ba155d8449,519411173.77,"Carrera 16 # 7-71 Sur 150793 Iza, Boyacá","Se vende Apartamento de 1 habitaciones, con un área de 230.22 m², ubicada en el barrio Sabaneta, estrato 2. Ideal para familias o inversión.",2025-08-10 12:15:22.631809,2026-07-27 12:15:22.631809,1,230.22,5,2,Sabaneta,En construcción,Apartamento,2025-08-10 12:15:22,10/08/2025 12:15
527b7ac0-385f-4f0a-a28a-8f8fbc950ce1,697076804.4,"Calle 86 # 6-8 Este Apartamento 873 278069 Nuquí, Chocó","SE VENDE APARTAMENTO DE 1 HABITACIONES, CON UN ÁREA DE 230.22 M², UBICADA EN EL BARRIO SABANETA, ESTRATO 2. IDEAL PARA FAMILIAS O INVERSIÓN.",2026-03-28 18:10:31.492717,2026-12-12 18:10:31.492717,1,230.22,5,dos,Sabaneta,En construcción,Apartamento,2026-03-28 18:10:31,28/03/2026 18:10
34fd9151-b428-4d7e-8d08-75e5448e73a3,871034531.09,"Cl. 76 # 6V-8 Etapa 4 apartamento 87 179597 Marulanda, Caldas","Se vende Apartamento de 1 habitaciones, con un área de 230.22 m², ubicada en el barrio Sabaneta, estrato 2. Ideal para familias o inversión.",2025-08-20 23:50:50.142307,2026-03-03 23:50:50.142307,1,230.22,3,dos,Sabaneta,Vendido,Apartamento,2025-08-20 23:50:50,20/08/2025 23:50
a25f6b0a-220e-4656-a0d9-072ea0e7873f,114871945.57,"Transversal 133P Bis # 60-5 Sur Apto. 8 272971 Bagadó, Chocó","SE VENDE APARTAMENTO DE 1 HABITACIONES, CON UN ÁREA DE 230.22 M², UBICADA EN EL BARRIO SABANETA, ESTRATO 2. IDEAL PARA FAMILIAS O INVERSIÓN.",2026-01-03 13:54:51.539558,2026-09-15 13:54:51.539558,1,230.22,4,2,SABANETA,Alquilado,Apartamento,2026-01-03 13:54:51,
fccad570-e7f9-43e2-9dd5-568e30a39daa,611848768.99,"Cl. 15 # 38-94 Este Apartamento 26 181837 San Vicente del Caguán, Caquetá","Vendo Apartamento de 1 habitaciones, con un área de 230.22 m², ubicada en el barrio Sabaneta, estrato 2. Ideal para familias o inversión. ",2026-02-12 19:38:47.429743,2026-08-01 19:38:47.429743,1,230.22,3,2,Sabaneta,En construcción,Apartamento,2026-02-12 19:38:47,
5019215b-f863-433b-b429-7f05e91cedde,344887458.08,"Calle 63 # 5-8 Este Bodega 8 058081 El Santuario, Antioquia","Se vende Apartamento de 1 habitaciones, con un área de 230.22 m², ubicada en el barrio Sabaneta, estrato 2. Ideal para familias o inversión.",2026-02-07 09:10:38.982448,2026-04-15 09:10:38.982448,1,230.22,4,2,Sabaneta,Disponible,Apartamento,2026-02-07 09:10:38,
e78054ec-26e3-44c4-b610-b842ec3d7ded,400300719.52,"Diagonal 55 # 51-6 Este Casa 62 153760 Boyacá, Boyacá","Se vende Apartamento de 1 habitaciones, con un área de 230.22 m², ubicada en el barrio Sabaneta, estrato 2. Ideal para familias o inversión.",2025-10-05 09:37:26.450310,2025-12-03 09:37:26.450310,1,230.22,3,2,Sabaneta,Disponible,Apartamento,2025-10-05 09:37:26,
146a4707-5d7e-414b-b249-e3056ffcf00c,871037532.23,"Cl. 108A Bis E # 65C-7 526678 Guaitarilla, Nariño","Se vende Apartamento de 1 habitaciones, con un área de 230.22 m², ubicada en el barrio Sabaneta, estrato 2. Ideal para familias o inversión.",2026-04-10 17:39:22.184196,2027-04-05 17:39:22.184196,1,230.22,1,2,Sabaneta,En construcción,Apartamento,2026-04-10 17:39:22,
425c48e2-ca22-45bf-b2b2-5ace323af842,531714426.47,"Cl. 9ª # 82-46 Este 548455 Pamplonita, Norte de Santander","Se vende Apartamento de 1 habitaciones, con un área de 230.22 m², ubicada en el barrio Sabaneta, estrato 2. Ideal para familias o inversión.!!! ",2025-08-19 10:01:08.620203,2026-07-19 10:01:08.620203,1,230.22,4,2,SABANETA,En construcción,Apartamento,2025-08-19 10:01:08,
f05d0d0d-9c6e-45cb-8e09-6aa512b4c7b7,956519902.89,"Carrera 91 Este # 68-3 Local 71 688562 Piedecuesta, Santander","Se vende Apartamento de 1 habitaciones, con un área de 230.22 m², ubicada en el barrio Sabaneta, estrato 2. Ideal para familias o inversión.",2026-01-05 10:02:47.221078,2026-11-14 10:02:47.221078,1,230.22,1,2,Sabaneta,Reservado,Apartamento,2026-01-05 10:02:47,05/01/2026 10:02
d108c196-8e8b-4f3a-8ebc-c1e32c2140a3,669245581.92,"Cr. 81 # 8-60 Etapa 4 apartamento 58 945485 Pana Pana, Guainía","Se vende Apartamento de 1 habitaciones, con un área de 230.22 m², ubicada en el barrio Sabaneta, estrato 2. Ideal para familias o inversión.",2024-10-26 17:02:52.066743,2025-09-13 17:02:52.066743,1,230.22,3,2, Sabaneta ,En construcción,Apartamento,2024-10-26 17:02:52,26/10/2024 17:02
8a43da21-c8f6-426c-8b18-c0416c826263,526298936.78,"Calle 8 Bis # 7-7 918315 La Victoria, Amazonas","se vende apartamento de 1 habitaciones, con un área de 230.22 m², ubicada en el barrio sabaneta, estrato 2. ideal para familias o inversión. ",2026-05-17 15:44:25.350328,2027-02-14 15:44:25.350328,1,230.22,1,2,Sabaneta,Reservado,Apartamento,2026-05-17 15:44:25,
ca5c25b2-f3d5-43a9-9297-034fa0ed3fad,820418470.76,"Carrera 5M # 86-8 Este 681586 El Carmen de Chucurí, Santander","Se vende Apartamento de 1 habitaciones, con un área de 230.22 m², ubicada en el barrio Sabaneta, estrato 2. Ideal para familias o inversión.",2024-12-12 17:19:50.166237,2025-03-04 17:19:50.166237,1,230.22,3,2,Sabaneta,Disponible,Apartamento,2024-12-12 17:19:50,12/12/2024 17:19
a20050a2-4646-4b14-89cb-72d1dbe4c973,663820736.59,"Cl. 17 # 28-75 177288 Pácora, Caldas","Se vende Apartamento de 1 habitaciones, con un área de 230.22 m², ubicada en el barrio Sabaneta, estrato 2. Ideal para familias o inversión.",2026-09-17 07:01:05.615356,2027-07-02 07:01:05.615356,1,230.22,1,dos,SABANETA,Vendido,Apartamento,2026-09-17 07:01:05,
8baf0484-61a4-4b08-a26a-fc2431fd9025,991436721.51,"Cr. 129 # 54-4 274544 Medio San Juan, Chocó","Se vende Apartamento de 1 habitaciones, con un área de 230.22 m², ubicada en el barrio Sabaneta, estrato 2. Ideal para familias o inversión.",2025-01-02 15:02:39.924937,2025-09-13 15:02:39.924937,1,230.22,5,2,Sabaneta,En construcción,Apartamento,2025-01-02 15:02:39,
d4437d03-f26f-4766-b623-003eabc6647c,200808897.58,"Cl. 167 # 3T-3 Este 737949 Valle de San Juan, Tolima","Se vende Apartamento de 1 habitaciones, con un área de 230.22 m², ubicada en el barrio Sabaneta, estrato 2. Ideal para familias o inversión.",2026-05-27 16:34:47.121236,2027-05-04 16:34:47.121236,1,230.22,3,2,Sabaneta,Alquilado,Apartamento,2026-05-27 16:34:47,
550e0a24-1892-4fdb-8726-ae46634d0b36,438330927.38,"Av. carrera 57 # 52-90 Este Bodega 316 686580 Simacota, Santander","Se vende Apartamento de 1 habitaciones, con un área de 230.22 m², ubicada en el barrio Sabaneta, estrato 2. Ideal para familias o inversión.",2026-01-14 06:11:16.987396,2026-08-30 06:11:16.987396,1,230.22,3,2,Sabaneta,En construcción,Apartamento,2026-01-14 06:11:16,
46f4df7f-d68a-4e4b-a009-754d59cc2564,799765584.99,"Cl. 89 # 9-6 Sur Torre 9 apartamento 18 131820 Regidor, Bolívar","Se vende Apartamento de 1 habitaciones, con un área de 230.22 m², ubicada en el barrio Sabaneta, estrato 2. Ideal para familias o inversión.",2025-01-04 18:09:07.262212,2025-03-01 18:09:07.262212,1,230.22,3,2,Sabaneta,Disponible,Apartamento,2025-01-04 18:09:07,
83deffcc-230a-4876-bfa0-e54c3ce53980,139780650.14,"Av. Isabel Díaz Solano # 7-3 766411 Alcalá, Valle del Cauca","Se vende Apartamento de 1 habitaciones, con un área de 230.22 m², ubicada en el barrio Sabaneta, estrato 2. Ideal para familias o inversión.!!! ",2025-12-10 12:15:43.535763,2026-06-26 12:15:43.535763,1,230.22,4,2,Sabaneta,Alquilado,Apartamento,2025-12-10 12:15:43,10/12/2025 12:15
8cf68410-8993-4fc0-a537-97e67c6ebdb7,737546972.25,"Cl. 161 # 4-4 Sur 476152 El Retén, Magdalena","Se vende Apartamento de 1 habitaciones, con un área de 230.22 m², ubicada en el barrio Sabaneta, estrato 2. Ideal para familias o inversión.",2025-12-29 04:45:37.768264,2026-06-06 04:45:37.768264,1,230.22,5,2, Sabaneta ,Vendido,Apartamento,2025-12-29 04:45:37,
339a01d0-ccfe-4612-b77e-5368fd58bed0,127426888.08,"Transversal 94A # 91V-33 Sur 761706 Restrepo, Valle del Cauca","se vende apartamento de 1 habitaciones, con un área de 230.22 m², ubicada en el barrio sabaneta, estrato 2. ideal para familias o inversión. ",2025-10-12 20:58:34.508703,2026-04-30 20:58:34.508703,1,230.22,2,2,SABANETA,Alquilado,Apartamento,2025-10-12 20:58:34,
6a16794d-a0b8-4435-ba8d-006ef47cb1c7,969311682.31,"Av. carrera 88 # 8-5 Este 688238 San Benito, Santander","Se vende Apartamento de 1 habitaciones, con un área de 230.22 m², ubicada en el barrio Sabaneta, estrato 2. Ideal para familias o inversión.",2025-11-25 10:16:55.129402,2026-06-01 10:16:55.129402,1,230.22,4,2,Sabaneta,Vendido,Apartamento,2025-11-25 10:16:55,
ed466a04-bf2d-484a-8a8a-fbae162216fc,723392313.65,"Cr. 2ª # 2-36 Este 053984 Abejorral, Antioquia","Se vende Apartamento de 1 habitaciones, con un área de 230.22 m², ubicada en el barrio Sabaneta, estrato 2. Ideal para familias o inversión.",2026-09-16 10:08:37.720514,2027-08-16 10:08:37.720514,1,230.22,1,2,Sabaneta,Alquilado,Apartamento,2026-09-16 10:08:37,
1c080438-26f5-4e01-94a7-0acf660525fd,407845340.75,"Carrera 102 # 80-19 253553 Zipacón, Cundinamarca","Se vende Apartamento de 1 habitaciones, con un área de 230.22 m², ubicada en el barrio Sabaneta, estrato 2. Ideal para familias o inversión.",2025-11-16 19:59:46.929007,2026-09-28 19:59:46.929007,1,230.22,3,2, Sabaneta ,Vendido,Apartamento,2025-11-16 19:59:46,
d4348226-4dd8-4ad1-b7c4-6ea7ad366bd4,138780316.81,"Avenida calle 75 # 1-2 Sur Bodega 7 687156 Aguada, Santander","Se vende Apartamento de 1 habitaciones, con un área de 230.22 m², ubicada en el barrio Sabaneta, estrato 2. Ideal para familias o inversión.",2026-02-09 17:38:16.801353,2026-12-05 17:38:16.801353,1,230.22,4,2,Sabaneta,En construcción,Apartamento,2026-02-09 17:38:16,
5173faef-8b6a-4133-a69d-8e1e81121111,67319010.9,"Diagonal 83H # 44B-17 195319 Sotará Paispamba, Cauca","Se vende Apartamento de 1 habitaciones, con un área de 230.22 m², ubicada en el barrio Sabaneta, estrato 2. Ideal para familias o inversión.",2025-07-03 23:09:39.577928,2026-02-03 23:09:39.577928,1,230.22,3,2,Sabaneta,Vendido,Apartamento,2025-07-03 23:09:39,
8cbf5641-ae4e-4865-9987-c1425a933343,374645727.87,"Transversal 93 # 14-93 Este Apto. 52 541921 Santiago, Norte de Santander","Se  vende  Apartamento  de  1  habitaciones,  con  un  área  de  230.22  m²,  ubicada  en  el  barrio  Sabaneta,  estrato  2.  Ideal  para  familias  o  inversión. ",2026-09-25 07:42:29.245019,2027-02-11 07:42:29.245019,1,230.22,4,2, Sabaneta ,Vendido,Apartamento,2026-09-25 07:42:29,25/09/2026 07:42
1fb8bda6-2a86-466b-9819-fc0ad92f3110,999977790.05,"Carrera 103 # 7-9 Sur 684187 Vetas, Santander","Se vende Apartamento de 1 habitaciones, con un área de 230.22 m², ubicada en el barrio Sabaneta, estrato 2. Ideal para familias o inversión.",2025-04-09 02:09:47.011642,2025-09-01 02:09:47.011642,1,230.22,2,2,Sabaneta,Disponible,Apartamento,2025-04-09 02:09:47,
7ddb1ce8-b601-409a-b6bd-ffffabafd2f7,852206969.25,"Calle 11 # 60-5 541332 Mutiscua, Norte de Santander","Se vende Apartamento de 1 habitaciones, con un área de 230.22 m², ubicada en el barrio Sabaneta, estrato 2. Ideal para familias o inversión.",2025-05-25 08:16:28.386608,2025-11-22 08:16:28.386608,1,230.22,1,2,Sabaneta,En construcción,Apartamento,2025-05-25 08:16:28,25/05/2025 08:16
7d78b607-8c54-4fb3-8a20-d01da386e918,843363835.3,"Carrera 10C # 3-11 Sur Local 18 259971 Fusagasugá, Cundinamarca","Se vende Apartamento de 1 habitaciones, con un área de 230.22 m², ubicada en el barrio Sabaneta, estrato 2. Ideal para familias o inversión.",2024-12-24 02:40:58.053271,2025-10-26 02:40:58.053271,1,230.22,5,2,Sabaneta,Disponible,Apartamento,2024-12-24 02:40:58,
55158911-216c-4437-b0f9-e2297bdf6d34,882573133.92,"Cl. 8T Sur # 2-66 Este 686619 Guavatá, Santander","Se vende Apartamento de 1 habitaciones, con un área de 230.22 m², ubicada en el barrio Sabaneta, estrato 2. Ideal para familias o inversión.",2024-11-15 08:36:13.297096,2025-06-05 08:36:13.297096,1,230.22,5,dos,Sabaneta,Vendido,Apartamento,2024-11-15 08:36:13,15/11/2024 08:36
5873adca-dfa9-4fe1-aaaf-c6ce3c81d5f0,407883877.28,"Diagonal 3S # 74-85 Este Bodega 99 051091 Guadalupe, Antioquia","Se vende Apartamento de 1 habitaciones, con un área de 230.22 m², ubicada en el barrio Sabaneta, estrato 2. Ideal para familias o inversión.",2026-08-22 05:21:35.319900,2027-07-23 05:21:35.319900,1,230.22,2,2,Sabaneta,Vendido,Apartamento,2026-08-22 05:21:35,22/08/2026 05:21
d85a9c3b-7c6f-4e92-a7dc-d7aee3e1014c,818591533.66,"Dg. 32 # 69-5 Sur 199685 Mercaderes, Cauca","Se vende Apartamento de 1 habitaciones, con un área de 230.22 m², ubicada en el barrio Sabaneta, estrato 2. Ideal para familias o inversión.",2026-01-02 20:31:55.056250,2026-12-17 20:31:55.056250,1,230.22,2,2,Sabaneta,Reservado,Apartamento,2026-01-02 20:31:55,
2340ed26-f8fb-4054-89d6-27b09d8da50b,440315680.92,"Cl. 45C # 67-69 Este Casa 1 856533 Monterrey, Casanare","Se vende Apartamento de 1 habitaciones, con un área de 230.22 m², ubicada en el barrio Sabaneta, estrato 2. Ideal para familias o inversión.",2026-09-15 02:23:55.279315,2026-11-06 02:23:55.279315,1,230.22,2,2, Sabaneta ,Reservado,Apartamento,2026-09-15 02:23:55,15/09/2026 02:23
f4ade7c6-80a2-48af-80da-01ffe559cf7b,320681535.94,"Cl. 175 # 4M-7 473033 Plato, Magdalena","Se vende Apartamento de 1 habitaciones, con un área de 230.22 m², ubicada en el barrio Sabaneta, estrato 2. Ideal para familias o inversión.",2025-05-13 05:04:10.046598,2026-04-20 05:04:10.046598,1,230.22,4,2,Sabaneta,Vendido,Apartamento,2025-05-13 05:04:10,13/05/2025 05:04
863b541b-703c-4baa-a797-2978ede082be,277210072.38,"Transversal 10L # 5-3 Local 10 052473 Arboletes, Antioquia","Se vende Apartamento de 1 habitaciones, con un área de 230.22 m², ubicada en el barrio Sabaneta, estrato 2. Ideal para familias o inversión.",2026-06-01 18:35:09.798892,2027-03-31 18:35:09.798892,1,230.22,4,2,Sabaneta,Vendido,Apartamento,2026-06-01 18:35:09,
8d548921-c465-46ec-9875-69bbfbfcc31e,694391483.81,"Cr. 7ª # 41-55 Sur Local 9 180241 San José del Fragua, Caquetá","Se vende Apartamento de 1 habitaciones, con un área de 230.22 m², ubicada en el barrio Sabaneta, estrato 2. Ideal para familias o inversión.",2026-07-15 02:10:06.554106,2027-02-18 02:10:06.554106,1,230.22,5,2,Sabaneta,Reservado,Apartamento,2026-07-15 02:10:06,
56313444-da14-4b0b-b30e-77c625536328,780966624.38,"Cr. 79 Bis # 40H-99 Sur Casa 91 522233 Pupiales, Nariño","Se vende Apartamento de 1 habitaciones, con un área de 230.22 m², ubicada en el barrio Sabaneta, estrato 2. Ideal para familias o inversión.",2025-03-30 18:15:56.064217,2025-12-21 18:15:56.064217,1,230.22,4,2, Sabaneta ,En construcción,Apartamento,2025-03-30 18:15:56,
aa2f28b7-6887-4552-ac9b-b0f2c7cf4e61,447727785.39,"Cr. 8 Bis # 62-6 Este Torre 1 apartamento 53 477912 Pijiño del Carmen, Magdalena","Se vende Apartamento de 1 habitaciones, con un área de 230.22 m², ubicada en el barrio Sabaneta, estrato 2. Ideal para familias o inversión.",2026-05-06 02:44:46.837254,2027-03-02 02:44:46.837254,1,230.22,2,2, Sabaneta ,Vendido,Apartamento,2026-05-06 02:44:46,06/05/2026 02:44
7e53b029-729d-4cb7-b91b-8a756e78bd09,181478607.87,"Cl. 36 # 94L-2 Bodega 59 763373 Bugalagrande, Valle del Cauca","Se vende Apartamento de 1 habitaciones, con un área de 230.22 m², ubicada en el barrio Sabaneta, estrato 2. Ideal para familias o inversión.",2026-02-25 15:52:56.847268,2027-01-30 15:52:56.847268,1,230.22,3,2,Sabaneta,Disponible,Apartamento,2026-02-25 15:52:56,
32188452-5850-4b55-8952-d0d18998659c,506561122.69,Carrera 157 # 1-36 Sur 418956 Neiva,"Se vende Apartamento de 1 habitaciones, con un área de 230.22 m², ubicada en el barrio Sabaneta, estrato 2. Ideal para familias o inversión.",2026-04-08 09:09:41.511730,2027-04-01 09:09:41.511730,1,230.22,3,2,Sabaneta,En construcción,Apartamento,2026-04-08 09:09:41,
2753e728-7942-40ea-89e2-21aa576d7a0a,725830928.26,"Carrera 45 # 54-44 Este 133111 Barranco de Loba, Bolívar","Se vende Apartamento de 1 habitaciones, con un área de 230.22 m², ubicada en el barrio Sabaneta, estrato 2. Ideal para familias o inversión.",2025-03-26 02:46:23.840482,2025-06-16 02:46:23.840482,1,230.22,5,2,Sabaneta,Disponible,Apartamento,2025-03-26 02:46:23,
4954fedd-5e3e-4dd8-9795-7eb59ff71363,129681369.1,"Cr. 83 # 9-89 Este Etapa 1 apartamento 556 157826 Santana, Boyacá","Se vende Apartamento de 1 habitaciones, con un área de 230.22 m², ubicada en el barrio Sabaneta, estrato 2. Ideal para familias o inversión.",2025-12-21 13:42:25.712538,2026-06-14 13:42:25.712538,1,230.22,2,2,Sabaneta,Alquilado,Apartamento,2025-12-21 13:42:25,
87624d6e-882f-49a0-b331-ee1050ce1df4,910040898.53,"Carrera 52 # 67A-6 Apto. 66 507780 Granada, Meta","Se vende Apartamento de 1 habitaciones, con un área de 230.22 m², ubicada en el barrio Sabaneta, estrato 2. Ideal para familias o inversión.",2026-05-24 05:42:07.131276,2027-02-08 05:42:07.131276,1,230.22,2,2,Sabaneta,Reservado,Apartamento,2026-05-24 05:42:07,
23956402-a546-46bb-8a22-a5f6c92fa260,949092599.86,"Cl. 4M # 78C-4 Sur Etapa 6 apartamento 1 635999 La Tebaida, Quindío","Se vende Apartamento de 1 habitaciones, con un área de 230.22 m², ubicada en el barrio Sabaneta, estrato 2. Ideal para familias o inversión.",2025-08-08 12:21:42.380439,2025-10-23 12:21:42.380439,1,230.22,2,2,Sabaneta,Reservado,Apartamento,2025-08-08 12:21:42,08/08/2025 12:21
6fa49b8c-d6f2-4bcb-a353-995e4cdd5a5b,933948330.77,"Transversal 56 # 9-24 Sur Etapa 2 apartamento 3 689702 Sucre, Santander","Se vende Apartamento de 1 habitaciones, con un área de 230.22 m², ubicada en el barrio Sabaneta, estrato 2. Ideal para familias o inversión.",2024-12-24 16:40:03.845582,2025-07-20 16:40:03.845582,1,230.22,4,2,Sabaneta,Disponible,Apartamento,2024-12-24 16:40:03,
162ab989-4743-41fd-b425-c92fce3e1494,526906758.96,"Cl. 4G Este # 3-57 Este Apartamento 362 852867 Nunchía, Casanare","Se vende Apartamento de 1 habitaciones, con un área de 230.22 m², ubicada en el barrio Sabaneta, estrato 2. Ideal para familias o inversión.",2024-11-17 07:18:49.706118,2025-07-07 07:18:49.706118,1,230.22,2,2,Sabaneta,Reservado,Apartamento,2024-11-17 07:18:49,
29f99b11-7c8f-4426-9e59-f72c2882f076,406167039.75,"Av. calle 8ª # 19-2 Sur 709385 El Roble, Sucre","Se vende Apartamento de 1 habitaciones, con un área de 230.22 m², ubicada en el barrio Sabaneta, estrato 2. Ideal para familias o inversión.!!! ",2025-03-03 14:29:40.687942,2025-05-13 14:29:40.687942,1,230.22,1,dos,Sabaneta,Alquilado,Apartamento,2025-03-03 14:29:40,
a441c94e-3b84-47b0-a9f1-58ed6ca32403,847217473.23,"Transversal 129 # 1-4 703296 Caimito, Sucre","Se vende Apartamento de 1 habitaciones, con un área de 230.22 m², ubicada en el barrio Sabaneta, estrato 2. Ideal para familias o inversión.",2026-01-21 10:40:42.535810,2026-04-11 10:40:42.535810,1,230.22,3,2,SABANETA,Vendido,Apartamento,2026-01-21 10:40:42,
f2d7fd0e-41ff-4cf6-be88-30b69b9303f1,86388031.56,"Calle 138 # 1-2 Este 941185 San Felipe, Guainía","Se vende Apartamento de 1 habitaciones, con un área de 230.22 m², ubicada en el barrio Sabaneta, estrato 2. Ideal para familias o inversión.",2025-04-24 07:47:11.394264,2025-08-02 07:47:11.394264,1,230.22,4,2,Sabaneta,Vendido,Apartamento,2025-04-24 07:47:11,
424936cf-b804-4a87-b76d-dd311b536d98,476171400.28,"Carrera 21O # 83-3 Sur Oficina 630 704125 Morroa, Sucre","Se vende Apartamento de 1 habitaciones, con un área de 230.22 m², ubicada en el barrio Sabaneta, estrato 2. Ideal para familias o inversión.",2026-02-25 15:27:44.671562,2026-11-22 15:27:44.671562,16,230.22,1,2,Sabaneta,Disponible,Apartamento,2026-02-25 15:27:44,25/02/2026 15:27
e687272b-2e2c-434b-9f35-0ee348791ba7,293127732.02,"Cr. 50 # 6-3 Casa 1 174186 Marulanda, Caldas","Se  vende  Apartamento  de  1  habitaciones,  con  un  área  de  230.22  m²,  ubicada  en  el  barrio  Sabaneta,  estrato  2.  Ideal  para  familias  o  inversión. ",2026-05-28 15:23:56.907045,2026-07-06 15:23:56.907045,1,230.22,2,2, Sabaneta ,En construcción,Apartamento,2026-05-28 15:23:56,
aa867008-b1ca-4ce5-8b91-4080879789fd,551382930.59,"Cr. 43H Bis # 7-1 910900 La Chorrera, Amazonas","Vendo Apartamento de 1 habitaciones, con un área de 230.22 m², ubicada en el barrio Sabaneta, estrato 2. Ideal para familias o inversión. ",2026-03-12 04:48:18.940040,2027-02-16 04:48:18.940040,1,230.22,1,2,Sabaneta,Alquilado,Apartamento,2026-03-12 04:48:18,12/03/2026 04:48
8115cd62-b2da-4925-973c-08848b336bb5,336093634.86,"Avenida calle 6ª # 43-9 Sur Apto. 4 190681 Santa Rosa, Cauca","Se vende Apartamento de 1 habitaciones, con un área de 230.22 m², ubicada en el barrio Sabaneta, estrato 2. Ideal para familias o inversión.",2025-06-09 14:14:21.773955,2025-11-07 14:14:21.773955,1,230.22,1,2,Sabaneta,Vendido,Apartamento,2025-06-09 14:14:21,
3a20a4c8-e213-496c-82a8-e73906d45c59,657004145.56,"Cl. 64 # 4-7 Sur Torre 4 apartamento 25 156506 Maripí, Boyacá","Vendo Apartamento de 1 habitaciones, con un área de 230.22 m², ubicada en el barrio Sabaneta, estrato 2. Ideal para familias o inversión. ",2026-08-23 04:49:24.860196,2027-04-24 04:49:24.860196,1,230.22,5,2,Sabaneta,Reservado,Apartamento,2026-08-23 04:49:24,
efeafa3f-4514-49af-af43-6702d9033ffa,155315000.53,"Dg. 27K # 8-79 Este 766252 Florida, Valle del Cauca","Se vende Apartamento de 1 habitaciones, con un área de 230.22 m², ubicada en el barrio Sabaneta, estrato 2. Ideal para familias o inversión.",2026-04-20 00:18:18.124036,2026-06-21 00:18:18.124036,1,230.22,4,2, Sabaneta ,En construcción,Apartamento,2026-04-20 00:18:18,
c1055a7f-d003-46d3-beb3-678eec3096a4,65613584.6,"Calle 8ª # 7-42 Este 253639 Chocontá, Cundinamarca","Se vende Apartamento de 1 habitaciones, con un área de 230.22 m², ubicada en el barrio Sabaneta, estrato 2. Ideal para familias o inversión.",2026-01-17 06:37:22.399629,2026-11-17 06:37:22.399629,1,230.22,5,2,S@b@n3t@,En construcción,Apartamento,2026-01-17 06:37:22,
b2276af4-0052-4421-b02c-b36ba057dbc2,732617111.4,"Cl. 40 # 4W-7 Este 684035 Puerto Parra, Santander","Se vende Apartamento de 1 habitaciones, con un área de 230.22 m², ubicada en el barrio Sabaneta, estrato 2. Ideal para familias o inversión.",2024-11-03 00:38:04.430948,2025-04-05 00:38:04.430948,1,230.22,3,2,Sabaneta,Reservado,Apartamento,2024-11-03 00:38:04,03/11/2024 00:38
0c03a943-bbbb-4854-a5cd-9ccfb1cc27d5,634069103.64,"Carrera 43 # 86-5 Apartamento 21 682321 Piedecuesta, Santander","Se vende Apartamento de 1 habitaciones, con un área de 230.22 m², ubicada en el barrio Sabaneta, estrato 2. Ideal para familias o inversión.!!! ",2025-05-29 06:51:27.230707,2025-06-28 06:51:27.230707,16,230.22,2,2,Sabaneta,En construcción,Apartamento,2025-05-29 06:51:27,29/05/2025 06:51
0c977255-d90d-442c-b46c-a4a16708e5f3,227948216.21,"Av. carrera 75 # 8-77 Este 253471 Guayabetal, Cundinamarca","Se vende Apartamento de 1 habitaciones, con un área de 230.22 m², ubicada en el barrio Sabaneta, estrato 2. Ideal para familias o inversión.",2026-03-17 12:06:37.008440,2026-11-15 12:06:37.008440,1,230.22,1,2,  Sabaneta  ,En construcción,Apartamento,2026-03-17 12:06:37,
c1d05142-2792-4a8d-9d96-b431dfa3bb12,114295356.76,"Carrera 74 Este # 57-7 Este 686149 Jesús María, Santander","Se vende Apartamento de 1 habitaciones, con un área de 230.22 m², ubicada en el barrio Sabaneta, estrato 2. Ideal para familias o inversión.",2025-12-25 11:40:45.073940,2026-07-27 11:40:45.073940,1,230.22,5,2,Sabaneta,En construcción,Apartamento,2025-12-25 11:40:45,
4b2e3bde-c96b-43b1-a310-84ab22477a66,797091719.05,"Transversal 165 # 2-74 Local 33 080085 Usiacurí, Atlántico",,2025-12-23 00:37:04.378639,2026-10-08 00:37:04.378639,1,230.22,5,2,Sabaneta,En construcción,Apartamento,2025-12-23 00:37:04,
6466f6ae-f9e7-4018-8c96-5cf540a7c498,420931045.93,"Transversal 43X # 15-3 Sur 158750 Nobsa, Boyacá","Se vende Apartamento de 1 habitaciones, con un área de 230.22 m², ubicada en el barrio Sabaneta, estrato 2. Ideal para familias o inversión.",2026-10-01 07:37:23.397049,2026-11-10 07:37:23.397049,1,230.22,4,2,Sabaneta,Disponible,Apartamento,2026-10-01 07:37:23,01/10/2026 07:37
f2afb1c1-4950-462a-86dc-5605e72d3e0b,417537255.45,"Calle 7 Bis F # 9-94 Este Etapa 4 apartamento 3 156691 Tenza, Boyacá","Vendo Apartamento de 1 habitaciones, con un área de 230.22 m², ubicada en el barrio Sabaneta, estrato 2. Ideal para familias o inversión. ",2025-12-22 14:16:45.032893,2026-12-12 14:16:45.032893,1,230.22,3,dos,Sabaneta,Alquilado,Apartamento,2025-12-22 14:16:45,22/12/2025 14:16
38480599-e585-43c8-b71f-c2455f31282d,389239182.69,"Av. Andalucía # 2-7 Este 413640 Saladoblanco, Huila","Se vende Apartamento de 1 habitaciones, con un área de 230.22 m², ubicada en el barrio Sabaneta, estrato 2. Ideal para familias o inversión.",2026-07-16 00:24:35.836621,2026-08-23 00:24:35.836621,1,230.22,1,2, Sabaneta ,Alquilado,Apartamento,2026-07-16 00:24:35,
801a6b7a-ad8d-4589-b843-e9fc09f5622e,746293970.38,"Av. carrera 8ª # 33-4 Oficina 32 273728 Lloró, Chocó","Se vende Apartamento de 1 habitaciones, con un área de 230.22 m², ubicada en el barrio Sabaneta, estrato 2. Ideal para familias o inversión.",2025-08-06 19:57:06.340898,2026-01-06 19:57:06.340898,1,230.22,1,2,Sabaneta,En construcción,Apartamento,2025-08-06 19:57:06,06/08/2025 19:57
a8840b79-f7ed-4b10-86ff-119e094b23e0,176739110.37,"Cl. 49 # 11-1 Sur Etapa 7 apartamento 8 194161 Santander de Quilichao, Cauca","Se vende Apartamento de 1 habitaciones, con un área de 230.22 m², ubicada en el barrio Sabaneta, estrato 2. Ideal para familias o inversión.",2026-04-07 03:14:05.761893,2026-10-24 03:14:05.761893,1,230.22,3,2,Sabaneta,En construcción,Apartamento,2026-04-07 03:14:05,07/04/2026 03:14
dc146250-4f24-4e3b-b991-408eb5586ce6,822833422.28,"Cl. 165 # 6-45 Sur 059847 Argelia, Antioquia","Se vende Apartamento de 1 habitaciones, con un área de 230.22 m², ubicada en el barrio Sabaneta, estrato 2. Ideal para familias o inversión.",2026-04-08 12:14:45.980071,2026-10-28 12:14:45.980071,1,230.22,2,2,Sabaneta,Reservado,Apartamento,2026-04-08 12:14:45,
2c0381d0-fd99-47b8-bb4b-4f8735c71c7e,650149055.37,"Carrera 63 # 97-7 Este 526209 Tangua, Nariño","Se vende Apartamento de 1 habitaciones, con un área de 230.22 m², ubicada en el barrio Sabaneta, estrato 2. Ideal para familias o inversión.!!! ",2026-02-04 03:54:19.738674,2026-11-06 03:54:19.738674,1,230.22,2,2,Sabaneta,Disponible,Apartamento,2026-02-04 03:54:19,04/02/2026 03:54
d2e9cf39-95e9-4c9e-acfd-04c720880064,85134600.69,"Cl. 164P Sur # 92-18 Apartamento 67 479769 Ariguaní, Magdalena","Se vende Apartamento de 1 habitaciones, con un área de 230.22 m², ubicada en el barrio Sabaneta, estrato 2. Ideal para familias o inversión.",2025-02-20 14:51:26.265281,2025-11-11 14:51:26.265281,1,230.22,2,2, Sabaneta ,Disponible,Apartamento,2025-02-20 14:51:26,20/02/2025 14:51
2fad23f1-3986-49e5-b945-8afb3f5f9e3f,891500866.34,"Transversal 21 # 30-6 Sur 138333 San Fernando, Bolívar","Se vende Apartamento de 1 habitaciones, con un área de 230.22 m², ubicada en el barrio Sabaneta, estrato 2. Ideal para familias o inversión.",2025-10-05 01:27:19.111097,2026-02-14 01:27:19.111097,1,230.22,3,2,Sabaneta,Alquilado,Apartamento,2025-10-05 01:27:19,05/10/2025 01:27
34d57701-cda6-49b0-ae51-679480272d5f,428312852.9,"Cl. 96W # 53N-23 Sur 233991 San Bernardo del Viento, Córdoba","Se vende Apartamento de 1 habitaciones, con un área de 230.22 m², ubicada en el barrio Sabaneta, estrato 2. Ideal para familias o inversión.",2026-04-19 02:37:50.495933,2027-02-06 02:37:50.495933,1,230.22,5,2,Sabaneta,Reservado,Apartamento,2026-04-19 02:37:50,
2d02c941-5f13-4d24-8372-b7c0f721f620,84789732.96,"Carrera 7ª # 95K-42 136904 San Martín de Loba, Bolívar","Se vende Apartamento de 1 habitaciones, con un área de 230.22 m², ubicada en el barrio Sabaneta, estrato 2. Ideal para familias o inversión.",2024-12-09 09:14:30.724128,2025-05-17 09:14:30.724128,1,230.22,2,2,Sabaneta,Alquilado,Apartamento,2024-12-09 09:14:30,
8c6dcc5e-04a9-4ae3-8f5c-635702743ed9,869031603.95,"Cr. 60 # 5-81 Este 947294 Puerto Colombia, Guainía","Se vende Apartamento de 1 habitaciones, con un área de 230.22 m², ubicada en el barrio Sabaneta, estrato 2. Ideal para familias o inversión.",2025-07-22 02:29:57.068701,2026-02-19 02:29:57.068701,1,230.22,1,2,Sabaneta,Alquilado,Apartamento,2025-07-22 02:29:57,22/07/2025 02:29
29c45822-f79e-4646-8360-6da5a921dbd2,168251257.83,"Diagonal 12 # 75-8 Sur Etapa 7 apartamento 12 760276 Bugalagrande, Valle del Cauca","Se vende Apartamento de 1 habitaciones, con un área de 230.22 m², ubicada en el barrio Sabaneta, estrato 2. Ideal para familias o inversión.",2026-06-03 16:13:12.981450,2026-11-19 16:13:12.981450,1,230.22,3,2,Sabaneta,Reservado,Apartamento,2026-06-03 16:13:12,
be844add-17f6-4441-8293-d373ae7111ea,756142320.24,"Avenida carrera 104 # 32-8 Este 541259 Los Patios, Norte de Santander","Se vende Apartamento de 1 habitaciones, con un área de 230.22 m², ubicada en el barrio Sabaneta, estrato 2. Ideal para familias o inversión.",2026-04-12 19:57:13.002429,2026-12-02 19:57:13.002429,1,230.22,4,2,Sabaneta,Alquilado,Apartamento,2026-04-12 19:57:13,12/04/2026 19:57
c8700def-2b84-492f-8a10-6d92a3670493,521393065.21,"Av. calle 61 # 90F-61 Este Torre 4 apartamento 49 152662 Soracá, Boyacá","Se  vende  Apartamento  de  1  habitaciones,  con  un  área  de  230.22  m²,  ubicada  en  el  barrio  Sabaneta,  estrato  2.  Ideal  para  familias  o  inversión. ",2025-09-23 18:00:31.864718,2026-01-26 18:00:31.864718,1,230.22,4,2,Sabaneta,Alquilado,Apartamento,2025-09-23 18:00:31,23/09/2025 18:00
84eb2980-c0bc-4a66-a018-12c4f53c8266,303384661.01,"Av. carrera 26 # 86-64 Oficina 4 156749 Tinjacá, Boyacá","Se vende Apartamento de 1 habitaciones, con un área de 230.22 m², ubicada en el barrio Sabaneta, estrato 2. Ideal para familias o inversión.",2025-08-19 05:37:17.275987,2026-06-10 05:37:17.275987,1,230.22,1,2,Sabaneta,Reservado,Apartamento,2025-08-19 05:37:17,19/08/2025 05:37
89a4ea9a-949e-431c-8a4a-8fb4e0b4ef5d,459076794.4,"Tr. 56 # 61-2 Este 134192 Montecristo, Bolívar","Se vende Apartamento de 1 habitaciones, con un área de 230.22 m², ubicada en el barrio Sabaneta, estrato 2. Ideal para familias o inversión.",2025-01-01 23:51:40.977623,2025-03-12 23:51:40.977623,1,230.22,2,2,Sabaneta,En construcción,Apartamento,2025-01-01 23:51:40,
4f2c79a6-7521-49be-9919-741f7989878a,355150856.8,"Diagonal 9ª # 21-33 Este 948887 Barrancominas, Guainía",,2026-08-01 06:07:45.459314,2027-01-28 06:07:45.459314,1,230.22,1,2,Sabaneta,Alquilado,Apartamento,2026-08-01 06:07:45,
4101d176-c10b-4320-9d35-e0756d26a537,341171063.29,"Dg. 2B # 94Q-35 Sur Bodega 6 059321 Santa Fé de Antioquia, Antioquia","Se vende Apartamento de 1 habitaciones, con un área de 230.22 m², ubicada en el barrio Sabaneta, estrato 2. Ideal para familias o inversión.",2026-02-26 04:15:48.586140,2026-08-26 04:15:48.586140,1,230.22,5,2,sabaneta,Reservado,Apartamento,2026-02-26 04:15:48,
d15aef49-768c-4169-8074-db03f2f8da40,705276568.02,Cl. 40 Sur # 3-5 055859 Medellín,"Se vende Apartamento de 1 habitaciones, con un área de 230.22 m², ubicada en el barrio Sabaneta, estrato 2. Ideal para familias o inversión.",2026-09-20 02:10:29.068418,2027-01-13 02:10:29.068418,1,230.22,3,2,SABANETA,Reservado,Apartamento,2026-09-20 02:10:29,
a4649460-cc53-417a-8dbc-6f74df01f55f,740473675.93,"Transversal 162 # 51-4 Este 234626 Moñitos, Córdoba","Se vende Apartamento de 1 habitaciones, con un área de 230.22 m², ubicada en el barrio Sabaneta, estrato 2. Ideal para familias o inversión.",2026-09-05 17:09:05.159869,2026-10-26 17:09:05.159869,1,230.22,3,2,Sabaneta,En construcción,Apartamento,2026-09-05 17:09:05,05/09/2026 17:09
77b010bd-2c28-4d5d-a9d9-e012eb179004,310827592.07,Cl. 28 # 66-21 Sur 816609 Arauca,"Se vende Apartamento de 1 habitaciones, con un área de 230.22 m², ubicada en el barrio Sabaneta, estrato 2. Ideal para familias o inversión.",2025-07-05 04:17:30.075330,2026-03-14 04:17:30.075330,1,230.22,1,2,Sabaneta,Disponible,Apartamento,2025-07-05 04:17:30,05/07/2025 04:17
48f80fb7-1f15-4c2b-a05f-6453813738cc,435899719.93,"Calle 197Q Bis # 6-5 Este Casa 40 256361 Topaipí, Cundinamarca","Se vende Apartamento de 1 habitaciones, con un área de 230.22 m², ubicada en el barrio Sabaneta, estrato 2. Ideal para familias o inversión.",2026-08-01 12:31:33.412694,2027-07-23 12:31:33.412694,1,230.22,5,2,Sabaneta,Vendido,Apartamento,2026-08-01 12:31:33,
be7c677b-e952-4064-b04d-a6bb3201ded5,185640494.94,"Calle 108 # 72-52 158896 Boavita, Boyacá","Se vende Apartamento de 1 habitaciones, con un área de 230.22 m², ubicada en el barrio Sabaneta, estrato 2. Ideal para familias o inversión.",2025-04-22 08:03:36.952671,2025-06-06 08:03:36.952671,1,230.22,5,2,Sabaneta,Reservado,Apartamento,2025-04-22 08:03:36,22/04/2025 08:03
86753aae-d7e0-4ddc-a913-1e59b01efddf,169918523.09,"Cr. 24 Este # 25N-2 528446 Policarpa, Nariño","Se vende Apartamento de 1 habitaciones, con un área de 230.22 m², ubicada en el barrio Sabaneta, estrato 2. Ideal para familias o inversión.",2026-08-08 05:45:00.966783,2026-09-24 05:45:00.966783,1,230.22,2,dos,Sabaneta,Alquilado,Apartamento,2026-08-08 05:45:00,
d50444ea-1e5c-42cd-bbdf-14689bb3a60e,413711681.6,"Transversal 87E # 28-7 138706 Turbaco, Bolívar","Se vende Apartamento de 1 habitaciones, con un área de 230.22 m², ubicada en el barrio Sabaneta, estrato 2. Ideal para familias o inversión.",2026-03-23 13:15:30.123380,2026-10-24 13:15:30.123380,1,230.22,5,dos,Sabaneta,Disponible,Apartamento,2026-03-23 13:15:30,
515b2772-c9b0-425a-bfd5-3606eeaf06c4,195766255.22,"Diagonal 9ª # 7-80 Sur 052832 Argelia, Antioquia","Se vende Apartamento de 1 habitaciones, con un área de 230.22 m², ubicada en el barrio Sabaneta, estrato 2. Ideal para familias o inversión.",2025-12-30 12:30:47.515723,2026-12-04 12:30:47.515723,1,230.22,4,2,Sabaneta,Alquilado,Apartamento,2025-12-30 12:30:47,
b0f41632-c43d-4fe7-b81e-6ff64a8590df,471742324.72,"Carrera 148G # 8B-8 154430 Gachantivá, Boyacá","Se vende Apartamento de 1 habitaciones, con un área de 230.22 m², ubicada en el barrio Sabaneta, estrato 2. Ideal para familias o inversión.",2025-02-07 20:54:54.918820,2025-09-15 20:54:54.918820,1,230.22,1,2,Sabaneta,En construcción,Apartamento,2025-02-07 20:54:54,
83a96193-dc98-49be-b70b-7b1f18fba440,552986887.46,"Carrera 91 # 72-2 Sur 702650 La Unión, Sucre","SE VENDE APARTAMENTO DE 1 HABITACIONES, CON UN ÁREA DE 230.22 M², UBICADA EN EL BARRIO SABANETA, ESTRATO 2. IDEAL PARA FAMILIAS O INVERSIÓN.",2025-06-23 04:48:23.016000,2025-10-01 04:48:23.016000,1,230.22,4,dos,Sabaneta,Alquilado,Apartamento,2025-06-23 04:48:23,
18e4e574-d772-4f45-98f2-20344491e7ba,314755277.98,"Carrera 75E # 4-2 Torre 8 apartamento 746 258417 Madrid, Cundinamarca","Se  vende  Apartamento  de  1  habitaciones,  con  un  área  de  230.22  m²,  ubicada  en  el  barrio  Sabaneta,  estrato  2.  Ideal  para  familias  o  inversión. ",2024-10-11 09:13:22.613513,2025-10-08 09:13:22.613513,1,230.22,1,2,Sabaneta,Disponible,Apartamento,2024-10-11 09:13:22,11/10/2024 09:13
331d2a7d-6d55-43b4-974b-39f5a8213ea6,524091762.24,"Carrera 125 # 76-38 Oficina 70 157416 Saboyá, Boyacá","Se vende Apartamento de 1 habitaciones, con un área de 230.22 m², ubicada en el barrio Sabaneta, estrato 2. Ideal para familias o inversión.",2025-05-02 10:47:53.281989,2025-09-04 10:47:53.281989,1,230.22,4,2,Sabaneta,En construcción,Apartamento,2025-05-02 10:47:53,
c8bb3de8-ad37-43ae-b1fb-d18a2efdd7ee,298687842.76,"Av. Marina Gutiérrez # 46-3 Este Casa 38 053056 Ebéjico, Antioquia","Se vende Apartamento de 1 habitaciones, con un área de 230.22 m², ubicada en el barrio Sabaneta, estrato 2. Ideal para familias o inversión.",2026-09-05 21:38:01.158907,2026-12-04 21:38:01.158907,1,230.22,3,2,Sabaneta,Reservado,Apartamento,2026-09-05 21:38:01,05/09/2026 21:38
325fa9ed-9c20-440a-a983-f47b2d5635a8,996546856.55,"Dg. 42 # 7-1 Sur 251892 Lenguazaque, Cundinamarca","Se vende Apartamento de 1 habitaciones, con un área de 230.22 m², ubicada en el barrio Sabaneta, estrato 2. Ideal para familias o inversión.",2025-10-14 18:53:01.044504,2026-03-02 18:53:01.044504,1,230.22,3,dos,Sabaneta,Reservado,Apartamento,2025-10-14 18:53:01,14/10/2025 18:53
708f5708-4c47-45a6-9845-9c7f7d336f3a,166505550.81,"Tr. 156H # 78-1 Sur Oficina 1 156684 Sutatenza, Boyacá","Se vende Apartamento de 1 habitaciones, con un área de 230.22 m², ubicada en el barrio Sabaneta, estrato 2. Ideal para familias o inversión.",2026-09-29 19:16:06.670362,2027-02-08 19:16:06.670362,1,230.22,1,2,Sabaneta,Reservado,Apartamento,2026-09-29 19:16:06,29/09/2026 19:16
63e7caa0-18ab-4a73-87a2-5e1e78abf0ea,903745079.25,"Carrera 29 # 84-6 Sur Etapa 6 apartamento 70 520005 La Florida, Nariño","Se vende Apartamento de 1 habitaciones, con un área de 230.22 m², ubicada en el barrio Sabaneta, estrato 2. Ideal para familias o inversión.",2024-12-25 17:30:09.970062,2025-04-22 17:30:09.970062,1,230.22,4,2,Sabaneta,Disponible,Apartamento,2024-12-25 17:30:09,
799c7bf3-3efd-42e1-9d67-219be16099fc,684447800.96,"Cl. 79 # 2-3 Este 159895 Arcabuco, Boyacá","Se vende Apartamento de 1 habitaciones, con un área de 230.22 m², ubicada en el barrio Sabaneta, estrato 2. Ideal para familias o inversión.",2025-05-16 15:54:27.751205,2025-11-25 15:54:27.751205,1,230.22,1,2, Sabaneta ,En construcción,Apartamento,2025-05-16 15:54:27,
fcc75975-0445-4148-be95-fb28c8212a87,325844168.64,"Tr. 182G # 4-7 Este Apartamento 41 158954 Macanal, Boyacá","Se vende Apartamento de 1 habitaciones, con un área de 230.22 m², ubicada en el barrio Sabaneta, estrato 2. Ideal para familias o inversión.",2026-04-01 18:45:31.396829,2027-02-02 18:45:31.396829,1,230.22,3,2,Sabaneta,Vendido,Apartamento,2026-04-01 18:45:31,01/04/2026 18:45
8d93cb58-ee6f-4d22-ae39-759bc6eb462d,215386459.26,"Cl. 52 # 1-4 Este 506880 San Juan de Arama, Meta","Se vende Apartamento de 1 habitaciones, con un área de 230.22 m², ubicada en el barrio Sabaneta, estrato 2. Ideal para familias o inversión.",2026-03-10 03:33:24.176277,2027-03-01 03:33:24.176277,1,230.22,3,2,Sabaneta,En construcción,Apartamento,2026-03-10 03:33:24,10/03/2026 03:33
5df3d05d-0dce-4d1f-8665-65c2c5c1f9a1,165294332.32,"Calle 13 # 8Z-98 Este 766943 Bugalagrande, Valle del Cauca","Se vende Apartamento de 1 habitaciones, con un área de 230.22 m², ubicada en el barrio Sabaneta, estrato 2. Ideal para familias o inversión.",2026-05-24 08:04:57.549837,2026-10-15 08:04:57.549837,1,230.22,2,2,Sabaneta,Vendido,Apartamento,2026-05-24 08:04:57,24/05/2026 08:04
288cc8b8-6dff-4b8e-8442-859e8d00ad6b,800854407.77,"Cr. 34 # 4-40 Este Etapa 4 apartamento 58 253083 Quetame, Cundinamarca","Se vende Apartamento de 1 habitaciones, con un área de 230.22 m², ubicada en el barrio Sabaneta, estrato 2. Ideal para familias o inversión.",2026-03-16 16:55:13.026726,2026-08-14 16:55:13.026726,1,230.22,1,2,sabaneta,Alquilado,Apartamento,2026-03-16 16:55:13,16/03/2026 16:55
664b4bd2-a6cd-4126-9a0e-54a53f36f09e,593663536.76,"Calle 53L # 1-9 Este 509450 San Juan de Arama, Meta","Se vende Apartamento de 1 habitaciones, con un área de 230.22 m², ubicada en el barrio Sabaneta, estrato 2. Ideal para familias o inversión.",2024-12-30 04:58:08.527928,2025-11-08 04:58:08.527928,1,230.22,4,2,Sabaneta,En construcción,Apartamento,2024-12-30 04:58:08,
c055064d-b3e7-43f9-b90a-08c7ac36c89d,631350944.49,"Cl. 66 # 8-2 Sur 154396 Cómbita, Boyacá","Se vende Apartamento de 1 habitaciones, con un área de 230.22 m², ubicada en el barrio Sabaneta, estrato 2. Ideal para familias o inversión.",2026-09-21 07:15:52.522088,2026-12-26 07:15:52.522088,1,230.22,1,2,SABANETA,Disponible,Apartamento,2026-09-21 07:15:52,21/09/2026 07:15
a6fcea0b-4834-41f8-a5e0-6f50e89be1fd,428251981.73,"Avenida calle 4ª # 2-7 190422 La Vega, Cauca","Se vende Apartamento de 1 habitaciones, con un área de 230.22 m², ubicada en el barrio Sabaneta, estrato 2. Ideal para familias o inversión.",2025-02-15 22:16:49.968627,2025-08-22 22:16:49.968627,1,230.22,4,2, SABANETA ,En construcción,Apartamento,2025-02-15 22:16:49,15/02/2025 22:16
7899ba08-315c-427f-9ce7-2a1e332c1dba,780706322.86,"Avenida calle 30 # 5-31 Este Apto. 9 636601 Filandia, Quindío","Se vende Apartamento de 1 habitaciones, con un área de 230.22 m², ubicada en el barrio Sabaneta, estrato 2. Ideal para familias o inversión.",2025-09-03 17:20:14.566823,2026-05-01 17:20:14.566823,1,230.22,5,2,Sabaneta,Disponible,Apartamento,2025-09-03 17:20:14,
c165b824-72a3-4acf-ac82-839fceb7ab8f,973760744.94,"Carrera 13 # 94-2 Apto. 91 057972 Betania, Antioquia","SE VENDE APARTAMENTO DE 1 HABITACIONES, CON UN ÁREA DE 230.22 M², UBICADA EN EL BARRIO SABANETA, ESTRATO 2. IDEAL PARA FAMILIAS O INVERSIÓN.",2025-12-18 08:37:24.412208,2026-03-22 08:37:24.412208,1,230.22,1,2,Sabaneta,Reservado,Apartamento,2025-12-18 08:37:24,18/12/2025 08:37
0e5c48e1-faea-451d-93b9-961848e3a5a5,696103541.12,"Cr. 73 # 31-27 Etapa 2 apartamento 92 150366 Chinavita, Boyacá","Se vende Apartamento de 1 habitaciones, con un área de 230.22 m², ubicada en el barrio Sabaneta, estrato 2. Ideal para familias o inversión.",2026-05-31 22:15:34.670371,2027-02-23 22:15:34.670371,1,230.22,3,2,Sabaneta,Vendido,Apartamento,2026-05-31 22:15:34,31/05/2026 22:15
f111df6e-f481-49d2-98ab-4179aa0522a5,657804232.9,"Carrera 54 Bis E # 5-81 Este Local 211 279226 Atrato, Chocó","Se vende Apartamento de 1 habitaciones, con un área de 230.22 m², ubicada en el barrio Sabaneta, estrato 2. Ideal para familias o inversión.",2024-12-19 15:39:48.260232,2025-10-27 15:39:48.260232,1,230.22,2,2,  Sabaneta  ,Vendido,Apartamento,2024-12-19 15:39:48,
f63e962c-9f68-40e5-a9a8-b9a90af36c75,527720597.13,"Avenida calle 2ª # 34-2 Sur 252677 Simijaca, Cundinamarca","se vende apartamento de 1 habitaciones, con un área de 230.22 m², ubicada en el barrio sabaneta, estrato 2. ideal para familias o inversión. ",2025-07-02 23:10:31.342602,2026-03-10 23:10:31.342602,1,230.22,1,2,Sabaneta,Disponible,Apartamento,2025-07-02 23:10:31,
33fc6586-52ac-4875-b6e1-b77f6d929309,195364693.47,"Carrera 98 # 48-7 199523 Florencia, Cauca","Se vende Apartamento de 1 habitaciones, con un área de 230.22 m², ubicada en el barrio Sabaneta, estrato 2. Ideal para familias o inversión.",2026-10-02 23:55:54.740977,2027-07-24 23:55:54.740977,1,230.22,2,2,Sabaneta,Vendido,Apartamento,2026-10-02 23:55:54,
cea456d0-65fb-4bdb-a78d-ad40efab6782,938000944.81,"Av. calle 60 # 5-82 Torre 2 apartamento 40 685872 Chipatá, Santander","Se vende Apartamento de 1 habitaciones, con un área de 230.22 m², ubicada en el barrio Sabaneta, estrato 2. Ideal para familias o inversión.",2025-12-04 17:15:11.190066,2026-06-17 17:15:11.190066,1,230.22,2,2,Sabaneta,Alquilado,Apartamento,2025-12-04 17:15:11,
a92661e4-6a86-46ae-a4a2-6145d818a9b8,900179620.98,"Cr. 29 # 39-1 Torre 4 apartamento 4 682606 Chima, Santander","Se vende Apartamento de 1 habitaciones, con un área de 230.22 m², ubicada en el barrio Sabaneta, estrato 2. Ideal para familias o inversión.",2026-06-08 11:18:54.925161,2027-03-30 11:18:54.925161,1,230.22,1,2,Sabaneta,Alquilado,Apartamento,2026-06-08 11:18:54,08/06/2026 11:18
ac653076-9f3b-49ed-85bf-825fe17f3862,653304236.82,"Cl. 104 # 1-1 Este 132847 El Carmen de Bolívar, Bolívar","Se vende Apartamento de 1 habitaciones, con un área de 230.22 m², ubicada en el barrio Sabaneta, estrato 2. Ideal para familias o inversión.",2025-06-30 03:21:30.742918,2025-11-07 03:21:30.742918,1,230.22,5,2,Sabaneta,Alquilado,Apartamento,2025-06-30 03:21:30,30/06/2025 03:21
49588b2d-74a1-4cdf-8245-2f28e91ea8ca,643771243.38,"Cl. 52 # 46Q-72 Este 768498 Obando, Valle del Cauca","Se vende Apartamento de 1 habitaciones, con un área de 230.22 m², ubicada en el barrio Sabaneta, estrato 2. Ideal para familias o inversión.",2026-04-08 00:34:27.090815,2026-07-11 00:34:27.090815,1,230.22,5,2,Sabaneta,En construcción,Apartamento,2026-04-08 00:34:27,
ae8e38a8-f77e-4da8-90d3-e79b2a8252d4,527444487.5,"Diagonal 46 # 2-61 Este 547566 Ocaña, Norte de Santander","Se vende Apartamento de 1 habitaciones, con un área de 230.22 m², ubicada en el barrio Sabaneta, estrato 2. Ideal para familias o inversión.",2024-11-16 05:46:53.854962,2025-02-01 05:46:53.854962,1,230.22,2,2,Sabaneta,En construcción,Apartamento,2024-11-16 05:46:53,
81b82114-dca8-4102-b7f0-f3b0afb996c2,196484553.54,"Cl. 40 # 1-89 Apartamento 42 503904 Acacías, Meta","se vende apartamento de 1 habitaciones, con un área de 230.22 m², ubicada en el barrio sabaneta, estrato 2. ideal para familias o inversión. ",2026-04-28 05:34:19.079984,2027-03-21 05:34:19.079984,1,230.22,5,2, Sabaneta ,En construcción,Apartamento,2026-04-28 05:34:19,
d19a3bc5-7d5c-4cee-a258-11f8c72e8c7a,850403503.91,"Dg. 28 # 12-7 Sur 136521 Tiquisio, Bolívar","Se vende Apartamento de 1 habitaciones, con un área de 230.22 m², ubicada en el barrio Sabaneta, estrato 2. Ideal para familias o inversión.",2024-11-10 10:26:32.962940,2025-05-31 10:26:32.962940,1,230.22,5,2,Sabaneta,Disponible,Apartamento,2024-11-10 10:26:32,
3a0c2c2e-301b-433d-9519-0edddce0649a,127161712.15,"Cr. 8 Bis # 65-74 Etapa 3 apartamento 31 053228 Peñol, Antioquia","Se vende Apartamento de 1 habitaciones, con un área de 230.22 m², ubicada en el barrio Sabaneta, estrato 2. Ideal para familias o inversión.",2025-12-08 15:49:22.058982,2026-01-21 15:49:22.058982,1,230.22,5,2, Sabaneta ,Alquilado,Apartamento,2025-12-08 15:49:22,08/12/2025 15:49
9a149ed7-ae90-42e6-83fa-070365a99983,250267960.72,"Carrera 124 # 5-6 Sur Torre 4 apartamento 21 542481 El Zulia, Norte de Santander","Se vende Apartamento de 1 habitaciones, con un área de 230.22 m², ubicada en el barrio Sabaneta, estrato 2. Ideal para familias o inversión.",2026-07-18 23:02:42.885541,2027-07-16 23:02:42.885541,1,230.22,5,2,Sabaneta,Reservado,Apartamento,2026-07-18 23:02:42,
36d41c83-c918-4281-900d-99cdff153f46,657041632.6,"Avenida carrera 76 # 8V-62 Este Bodega 542 199705 Buenos Aires, Cauca","Se vende Apartamento de 1 habitaciones, con un área de 230.22 m², ubicada en el barrio Sabaneta, estrato 2. Ideal para familias o inversión.",2024-12-10 12:23:47.237738,2025-11-21 12:23:47.237738,1,230.22,4,2,Sabaneta,En construcción,Apartamento,2024-12-10 12:23:47,10/12/2024 12:23
b41765cf-44b9-4fff-86b8-9e6a26787dbe,659811924.84,"Dg. 5ª # 7-29 Local 284 449038 Albania, La Guajira","Se vende Apartamento de 1 habitaciones, con un área de 230.22 m², ubicada en el barrio Sabaneta, estrato 2. Ideal para familias o inversión.",2026-06-15 11:19:30.740347,2026-12-10 11:19:30.740347,1,230.22,3,2,Sabaneta,Reservado,Apartamento,2026-06-15 11:19:30,
551773e3-988c-4994-a7b7-8d5e8cd22fca,814453746.5,"Cl. 65 # 23P-57 Sur Apto. 671 702166 Ovejas, Sucre","Se vende Apartamento de 1 habitaciones, con un área de 230.22 m², ubicada en el barrio Sabaneta, estrato 2. Ideal para familias o inversión.",2025-07-16 22:12:41.372926,2025-12-18 22:12:41.372926,1,230.22,4,2,Sabaneta,Alquilado,Apartamento,2025-07-16 22:12:41,
a9bbcd7e-aa32-4311-9604-ba47e27972dc,119324374.23,Tr. 130G Sur # 56V-34 Bodega 39 179605 Manizales,"SE VENDE APARTAMENTO DE 1 HABITACIONES, CON UN ÁREA DE 230.22 M², UBICADA EN EL BARRIO SABANETA, ESTRATO 2. IDEAL PARA FAMILIAS O INVERSIÓN.",2024-11-03 07:13:11.322095,2025-07-23 07:13:11.322095,1,230.22,1,2,Sabaneta,Vendido,Apartamento,2024-11-03 07:13:11,
725aebff-a16f-4b29-8f1f-05386d27201f,444840658.9,"Avenida Archipiélago de San Andrés, Providencia y Santa Catalina # 3-44 Sur Oficina 278 254201 Ubalá, Cundinamarca","Se  vende  Apartamento  de  1  habitaciones,  con  un  área  de  230.22  m²,  ubicada  en  el  barrio  Sabaneta,  estrato  2.  Ideal  para  familias  o  inversión. ",2025-01-17 20:57:10.587885,2025-09-29 20:57:10.587885,1,230.22,4,2,Sabaneta,Vendido,Apartamento,2025-01-17 20:57:10,17/01/2025 20:57
bbc7ec86-d24f-411b-8682-1a281f06bf6a,626327249.68,"Cr. 3ª # 1-35 Sur 730893 Natagaima, Tolima","Se vende Apartamento de 1 habitaciones, con un área de 230.22 m², ubicada en el barrio Sabaneta, estrato 2. Ideal para familias o inversión.",2026-08-25 09:44:27.599073,2027-03-17 09:44:27.599073,1,230.22,3,2, SABANETA ,Alquilado,Apartamento,2026-08-25 09:44:27,
0e59e9cc-2e09-4abc-b027-31a8bd3f14ce,976605421.52,"Cr. 4ª # 38-7 762791 El Dovio, Valle del Cauca","Se vende Apartamento de 1 habitaciones, con un área de 230.22 m², ubicada en el barrio Sabaneta, estrato 2. Ideal para familias o inversión.",2026-08-19 11:20:44.516004,2027-03-13 11:20:44.516004,1,230.22,2,2,Sabaneta,Alquilado,Apartamento,2026-08-19 11:20:44,19/08/2026 11:20
9c543b37-e3ee-495f-b58c-9c440210edbd,583568654.96,"Diagonal 96 # 81K-72 Sur Apartamento 604 197766 San Sebastián, Cauca","Vendo Apartamento de 1 habitaciones, con un área de 230.22 m², ubicada en el barrio Sabaneta, estrato 2. Ideal para familias o inversión. ",2025-06-17 14:32:27.867047,2026-04-06 14:32:27.867047,1,230.22,3,2,Sabaneta,Vendido,Apartamento,2025-06-17 14:32:27,17/06/2025 14:32
5ccafe10-682d-41be-9e25-adbb8f81f41f,166395813.63,"Carrera 9P # 8-9 Este Oficina 769 171110 Pácora, Caldas","Se vende Apartamento de 1 habitaciones, con un área de 230.22 m², ubicada en el barrio Sabaneta, estrato 2. Ideal para familias o inversión.",2025-02-12 13:18:47.766793,2025-11-07 13:18:47.766793,1,230.22,4,dos,Sabaneta,Vendido,Apartamento,2025-02-12 13:18:47,12/02/2025 13:18
78d44dc9-fff9-456e-923b-f2a36dcf8ddd,141971069.93,"Cr. 77 # 16U-6 271371 Medio San Juan, Chocó","Se vende Apartamento de 1 habitaciones, con un área de 230.22 m², ubicada en el barrio Sabaneta, estrato 2. Ideal para familias o inversión.",2026-05-18 00:12:34.388284,2026-08-28 00:12:34.388284,1,230.22,3,2,Sabaneta,Reservado,Apartamento,2026-05-18 00:12:34,18/05/2026 00:12
b182af11-6cd2-4ac2-809c-7b0c5ad2a186,447228006.17,"Diagonal 152Q Bis # 73N-48 Este 250002 Supatá, Cundinamarca","Se vende Apartamento de 1 habitaciones, con un área de 230.22 m², ubicada en el barrio Sabaneta, estrato 2. Ideal para familias o inversión.",2025-10-12 02:23:05.225834,2026-09-22 02:23:05.225834,1,230.22,2,2,Sabaneta,Alquilado,Apartamento,2025-10-12 02:23:05,
b99c9257-66e6-460d-b5fb-a6cf7ad15519,735072007.38,"Cr. 5 Bis Y # 6F-4 Oficina 325 056312 Sonsón, Antioquia","Se vende Apartamento de 1 habitaciones, con un área de 230.22 m², ubicada en el barrio Sabaneta, estrato 2. Ideal para familias o inversión.",2026-01-20 01:59:09.817662,2026-12-11 01:59:09.817662,1,230.22,2,2,Sabaneta,Vendido,Apartamento,2026-01-20 01:59:09,
24d167b5-7b0d-43b2-9d0b-d62cf37c784c,996170940.54,"Cr. 53 # 4-7 Sur 680275 Málaga, Santander","se vende apartamento de 1 habitaciones, con un área de 230.22 m², ubicada en el barrio sabaneta, estrato 2. ideal para familias o inversión. ",2024-12-13 11:09:23.651902,2025-09-24 11:09:23.651902,1,230.22,4,2,Sabaneta,Reservado,Apartamento,2024-12-13 11:09:23,
08f700c0-7137-4f6b-8ac7-74b9e66a43bd,522501759.4,"Cl. 22 # 6-4 Sur Apto. 3 257911 Une, Cundinamarca","Se vende Apartamento de 1 habitaciones, con un área de 230.22 m², ubicada en el barrio Sabaneta, estrato 2. Ideal para familias o inversión.",2026-01-30 21:51:42.103477,2026-08-05 21:51:42.103477,1,230.22,1,2,Sabaneta,Reservado,Apartamento,2026-01-30 21:51:42,30/01/2026 21:51
735af7a1-9eee-4e50-bded-de619ce87e15,484369110.08,"Calle 12 # 6-6 Sur 056572 El Bagre, Antioquia","Se vende Apartamento de 1 habitaciones, con un área de 230.22 m², ubicada en el barrio Sabaneta, estrato 2. Ideal para familias o inversión.",2024-12-18 21:00:01.762031,2025-10-02 21:00:01.762031,1,230.22,2,2,Sabaneta,Vendido,Apartamento,2024-12-18 21:00:01,18/12/2024 21:00
d59d6360-db3b-4e7b-bae1-6da192391024,385250334.41,"Cl. 13L Sur # 2-33 Sur Apartamento 31 998088 Santa Rosalía, Vichada","se vende apartamento de 1 habitaciones, con un área de 230.22 m², ubicada en el barrio sabaneta, estrato 2. ideal para familias o inversión. ",2026-10-03 02:27:46.185154,2027-08-27 02:27:46.185154,1,230.22,1,2,Sabaneta,Alquilado,Apartamento,2026-10-03 02:27:46,
854bebc1-0f61-41a9-afae-a15ebe5dc44a,617642832.46,"Dg. 161I # 59-3 203423 Bosconia, Cesar","SE VENDE APARTAMENTO DE 1 HABITACIONES, CON UN ÁREA DE 230.22 M², UBICADA EN EL BARRIO SABANETA, ESTRATO 2. IDEAL PARA FAMILIAS O INVERSIÓN. ",2025-04-24 05:51:41.866812,2026-02-01 05:51:41.866812,1,230.22,4,2,Sabaneta,Alquilado,Apartamento,2025-04-24 05:51:41,
558d18ff-790d-490b-a116-c2beaf4fc254,57768535.65,"Cl. 2U # 90-5 Este Oficina 895 739663 Santa Isabel, Tolima","Se vende Apartamento de 1 habitaciones, con un área de 230.22 m², ubicada en el barrio Sabaneta, estrato 2. Ideal para familias o inversión.",2026-09-03 00:58:15.997773,2027-07-04 00:58:15.997773,1,230.22,1,2,SABANETA,Reservado,Apartamento,2026-09-03 00:58:15,03/09/2026 00:58
e9155dc4-ff7d-44d5-8129-ae9c3dcac025,726781249.15,"Calle 42 # 50-7 Este 081124 Palmar de Varela, Atlántico","Se vende Apartamento de 1 habitaciones, con un área de 230.22 m², ubicada en el barrio Sabaneta, estrato 2. Ideal para familias o inversión.",2026-08-27 21:45:47.800694,2027-06-04 21:45:47.800694,16,230.22,4,2,Sabaneta,Disponible,Apartamento,2026-08-27 21:45:47,
59c78237-3c91-4995-815d-a643bf5ccb58,674504506.25,"Dg. 39 # 3-69 Sur 541864 El Zulia, Norte de Santander","Se vende Apartamento de 1 habitaciones, con un área de 230.22 m², ubicada en el barrio Sabaneta, estrato 2. Ideal para familias o inversión.",2026-08-07 20:53:57.837703,2027-04-08 20:53:57.837703,16,230.22,5,2,Sabaneta,En construcción,Apartamento,2026-08-07 20:53:57,
424936cf-b804-4a87-b76d-dd311b536d98,476171400.28,"Carrera 21O # 83-3 Sur Oficina 630 704125 Morroa, Sucre","Se vende Apartamento de 1 habitaciones, con un área de 230.22 m², ubicada en el barrio Sabaneta, estrato 2. Ideal para familias o inversión.",2026-02-25 15:27:44.671562,2026-11-22 15:27:44.671562,16,230.22,1,2,Sabaneta,Disponible,Apartamento,2026-02-25 15:27:44,25/02/2026 15:27
f822ee38-8dd1-4da7-8cfc-69e9437ff586,575799307.26,"Calle 5ª # 98-6 Sur 258942 Beltrán, Cundinamarca","Se vende Apartamento de 1 habitaciones, con un área de 230.22 m², ubicada en el barrio Sabaneta, estrato 2. Ideal para familias o inversión.",2026-03-26 05:15:07.604492,2026-12-23 05:15:07.604492,16,230.22,3,dos,Sabaneta,Reservado,Apartamento,2026-03-26 05:15:07,26/03/2026 05:15
5f4d571b-910a-47ac-86a9-84fd289d12ec,995391888.83,"Cr. 184 # 87-4 Sur Torre 3 apartamento 51 051712 Ituango, Antioquia","Se vende Apartamento de 1 habitaciones, con un área de 230.22 m², ubicada en el barrio Sabaneta, estrato 2. Ideal para familias o inversión.",2025-09-25 09:48:24.424873,2026-05-17 09:48:24.424873,16,230.22,3,2,Sabaneta,Reservado,Apartamento,2025-09-25 09:48:24,25/09/2025 09:48
5ce162d1-f3a0-41f6-b878-85099aeba3bd,338681201.8,"Calle 42 # 9-5 Sur 050862 Arboletes, Antioquia","Se vende Apartamento de 1 habitaciones, con un área de 230.22 m², ubicada en el barrio Sabaneta, estrato 2. Ideal para familias o inversión.",2025-09-27 16:54:04.004855,2025-10-27 16:54:04.004855,16,230.22,2,2,Sabaneta,Reservado,Apartamento,2025-09-27 16:54:04,27/09/2025 16:54
0c03a943-bbbb-4854-a5cd-9ccfb1cc27d5,634069103.64,"Carrera 43 # 86-5 Apartamento 21 682321 Piedecuesta, Santander","Se vende Apartamento de 1 habitaciones, con un área de 230.22 m², ubicada en el barrio Sabaneta, estrato 2. Ideal para familias o inversión.!!! ",2025-05-29 06:51:27.230707,2025-06-28 06:51:27.230707,16,230.22,2,2,Sabaneta,En construcción,Apartamento,2025-05-29 06:51:27,29/05/2025 06:51
a9876fda-46a2-4c1e-84e6-2475bdf95f48,697624850.58,"Av. carrera 4ª # 4-2 Este Casa 5 154966 Guacamayas, Boyacá","Se vende Apartamento de 1 habitaciones, con un área de 230.22 m², ubicada en el barrio Sabaneta, estrato 2. Ideal para familias o inversión.",2025-12-23 22:02:37.702755,2026-03-21 22:02:37.702755,16,230.22,5,2,Sabaneta,Alquilado,Apartamento,2025-12-23 22:02:37,
0a7c521d-5a42-4ffc-8c8f-df0ab834d83e,366878711.67,"Av. Lorena Ruth Herrera # 3Y-38 Sur 156912 Paz de Río, Boyacá","Se vende Apartamento de 1 habitaciones, con un área de 230.22 m², ubicada en el barrio Sabaneta, estrato 2. Ideal para familias o inversión.",2026-05-16 09:29:01.859586,2026-06-16 09:29:01.859586,16,230.22,2,2,Sabaneta,Alquilado,Apartamento,2026-05-16 09:29:01,
cae356b5-5b02-417c-b0e0-51f9b1162493,288843413.98,"Calle 41 # 64-3 Este Local 4 053309 Sopetrán, Antioquia","Se vende Apartamento de 1 habitaciones, con un área de 230.22 m², ubicada en el barrio Sabaneta, estrato 2. Ideal para familias o inversión.",2026-04-06 11:36:21.729173,2027-01-31 11:36:21.729173,16,230.22,5,2,Sabaneta,Disponible,Apartamento,2026-04-06 11:36:21,06/04/2026 11:36
